<?xml version="1.0"?>
<!DOCTYPE pathway SYSTEM "http://www.kegg.jp/kegg/xml/KGML_v0.7.2_.dtd">
<!-- Creation date: Apr 17, 2017 13:47:23 +0900 (GMT+9) -->
<pathway name="path:hsa04723" org="hsa" number="04723"
         title="Retrograde endocannabinoid signaling"
         image="http://www.kegg.jp/kegg/pathway/hsa/hsa04723.png"
         link="http://www.kegg.jp/kegg-bin/show_pathway?hsa04723">
    <entry id="15" name="path:hsa04723" type="map"
        link="http://www.kegg.jp/dbget-bin/www_bget?hsa04723">
        <graphics name="TITLE:Retrograde endocannabinoid signaling" fgcolor="#000000" bgcolor="#FFFFFF"
             type="roundrectangle" x="219" y="58" width="358" height="25"/>
    </entry>
    <entry id="24" name="hsa:246213 hsa:57030 hsa:57084" type="gene"
        link="http://www.kegg.jp/dbget-bin/www_bget?hsa:246213+hsa:57030+hsa:57084">
        <graphics name="SLC17A8, DFNA25, VGLUT3..." fgcolor="#000000" bgcolor="#BFFFBF"
             type="rectangle" x="246" y="255" width="46" height="17"/>
    </entry>
    <entry id="25" name="hsa:2776" type="gene"
        link="http://www.kegg.jp/dbget-bin/www_bget?hsa:2776">
        <graphics name="GNAQ, CMC1, G-ALPHA-q, GAQ, SWS" fgcolor="#000000" bgcolor="#BFFFBF"
             type="rectangle" x="724" y="312" width="46" height="17"/>
    </entry>
    <entry id="26" name="hsa:23236 hsa:5330 hsa:5331 hsa:5332" type="gene"
        link="http://www.kegg.jp/dbget-bin/www_bget?hsa:23236+hsa:5330+hsa:5331+hsa:5332">
        <graphics name="PLCB1, EIEE12, PI-PLC, PLC-154, PLC-I, PLC-beta-1, PLC154, PLCB1A, PLCB1B..." fgcolor="#000000" bgcolor="#BFFFBF"
             type="rectangle" x="829" y="312" width="46" height="17"/>
    </entry>
    <entry id="28" name="cpd:C01245" type="compound"
        link="http://www.kegg.jp/dbget-bin/www_bget?C01245">
        <graphics name="C01245" fgcolor="#000000" bgcolor="#FFFFFF"
             type="circle" x="893" y="282" width="8" height="8"/>
    </entry>
    <entry id="29" name="cpd:C00165" type="compound"
        link="http://www.kegg.jp/dbget-bin/www_bget?C00165">
        <graphics name="C00165" fgcolor="#000000" bgcolor="#FFFFFF"
             type="circle" x="875" y="438" width="8" height="8"/>
    </entry>
    <entry id="32" name="hsa:3708 hsa:3709 hsa:3710" type="gene"
        link="http://www.kegg.jp/dbget-bin/www_bget?hsa:3708+hsa:3709+hsa:3710">
        <graphics name="ITPR1, ACV, CLA4, INSP3R1, IP3R, IP3R1, PPP1R94, SCA15, SCA16, SCA29..." fgcolor="#000000" bgcolor="#BFFFBF"
             type="rectangle" x="941" y="257" width="46" height="17"/>
    </entry>
    <entry id="34" name="cpd:C00076" type="compound"
        link="http://www.kegg.jp/dbget-bin/www_bget?C00076">
        <graphics name="C00076" fgcolor="#000000" bgcolor="#FFFFFF"
             type="circle" x="984" y="254" width="8" height="8"/>
    </entry>
    <entry id="35" name="hsa:5578 hsa:5579 hsa:5582" type="gene"
        link="http://www.kegg.jp/dbget-bin/www_bget?hsa:5578+hsa:5579+hsa:5582">
        <graphics name="PRKCA, AAG6, PKC-alpha, PKCA, PKCI+/-, PKCalpha, PRKACA..." fgcolor="#000000" bgcolor="#BFFFBF"
             type="rectangle" x="943" y="438" width="46" height="17"/>
    </entry>
    <entry id="42" name="hsa:773 hsa:774" type="gene"
        link="http://www.kegg.jp/dbget-bin/www_bget?hsa:773+hsa:774">
        <graphics name="CACNA1A, APCA, BI, CACNL1A4, CAV2.1, EA2, EIEE42, FHM, HPCA, MHP, MHP1, SCA6..." fgcolor="#000000" bgcolor="#BFFFBF"
             type="rectangle" x="529" y="341" width="46" height="17"/>
    </entry>
    <entry id="43" name="cpd:C00076" type="compound"
        link="http://www.kegg.jp/dbget-bin/www_bget?C00076">
        <graphics name="C00076" fgcolor="#000000" bgcolor="#FFFFFF"
             type="circle" x="573" y="340" width="8" height="8"/>
    </entry>
    <entry id="67" name="hsa:775 hsa:776 hsa:778 hsa:779" type="gene"
        link="http://www.kegg.jp/dbget-bin/www_bget?hsa:775+hsa:776+hsa:778+hsa:779">
        <graphics name="CACNA1C, CACH2, CACN2, CACNL1A1, CCHL1A1, CaV1.2, LQT8, TS, TS._LQT8..." fgcolor="#000000" bgcolor="#BFFFBF"
             type="rectangle" x="641" y="172" width="46" height="17"/>
    </entry>
    <entry id="68" name="hsa:5743" type="gene"
        link="http://www.kegg.jp/dbget-bin/www_bget?hsa:5743">
        <graphics name="PTGS2, COX-2, COX2, GRIPGHS, PGG/HS, PGHS-2, PHS-2, hCox-2" fgcolor="#000000" bgcolor="#BFFFBF"
             type="rectangle" x="865" y="473" width="46" height="17"/>
    </entry>
    <entry id="69" name="path:hsa04721" type="map"
        link="http://www.kegg.jp/dbget-bin/www_bget?hsa04721">
        <graphics name="Synaptic vesicle cycle" fgcolor="#000000" bgcolor="#FFFFFF"
             type="roundrectangle" x="377" y="252" width="106" height="34"/>
    </entry>
    <entry id="70" name="path:hsa04020" type="map"
        link="http://www.kegg.jp/dbget-bin/www_bget?hsa04020">
        <graphics name="Calcium signaling pathway" fgcolor="#000000" bgcolor="#FFFFFF"
             type="roundrectangle" x="991" y="202" width="106" height="34"/>
    </entry>
    <entry id="75" name="hsa:200959 hsa:2554 hsa:2555 hsa:2556 hsa:2557 hsa:2558 hsa:2559 hsa:2560 hsa:2561 hsa:2562 hsa:2563 hsa:2564 hsa:2565 hsa:2566 hsa:2567 hsa:2568 hsa:2569 hsa:2570 hsa:55879" type="gene"
        link="http://www.kegg.jp/dbget-bin/www_bget?hsa:200959+hsa:2554+hsa:2555+hsa:2556+hsa:2557+hsa:2558+hsa:2559+hsa:2560+hsa:2561+hsa:2562+hsa:2563+hsa:2564+hsa:2565+hsa:2566+hsa:2567+hsa:2568+hsa:2569+hsa:2570+hsa:55879">
        <graphics name="GABRR3..." fgcolor="#000000" bgcolor="#BFFFBF"
             type="rectangle" x="900" y="947" width="46" height="17"/>
    </entry>
    <entry id="76" name="cpd:C00076" type="compound"
        link="http://www.kegg.jp/dbget-bin/www_bget?C00076">
        <graphics name="C00076" fgcolor="#000000" bgcolor="#FFFFFF"
             type="circle" x="600" y="171" width="8" height="8"/>
    </entry>
    <entry id="111" name="path:hsa04721" type="map"
        link="http://www.kegg.jp/dbget-bin/www_bget?hsa04721">
        <graphics name="Synaptic vesicle cycle" fgcolor="#000000" bgcolor="#FFFFFF"
             type="roundrectangle" x="646" y="979" width="106" height="34"/>
    </entry>
    <entry id="116" name="hsa:1268" type="gene"
        link="http://www.kegg.jp/dbget-bin/www_bget?hsa:1268">
        <graphics name="CNR1, CANN6, CB-R, CB1, CB1A, CB1K5, CB1R, CNR" fgcolor="#000000" bgcolor="#BFFFBF"
             type="rectangle" x="467" y="587" width="46" height="17"/>
    </entry>
    <entry id="117" name="hsa:1268" type="gene"
        link="http://www.kegg.jp/dbget-bin/www_bget?hsa:1268">
        <graphics name="CNR1, CANN6, CB-R, CB1, CB1A, CB1K5, CB1R, CNR" fgcolor="#000000" bgcolor="#BFFFBF"
             type="rectangle" x="650" y="678" width="46" height="17"/>
    </entry>
    <entry id="118" name="hsa:773 hsa:774" type="gene"
        link="http://www.kegg.jp/dbget-bin/www_bget?hsa:773+hsa:774">
        <graphics name="CACNA1A, APCA, BI, CACNL1A4, CAV2.1, EA2, EIEE42, FHM, HPCA, MHP, MHP1, SCA6..." fgcolor="#000000" bgcolor="#BFFFBF"
             type="rectangle" x="788" y="815" width="46" height="17"/>
    </entry>
    <entry id="119" name="cpd:C00076" type="compound"
        link="http://www.kegg.jp/dbget-bin/www_bget?C00076">
        <graphics name="C00076" fgcolor="#000000" bgcolor="#FFFFFF"
             type="circle" x="829" y="813" width="8" height="8"/>
    </entry>
    <entry id="120" name="hsa:10681 hsa:2770 hsa:2771 hsa:2773 hsa:2775 hsa:2782 hsa:2783 hsa:2784 hsa:2785 hsa:2786 hsa:2787 hsa:2788 hsa:2790 hsa:2791 hsa:2792 hsa:2793 hsa:51764 hsa:54331 hsa:55970 hsa:59345 hsa:94235" type="gene"
        link="http://www.kegg.jp/dbget-bin/www_bget?hsa:10681+hsa:2770+hsa:2771+hsa:2773+hsa:2775+hsa:2782+hsa:2783+hsa:2784+hsa:2785+hsa:2786+hsa:2787+hsa:2788+hsa:2790+hsa:2791+hsa:2792+hsa:2793+hsa:51764+hsa:54331+hsa:55970+hsa:59345+hsa:94235">
        <graphics name="GNB5, GB5, IDDCA, LADCI..." fgcolor="#000000" bgcolor="#BFFFBF"
             type="rectangle" x="468" y="533" width="46" height="17"/>
    </entry>
    <entry id="121" name="hsa:10681 hsa:2770 hsa:2771 hsa:2773 hsa:2775 hsa:2782 hsa:2783 hsa:2784 hsa:2785 hsa:2786 hsa:2787 hsa:2788 hsa:2790 hsa:2791 hsa:2792 hsa:2793 hsa:51764 hsa:54331 hsa:55970 hsa:59345 hsa:94235" type="gene"
        link="http://www.kegg.jp/dbget-bin/www_bget?hsa:10681+hsa:2770+hsa:2771+hsa:2773+hsa:2775+hsa:2782+hsa:2783+hsa:2784+hsa:2785+hsa:2786+hsa:2787+hsa:2788+hsa:2790+hsa:2791+hsa:2792+hsa:2793+hsa:51764+hsa:54331+hsa:55970+hsa:59345+hsa:94235">
        <graphics name="GNB5, GB5, IDDCA, LADCI..." fgcolor="#000000" bgcolor="#BFFFBF"
             type="rectangle" x="650" y="727" width="46" height="17"/>
    </entry>
    <entry id="128" name="hsa:2911 hsa:2915" type="gene"
        link="http://www.kegg.jp/dbget-bin/www_bget?hsa:2911+hsa:2915">
        <graphics name="GRM1, GPRC1A, MGLU1, MGLUR1, PPP1R85, SCA44, SCAR13..." fgcolor="#000000" bgcolor="#BFFFBF"
             type="rectangle" x="641" y="312" width="46" height="17"/>
    </entry>
    <entry id="130" name="cpd:C13856" type="compound"
        link="http://www.kegg.jp/dbget-bin/www_bget?C13856">
        <graphics name="C13856" fgcolor="#000000" bgcolor="#FFFFFF"
             type="circle" x="449" y="623" width="8" height="8"/>
    </entry>
    <entry id="131" name="cpd:C13856" type="compound"
        link="http://www.kegg.jp/dbget-bin/www_bget?C13856">
        <graphics name="C13856" fgcolor="#000000" bgcolor="#FFFFFF"
             type="circle" x="677" y="624" width="8" height="8"/>
    </entry>
    <entry id="134" name="hsa:221955 hsa:747" type="gene"
        link="http://www.kegg.jp/dbget-bin/www_bget?hsa:221955+hsa:747">
        <graphics name="DAGLB, DAGLBETA, KCCR13L..." fgcolor="#000000" bgcolor="#BFFFBF"
             type="rectangle" x="804" y="451" width="46" height="17"/>
    </entry>
    <entry id="136" name="cpd:C13856" type="compound"
        link="http://www.kegg.jp/dbget-bin/www_bget?C13856">
        <graphics name="C13856" fgcolor="#000000" bgcolor="#FFFFFF"
             type="circle" x="738" y="438" width="8" height="8"/>
    </entry>
    <entry id="139" name="hsa:11343" type="gene"
        link="http://www.kegg.jp/dbget-bin/www_bget?hsa:11343">
        <graphics name="MGLL, HU-K5, HUK5, MAGL, MGL" fgcolor="#000000" bgcolor="#BFFFBF"
             type="rectangle" x="393" y="534" width="46" height="17"/>
    </entry>
    <entry id="141" name="path:hsa04724" type="map"
        link="http://www.kegg.jp/dbget-bin/www_bget?hsa04724">
        <graphics name="Glutamatergic synapse" fgcolor="#000000" bgcolor="#FFFFFF"
             type="roundrectangle" x="139" y="410" width="106" height="34"/>
    </entry>
    <entry id="142" name="path:hsa04727" type="map"
        link="http://www.kegg.jp/dbget-bin/www_bget?hsa04727">
        <graphics name="GABAergic synapse" fgcolor="#000000" bgcolor="#FFFFFF"
             type="roundrectangle" x="157" y="981" width="106" height="34"/>
    </entry>
    <entry id="144" name="cpd:C00025" type="compound"
        link="http://www.kegg.jp/dbget-bin/www_bget?C00025">
        <graphics name="C00025" fgcolor="#000000" bgcolor="#FFFFFF"
             type="circle" x="522" y="254" width="8" height="8"/>
    </entry>
    <entry id="145" name="cpd:C00334" type="compound"
        link="http://www.kegg.jp/dbget-bin/www_bget?C00334">
        <graphics name="C00334" fgcolor="#000000" bgcolor="#FFFFFF"
             type="circle" x="756" y="995" width="8" height="8"/>
    </entry>
    <entry id="148" name="cpd:C00689" type="compound"
        link="http://www.kegg.jp/dbget-bin/www_bget?C00689">
        <graphics name="C00689" fgcolor="#000000" bgcolor="#FFFFFF"
             type="circle" x="848" y="946" width="8" height="8"/>
    </entry>
    <entry id="152" name="hsa:57406" type="gene"
        link="http://www.kegg.jp/dbget-bin/www_bget?hsa:57406">
        <graphics name="ABHD6" fgcolor="#000000" bgcolor="#BFFFBF"
             type="rectangle" x="705" y="468" width="46" height="17"/>
    </entry>
    <entry id="156" name="cpd:C00025" type="compound"
        link="http://www.kegg.jp/dbget-bin/www_bget?C00025">
        <graphics name="C00025" fgcolor="#000000" bgcolor="#FFFFFF"
             type="circle" x="378" y="311" width="8" height="8"/>
    </entry>
    <entry id="157" name="cpd:C00334" type="compound"
        link="http://www.kegg.jp/dbget-bin/www_bget?C00334">
        <graphics name="C00334" fgcolor="#000000" bgcolor="#FFFFFF"
             type="circle" x="631" y="908" width="8" height="8"/>
    </entry>
    <entry id="158" name="hsa:140679" type="gene"
        link="http://www.kegg.jp/dbget-bin/www_bget?hsa:140679">
        <graphics name="SLC32A1, VGAT, VIAAT" fgcolor="#000000" bgcolor="#BFFFBF"
             type="rectangle" x="494" y="991" width="46" height="17"/>
    </entry>
    <entry id="161" name="hsa:2890 hsa:2891 hsa:2892 hsa:2893" type="gene"
        link="http://www.kegg.jp/dbget-bin/www_bget?hsa:2890+hsa:2891+hsa:2892+hsa:2893">
        <graphics name="GRIA1, GLUH1, GLUR1, GLURA, GluA1, HBGR1..." fgcolor="#000000" bgcolor="#BFFFBF"
             type="rectangle" x="641" y="238" width="46" height="17"/>
    </entry>
    <entry id="163" name="cpd:C01330" type="compound"
        link="http://www.kegg.jp/dbget-bin/www_bget?C01330">
        <graphics name="C01330" fgcolor="#000000" bgcolor="#FFFFFF"
             type="circle" x="603" y="236" width="8" height="8"/>
    </entry>
    <entry id="165" name="hsa:3760 hsa:3762 hsa:3763 hsa:3765" type="gene"
        link="http://www.kegg.jp/dbget-bin/www_bget?hsa:3760+hsa:3762+hsa:3763+hsa:3765">
        <graphics name="KCNJ3, GIRK1, KGA, KIR3.1..." fgcolor="#000000" bgcolor="#BFFFBF"
             type="rectangle" x="528" y="473" width="46" height="17"/>
    </entry>
    <entry id="168" name="cpd:C00427" type="compound"
        link="http://www.kegg.jp/dbget-bin/www_bget?C00427">
        <graphics name="C00427" fgcolor="#000000" bgcolor="#FFFFFF"
             type="circle" x="918" y="485" width="8" height="8"/>
    </entry>
    <entry id="170" name="cpd:C00219" type="compound"
        link="http://www.kegg.jp/dbget-bin/www_bget?C00219">
        <graphics name="C00219" fgcolor="#000000" bgcolor="#FFFFFF"
             type="circle" x="348" y="498" width="8" height="8"/>
    </entry>
    <entry id="171" name="cpd:C00116" type="compound"
        link="http://www.kegg.jp/dbget-bin/www_bget?C00116">
        <graphics name="C00116" fgcolor="#000000" bgcolor="#FFFFFF"
             type="circle" x="383" y="497" width="8" height="8"/>
    </entry>
    <entry id="174" name="hsa:107 hsa:108 hsa:109 hsa:111 hsa:112 hsa:113 hsa:114 hsa:115 hsa:196883" type="gene"
        link="http://www.kegg.jp/dbget-bin/www_bget?hsa:107+hsa:108+hsa:109+hsa:111+hsa:112+hsa:113+hsa:114+hsa:115+hsa:196883">
        <graphics name="ADCY1, AC1, DFNB44..." fgcolor="#000000" bgcolor="#BFFFBF"
             type="rectangle" x="390" y="462" width="46" height="17"/>
    </entry>
    <entry id="176" name="hsa:5566 hsa:5567 hsa:5568" type="gene"
        link="http://www.kegg.jp/dbget-bin/www_bget?hsa:5566+hsa:5567+hsa:5568">
        <graphics name="PRKACA, PKACA, PPNAD4..." fgcolor="#000000" bgcolor="#BFFFBF"
             type="rectangle" x="280" y="463" width="46" height="17"/>
    </entry>
    <entry id="178" name="cpd:C00219" type="compound"
        link="http://www.kegg.jp/dbget-bin/www_bget?C00219">
        <graphics name="C00219" fgcolor="#000000" bgcolor="#FFFFFF"
             type="circle" x="713" y="510" width="8" height="8"/>
    </entry>
    <entry id="179" name="cpd:C00116" type="compound"
        link="http://www.kegg.jp/dbget-bin/www_bget?C00116">
        <graphics name="C00116" fgcolor="#000000" bgcolor="#FFFFFF"
             type="circle" x="753" y="510" width="8" height="8"/>
    </entry>
    <entry id="180" name="hsa:3760 hsa:3762 hsa:3763 hsa:3765" type="gene"
        link="http://www.kegg.jp/dbget-bin/www_bget?hsa:3760+hsa:3762+hsa:3763+hsa:3765">
        <graphics name="KCNJ3, GIRK1, KGA, KIR3.1..." fgcolor="#000000" bgcolor="#BFFFBF"
             type="rectangle" x="788" y="769" width="46" height="17"/>
    </entry>
    <entry id="182" name="cpd:C11695" type="compound"
        link="http://www.kegg.jp/dbget-bin/www_bget?C11695">
        <graphics name="C11695" fgcolor="#000000" bgcolor="#FFFFFF"
             type="circle" x="604" y="534" width="8" height="8"/>
    </entry>
    <entry id="184" name="hsa:2166" type="gene"
        link="http://www.kegg.jp/dbget-bin/www_bget?hsa:2166">
        <graphics name="FAAH, FAAH-1, PSAB" fgcolor="#000000" bgcolor="#BFFFBF"
             type="rectangle" x="716" y="550" width="46" height="17"/>
    </entry>
    <entry id="186" name="cpd:C00219" type="compound"
        link="http://www.kegg.jp/dbget-bin/www_bget?C00219">
        <graphics name="C00219" fgcolor="#000000" bgcolor="#FFFFFF"
             type="circle" x="778" y="546" width="8" height="8"/>
    </entry>
    <entry id="187" name="cpd:C00189" type="compound"
        link="http://www.kegg.jp/dbget-bin/www_bget?C00189">
        <graphics name="C00189" fgcolor="#000000" bgcolor="#FFFFFF"
             type="circle" x="780" y="517" width="8" height="8"/>
    </entry>
    <entry id="189" name="hsa:222236" type="gene"
        link="http://www.kegg.jp/dbget-bin/www_bget?hsa:222236">
        <graphics name="NAPEPLD, C7orf18, FMP30, NAPE-PLD" fgcolor="#000000" bgcolor="#BFFFBF"
             type="rectangle" x="721" y="352" width="46" height="17"/>
    </entry>
    <entry id="190" name="cpd:C19912" type="compound"
        link="http://www.kegg.jp/dbget-bin/www_bget?C19912">
        <graphics name="C19912" fgcolor="#000000" bgcolor="#FFFFFF"
             type="circle" x="754" y="367" width="8" height="8"/>
    </entry>
    <entry id="191" name="cpd:C11695" type="compound"
        link="http://www.kegg.jp/dbget-bin/www_bget?C11695">
        <graphics name="C11695" fgcolor="#000000" bgcolor="#FFFFFF"
             type="circle" x="677" y="366" width="8" height="8"/>
    </entry>
    <entry id="193" name="cpd:C11695" type="compound"
        link="http://www.kegg.jp/dbget-bin/www_bget?C11695">
        <graphics name="C11695" fgcolor="#000000" bgcolor="#FFFFFF"
             type="circle" x="494" y="646" width="8" height="8"/>
    </entry>
    <entry id="198" name="cpd:C00157" type="compound"
        link="http://www.kegg.jp/dbget-bin/www_bget?C00157">
        <graphics name="C00157" fgcolor="#000000" bgcolor="#FFFFFF"
             type="circle" x="828" y="361" width="8" height="8"/>
    </entry>
    <entry id="199" name="cpd:C00350" type="compound"
        link="http://www.kegg.jp/dbget-bin/www_bget?C00350">
        <graphics name="C00350" fgcolor="#000000" bgcolor="#FFFFFF"
             type="circle" x="828" y="374" width="8" height="8"/>
    </entry>
    <entry id="201" name="cpd:C11695" type="compound"
        link="http://www.kegg.jp/dbget-bin/www_bget?C11695">
        <graphics name="C11695" fgcolor="#000000" bgcolor="#FFFFFF"
             type="circle" x="634" y="646" width="8" height="8"/>
    </entry>
    <entry id="203" name="cpd:C00238" type="compound"
        link="http://www.kegg.jp/dbget-bin/www_bget?C00238">
        <graphics name="C00238" fgcolor="#000000" bgcolor="#FFFFFF"
             type="circle" x="490" y="472" width="8" height="8"/>
    </entry>
    <entry id="204" name="cpd:C00238" type="compound"
        link="http://www.kegg.jp/dbget-bin/www_bget?C00238">
        <graphics name="C00238" fgcolor="#000000" bgcolor="#FFFFFF"
             type="circle" x="751" y="770" width="8" height="8"/>
    </entry>
    <entry id="205" name="cpd:C00575" type="compound"
        link="http://www.kegg.jp/dbget-bin/www_bget?C00575">
        <graphics name="C00575" fgcolor="#000000" bgcolor="#FFFFFF"
             type="circle" x="335" y="462" width="8" height="8"/>
    </entry>
    <entry id="207" name="hsa:107 hsa:108 hsa:109 hsa:111 hsa:112 hsa:113 hsa:114 hsa:115 hsa:196883" type="gene"
        link="http://www.kegg.jp/dbget-bin/www_bget?hsa:107+hsa:108+hsa:109+hsa:111+hsa:112+hsa:113+hsa:114+hsa:115+hsa:196883">
        <graphics name="ADCY1, AC1, DFNB44..." fgcolor="#000000" bgcolor="#BFFFBF"
             type="rectangle" x="525" y="816" width="46" height="17"/>
    </entry>
    <entry id="213" name="cpd:C00575" type="compound"
        link="http://www.kegg.jp/dbget-bin/www_bget?C00575">
        <graphics name="C00575" fgcolor="#000000" bgcolor="#FFFFFF"
             type="circle" x="581" y="816" width="8" height="8"/>
    </entry>
    <entry id="215" name="hsa:5566 hsa:5567 hsa:5568" type="gene"
        link="http://www.kegg.jp/dbget-bin/www_bget?hsa:5566+hsa:5567+hsa:5568">
        <graphics name="PRKACA, PKACA, PPNAD4..." fgcolor="#000000" bgcolor="#BFFFBF"
             type="rectangle" x="637" y="816" width="46" height="17"/>
    </entry>
    <entry id="216" name="hsa:1432 hsa:5594 hsa:5595 hsa:5599 hsa:5600 hsa:5601 hsa:5602 hsa:5603 hsa:6300" type="gene"
        link="http://www.kegg.jp/dbget-bin/www_bget?hsa:1432+hsa:5594+hsa:5595+hsa:5599+hsa:5600+hsa:5601+hsa:5602+hsa:5603+hsa:6300">
        <graphics name="MAPK14, CSBP, CSBP1, CSBP2, CSPB1, EXIP, Mxi2, PRKM14, PRKM15, RK, SAPK2A, p38, p38ALPHA..." fgcolor="#000000" bgcolor="#BFFFBF"
             type="rectangle" x="625" y="779" width="46" height="17"/>
    </entry>
    <entry id="219" name="cpd:C00025" type="compound"
        link="http://www.kegg.jp/dbget-bin/www_bget?C00025">
        <graphics name="C00025" fgcolor="#000000" bgcolor="#FFFFFF"
             type="circle" x="206" y="254" width="8" height="8"/>
    </entry>
    <entry id="220" name="cpd:C00334" type="compound"
        link="http://www.kegg.jp/dbget-bin/www_bget?C00334">
        <graphics name="C00334" fgcolor="#000000" bgcolor="#FFFFFF"
             type="circle" x="447" y="990" width="8" height="8"/>
    </entry>
    <entry id="223" name="cpd:C19913" type="compound"
        link="http://www.kegg.jp/dbget-bin/www_bget?C19913">
        <graphics name="C19913" fgcolor="#000000" bgcolor="#FFFFFF"
             type="circle" x="716" y="399" width="8" height="8"/>
    </entry>
    <entry id="227" name="hsa:22999" type="gene"
        link="http://www.kegg.jp/dbget-bin/www_bget?hsa:22999">
        <graphics name="RIMS1, CORD7, RAB3IP2, RIM, RIM1" fgcolor="#000000" bgcolor="#BFFFBF"
             type="rectangle" x="751" y="952" width="46" height="17"/>
    </entry>
    <entry id="230" name="hsa:1432 hsa:5594 hsa:5595 hsa:5599 hsa:5600 hsa:5601 hsa:5602 hsa:5603 hsa:6300" type="gene"
        link="http://www.kegg.jp/dbget-bin/www_bget?hsa:1432+hsa:5594+hsa:5595+hsa:5599+hsa:5600+hsa:5601+hsa:5602+hsa:5603+hsa:6300">
        <graphics name="MAPK14, CSBP, CSBP1, CSBP2, CSPB1, EXIP, Mxi2, PRKM14, PRKM15, RK, SAPK2A, p38, p38ALPHA..." fgcolor="#000000" bgcolor="#BFFFBF"
             type="rectangle" x="453" y="429" width="46" height="17"/>
    </entry>
    <entry id="238" name="hsa:100532726 hsa:126328 hsa:374291 hsa:4535 hsa:4536 hsa:4537 hsa:4538 hsa:4539 hsa:4540 hsa:4541 hsa:4694 hsa:4695 hsa:4696 hsa:4697 hsa:4698 hsa:4700 hsa:4701 hsa:4702 hsa:4704 hsa:4705 hsa:4706 hsa:4707 hsa:4708 hsa:4709 hsa:4710 hsa:4711 hsa:4712 hsa:4713 hsa:4714 hsa:4715 hsa:4716 hsa:4717 hsa:4718 hsa:4719 hsa:4720 hsa:4722 hsa:4723 hsa:4724 hsa:4725 hsa:4726 hsa:4728 hsa:4729 hsa:4731 hsa:51079 hsa:54539 hsa:55967 hsa:56901" type="gene"
        link="http://www.kegg.jp/dbget-bin/www_bget?hsa:100532726+hsa:126328+hsa:374291+hsa:4535+hsa:4536+hsa:4537+hsa:4538+hsa:4539+hsa:4540+hsa:4541+hsa:4694+hsa:4695+hsa:4696+hsa:4697+hsa:4698+hsa:4700+hsa:4701+hsa:4702+hsa:4704+hsa:4705+hsa:4706+hsa:4707+hsa:4708+hsa:4709+hsa:4710+hsa:4711+hsa:4712+hsa:4713+hsa:4714+hsa:4715+hsa:4716+hsa:4717+hsa:4718+hsa:4719+hsa:4720+hsa:4722+hsa:4723+hsa:4724+hsa:4725+hsa:4726+hsa:4728+hsa:4729+hsa:4731+hsa:51079+hsa:54539+hsa:55967+hsa:56901">
        <graphics name="NDUFC2-KCTD14..." fgcolor="#000000" bgcolor="#BFFFBF"
             type="rectangle" x="388" y="951" width="46" height="17"/>
    </entry>
    <entry id="239" name="hsa:10681 hsa:2770 hsa:2771 hsa:2773 hsa:2775 hsa:2782 hsa:2783 hsa:2784 hsa:2785 hsa:2786 hsa:2787 hsa:2788 hsa:2790 hsa:2791 hsa:2792 hsa:2793 hsa:51764 hsa:54331 hsa:55970 hsa:59345 hsa:94235" type="gene"
        link="http://www.kegg.jp/dbget-bin/www_bget?hsa:10681+hsa:2770+hsa:2771+hsa:2773+hsa:2775+hsa:2782+hsa:2783+hsa:2784+hsa:2785+hsa:2786+hsa:2787+hsa:2788+hsa:2790+hsa:2791+hsa:2792+hsa:2793+hsa:51764+hsa:54331+hsa:55970+hsa:59345+hsa:94235">
        <graphics name="GNB5, GB5, IDDCA, LADCI..." fgcolor="#000000" bgcolor="#BFFFBF"
             type="rectangle" x="388" y="868" width="46" height="17"/>
    </entry>
    <entry id="240" name="hsa:1268" type="gene"
        link="http://www.kegg.jp/dbget-bin/www_bget?hsa:1268">
        <graphics name="CNR1, CANN6, CB-R, CB1, CB1A, CB1K5, CB1R, CNR" fgcolor="#000000" bgcolor="#BFFFBF"
             type="rectangle" x="402" y="851" width="46" height="17"/>
    </entry>
    <entry id="241" name="cpd:C11695" type="compound"
        link="http://www.kegg.jp/dbget-bin/www_bget?C11695">
        <graphics name="C11695" fgcolor="#000000" bgcolor="#FFFFFF"
             type="circle" x="419" y="816" width="8" height="8"/>
    </entry>
    <entry id="242" name="cpd:C13856" type="compound"
        link="http://www.kegg.jp/dbget-bin/www_bget?C13856">
        <graphics name="C13856" fgcolor="#000000" bgcolor="#FFFFFF"
             type="circle" x="389" y="814" width="8" height="8"/>
    </entry>
    <entry id="245" name="hsa:107 hsa:108 hsa:109 hsa:111 hsa:112 hsa:113 hsa:114 hsa:115 hsa:196883" type="gene"
        link="http://www.kegg.jp/dbget-bin/www_bget?hsa:107+hsa:108+hsa:109+hsa:111+hsa:112+hsa:113+hsa:114+hsa:115+hsa:196883">
        <graphics name="ADCY1, AC1, DFNB44..." fgcolor="#000000" bgcolor="#BFFFBF"
             type="rectangle" x="348" y="894" width="46" height="17"/>
    </entry>
    <entry id="246" name="hsa:5566 hsa:5567 hsa:5568" type="gene"
        link="http://www.kegg.jp/dbget-bin/www_bget?hsa:5566+hsa:5567+hsa:5568">
        <graphics name="PRKACA, PKACA, PPNAD4..." fgcolor="#000000" bgcolor="#BFFFBF"
             type="rectangle" x="323" y="939" width="46" height="17"/>
    </entry>
    <entry id="247" name="cpd:C00575" type="compound"
        link="http://www.kegg.jp/dbget-bin/www_bget?C00575">
        <graphics name="C00575" fgcolor="#000000" bgcolor="#FFFFFF"
             type="circle" x="301" y="913" width="8" height="8"/>
    </entry>
    <entry id="258" name="hsa:10681 hsa:2770 hsa:2771 hsa:2773 hsa:2775 hsa:2782 hsa:2783 hsa:2784 hsa:2785 hsa:2786 hsa:2787 hsa:2788 hsa:2790 hsa:2791 hsa:2792 hsa:2793 hsa:51764 hsa:54331 hsa:55970 hsa:59345 hsa:94235" type="gene"
        link="http://www.kegg.jp/dbget-bin/www_bget?hsa:10681+hsa:2770+hsa:2771+hsa:2773+hsa:2775+hsa:2782+hsa:2783+hsa:2784+hsa:2785+hsa:2786+hsa:2787+hsa:2788+hsa:2790+hsa:2791+hsa:2792+hsa:2793+hsa:51764+hsa:54331+hsa:55970+hsa:59345+hsa:94235">
        <graphics name="GNB5, GB5, IDDCA, LADCI..." fgcolor="#000000" bgcolor="#BFFFBF"
             type="rectangle" x="1" y="1" width="1" height="1"/>
    </entry>
    <entry id="259" name="hsa:1268" type="gene"
        link="http://www.kegg.jp/dbget-bin/www_bget?hsa:1268">
        <graphics name="CNR1, CANN6, CB-R, CB1, CB1A, CB1K5, CB1R, CNR" fgcolor="#000000" bgcolor="#BFFFBF"
             type="rectangle" x="1" y="1" width="1" height="1"/>
    </entry>
    <entry id="260" name="cpd:C11695" type="compound"
        link="http://www.kegg.jp/dbget-bin/www_bget?C11695">
        <graphics name="C11695" fgcolor="#000000" bgcolor="none"
             type="circle" x="0" y="0" width="0" height="0"/>
    </entry>
    <entry id="261" name="cpd:C13856" type="compound"
        link="http://www.kegg.jp/dbget-bin/www_bget?C13856">
        <graphics name="C13856" fgcolor="#000000" bgcolor="none"
             type="circle" x="0" y="0" width="0" height="0"/>
    </entry>
    <entry id="264" name="hsa:107 hsa:108 hsa:109 hsa:111 hsa:112 hsa:113 hsa:114 hsa:115 hsa:196883" type="gene"
        link="http://www.kegg.jp/dbget-bin/www_bget?hsa:107+hsa:108+hsa:109+hsa:111+hsa:112+hsa:113+hsa:114+hsa:115+hsa:196883">
        <graphics name="ADCY1, AC1, DFNB44..." fgcolor="#000000" bgcolor="#BFFFBF"
             type="rectangle" x="1" y="1" width="1" height="1"/>
    </entry>
    <entry id="265" name="hsa:5566 hsa:5567 hsa:5568" type="gene"
        link="http://www.kegg.jp/dbget-bin/www_bget?hsa:5566+hsa:5567+hsa:5568">
        <graphics name="PRKACA, PKACA, PPNAD4..." fgcolor="#000000" bgcolor="#BFFFBF"
             type="rectangle" x="1" y="1" width="1" height="1"/>
    </entry>
    <entry id="266" name="cpd:C00575" type="compound"
        link="http://www.kegg.jp/dbget-bin/www_bget?C00575">
        <graphics name="C00575" fgcolor="#000000" bgcolor="none"
             type="circle" x="0" y="0" width="0" height="0"/>
    </entry>
    <entry id="275" name="hsa:1268" type="gene"
        link="http://www.kegg.jp/dbget-bin/www_bget?hsa:1268">
        <graphics name="CNR1, CANN6, CB-R, CB1, CB1A, CB1K5, CB1R, CNR" fgcolor="#000000" bgcolor="#BFFFBF"
             type="rectangle" x="345" y="355" width="46" height="17"/>
    </entry>
    <entry id="276" name="cpd:C11695" type="compound"
        link="http://www.kegg.jp/dbget-bin/www_bget?C11695">
        <graphics name="C11695" fgcolor="#000000" bgcolor="#FFFFFF"
             type="circle" x="404" y="357" width="8" height="8"/>
    </entry>
    <entry id="277" name="cpd:C13856" type="compound"
        link="http://www.kegg.jp/dbget-bin/www_bget?C13856">
        <graphics name="C13856" fgcolor="#000000" bgcolor="#FFFFFF"
             type="circle" x="385" y="374" width="8" height="8"/>
    </entry>
    <entry id="284" name="path:hsa00190" type="map"
        link="http://www.kegg.jp/dbget-bin/www_bget?hsa00190">
        <graphics name="Oxidative phosphorylation" fgcolor="#000000" bgcolor="#FFFFFF"
             type="roundrectangle" x="363" y="993" width="106" height="34"/>
    </entry>
    <relation entry1="25" entry2="26" type="PPrel">
        <subtype name="activation" value="--&gt;"/>
    </relation>
    <relation entry1="28" entry2="32" type="PCrel">
        <subtype name="activation" value="--&gt;"/>
    </relation>
    <relation entry1="34" entry2="35" type="PCrel">
        <subtype name="activation" value="--&gt;"/>
    </relation>
    <relation entry1="29" entry2="35" type="PCrel">
        <subtype name="activation" value="--&gt;"/>
    </relation>
    <relation entry1="144" entry2="161" type="PCrel">
        <subtype name="activation" value="--&gt;"/>
    </relation>
    <relation entry1="144" entry2="128" type="PCrel">
        <subtype name="activation" value="--&gt;"/>
    </relation>
    <relation entry1="128" entry2="25" type="PPrel">
        <subtype name="activation" value="--&gt;"/>
    </relation>
    <relation entry1="26" entry2="29" type="PCrel">
        <subtype name="activation" value="--&gt;"/>
    </relation>
    <relation entry1="130" entry2="116" type="PCrel">
        <subtype name="activation" value="--&gt;"/>
    </relation>
    <relation entry1="193" entry2="116" type="PCrel">
        <subtype name="activation" value="--&gt;"/>
    </relation>
    <relation entry1="116" entry2="120" type="PPrel">
        <subtype name="activation" value="--&gt;"/>
    </relation>
    <relation entry1="120" entry2="165" type="PPrel">
        <subtype name="activation" value="--&gt;"/>
    </relation>
    <relation entry1="120" entry2="230" type="PPrel">
        <subtype name="activation" value="--&gt;"/>
    </relation>
    <relation entry1="120" entry2="42" type="PPrel">
        <subtype name="inhibition" value="--|"/>
    </relation>
    <relation entry1="120" entry2="174" type="PPrel">
        <subtype name="inhibition" value="--|"/>
    </relation>
    <relation entry1="121" entry2="207" type="PPrel">
        <subtype name="inhibition" value="--|"/>
    </relation>
    <relation entry1="121" entry2="118" type="PPrel">
        <subtype name="inhibition" value="--|"/>
    </relation>
    <relation entry1="201" entry2="117" type="PCrel">
        <subtype name="activation" value="--&gt;"/>
    </relation>
    <relation entry1="131" entry2="117" type="PCrel">
        <subtype name="activation" value="--&gt;"/>
    </relation>
    <relation entry1="117" entry2="121" type="PPrel">
        <subtype name="activation" value="--&gt;"/>
    </relation>
    <relation entry1="121" entry2="216" type="PPrel">
        <subtype name="activation" value="--&gt;"/>
    </relation>
    <relation entry1="121" entry2="180" type="PPrel">
        <subtype name="activation" value="--&gt;"/>
    </relation>
    <relation entry1="207" entry2="213" type="PCrel">
        <subtype name="activation" value="--&gt;"/>
    </relation>
    <relation entry1="213" entry2="215" type="PCrel">
        <subtype name="activation" value="--&gt;"/>
    </relation>
    <relation entry1="242" entry2="240" type="PCrel">
    </relation>
    <relation entry1="241" entry2="240" type="PCrel">
    </relation>
    <relation entry1="240" entry2="239" type="PPrel">
    </relation>
    <relation entry1="245" entry2="247" type="PCrel">
    </relation>
    <relation entry1="247" entry2="246" type="PCrel">
    </relation>
    <relation entry1="246" entry2="238" type="PPrel">
        <subtype name="inhibition" value="--|"/>
    </relation>
    <relation entry1="239" entry2="245" type="PPrel">
    </relation>
</pathway>
