<?xml version="1.0"?>
<!DOCTYPE pathway SYSTEM "http://www.kegg.jp/kegg/xml/KGML_v0.7.2_.dtd">
<!-- Creation date: Nov 29, 2016 15:32:37 +0900 (GMT+9) -->
<pathway name="path:hsa00533" org="hsa" number="00533"
         title="Glycosaminoglycan biosynthesis - keratan sulfate"
         image="http://www.kegg.jp/kegg/pathway/hsa/hsa00533.png"
         link="http://www.kegg.jp/kegg-bin/show_pathway?hsa00533">
    <entry id="2" name="path:hsa00512" type="map"
        link="http://www.kegg.jp/dbget-bin/www_bget?hsa00512">
        <graphics name="Mucin type O-glycan biosynthesis" fgcolor="#000000" bgcolor="#FFFFFF"
             type="roundrectangle" x="552" y="357" width="127" height="25"/>
    </entry>
    <entry id="3" name="path:hsa00533" type="map"
        link="http://www.kegg.jp/dbget-bin/www_bget?hsa00533">
        <graphics name="TITLE:Glycosaminoglycan biosynthesis - keratan sulfate" fgcolor="#000000" bgcolor="#FFFFFF"
             type="roundrectangle" x="259" y="58" width="437" height="25"/>
    </entry>
    <entry id="5" name="hsa:10678" type="gene"
        link="http://www.kegg.jp/dbget-bin/www_bget?hsa:10678">
        <graphics name="B3GNT2, 3-Gn-T1, 3-Gn-T2, B3GN-T2, B3GNT, B3GNT-2, B3GNT1, BETA3GNT, BGNT2, BGnT-2, beta-1, beta3Gn-T1, beta3Gn-T2" fgcolor="#66CC66" bgcolor="#FFFFFF"
             type="line" coords="398,198,428,198"/>
    </entry>
    <entry id="7" name="hsa:2683 hsa:8703 hsa:8704" type="gene"
        link="http://www.kegg.jp/dbget-bin/www_bget?hsa:2683+hsa:8703+hsa:8704">
        <graphics name="B4GALT1, B4GAL-T1, CDG2D, GGTB2, GT1, GTB, beta4Gal-T1..." fgcolor="#66CC66" bgcolor="#FFFFFF"
             type="line" coords="651,264,681,264"/>
    </entry>
    <entry id="8" name="hsa:6487" type="gene"
        link="http://www.kegg.jp/dbget-bin/www_bget?hsa:6487">
        <graphics name="ST3GAL3, EIEE15, MRT12, SIAT6, ST3GALII, ST3Gal_III, ST3GalIII, ST3N" fgcolor="#66CC66" bgcolor="#FFFFFF"
             type="line" coords="578,265,608,265"/>
    </entry>
    <entry id="12" name="hsa:2683 hsa:8703 hsa:8704" type="gene"
        link="http://www.kegg.jp/dbget-bin/www_bget?hsa:2683+hsa:8703+hsa:8704">
        <graphics name="B4GALT1, B4GAL-T1, CDG2D, GGTB2, GT1, GTB, beta4Gal-T1..." fgcolor="#66CC66" bgcolor="#FFFFFF"
             type="line" coords="648,198,678,198"/>
    </entry>
    <entry id="13" name="hsa:10678" type="gene"
        link="http://www.kegg.jp/dbget-bin/www_bget?hsa:10678">
        <graphics name="B3GNT2, 3-Gn-T1, 3-Gn-T2, B3GN-T2, B3GNT, B3GNT-2, B3GNT1, BETA3GNT, BGNT2, BGnT-2, beta-1, beta3Gn-T1, beta3Gn-T2" fgcolor="#66CC66" bgcolor="#FFFFFF"
             type="line" coords="574,198,604,198"/>
    </entry>
    <entry id="14" name="hsa:2683 hsa:8703 hsa:8704" type="gene"
        link="http://www.kegg.jp/dbget-bin/www_bget?hsa:2683+hsa:8703+hsa:8704">
        <graphics name="B4GALT1, B4GAL-T1, CDG2D, GGTB2, GT1, GTB, beta4Gal-T1..." fgcolor="#66CC66" bgcolor="#FFFFFF"
             type="line" coords="476,198,506,198"/>
    </entry>
    <entry id="15" name="hsa:8702" type="gene"
        link="http://www.kegg.jp/dbget-bin/www_bget?hsa:8702">
        <graphics name="B4GALT4, B4Gal-T4, beta4Gal-T4" fgcolor="#66CC66" bgcolor="#FFFFFF"
             type="line" coords="276,198,306,198"/>
    </entry>
    <entry id="16" name="hsa:93010" type="gene"
        link="http://www.kegg.jp/dbget-bin/www_bget?hsa:93010">
        <graphics name="B3GNT7, beta3GnT7" fgcolor="#66CC66" bgcolor="#FFFFFF"
             type="line" coords="197,198,227,198"/>
    </entry>
    <entry id="17" name="hsa:8702" type="gene"
        link="http://www.kegg.jp/dbget-bin/www_bget?hsa:8702">
        <graphics name="B4GALT4, B4Gal-T4, beta4Gal-T4" fgcolor="#66CC66" bgcolor="#FFFFFF"
             type="line" coords="78,198,108,198"/>
    </entry>
    <entry id="18" name="hsa:2530" type="gene"
        link="http://www.kegg.jp/dbget-bin/www_bget?hsa:2530">
        <graphics name="FUT8, CDGF, CDGF1" fgcolor="#66CC66" bgcolor="#FFFFFF"
             type="line" coords="1029,179,1029,209"/>
    </entry>
    <entry id="22" name="hsa:8534" type="gene"
        link="http://www.kegg.jp/dbget-bin/www_bget?hsa:8534">
        <graphics name="CHST1, C6ST, GST-1, KS6ST, KSGal6ST, KSST" fgcolor="#66CC66" bgcolor="#FFFFFF"
             type="line" coords="251,148,251,178"/>
    </entry>
    <entry id="23" name="hsa:4166" type="gene"
        link="http://www.kegg.jp/dbget-bin/www_bget?hsa:4166">
        <graphics name="CHST6, C-GlcNAc6ST, GST4-beta, MCDC1, glcNAc6ST-5, gn6st-5, hCGn6ST" fgcolor="#66CC66" bgcolor="#FFFFFF"
             type="line" coords="137,148,137,178"/>
    </entry>
    <entry id="24" name="hsa:8534" type="gene"
        link="http://www.kegg.jp/dbget-bin/www_bget?hsa:8534">
        <graphics name="CHST1, C6ST, GST-1, KS6ST, KSGal6ST, KSST" fgcolor="#66CC66" bgcolor="#FFFFFF"
             type="line" coords="61,148,61,178"/>
    </entry>
    <entry id="25" name="path:hsa00510" type="map"
        link="http://www.kegg.jp/dbget-bin/www_bget?hsa00510">
        <graphics name="N-Glycan biosynthesis" fgcolor="#000000" bgcolor="#FFFFFF"
             type="roundrectangle" x="554" y="95" width="127" height="25"/>
    </entry>
    <entry id="27" name="hsa:10678" type="gene"
        link="http://www.kegg.jp/dbget-bin/www_bget?hsa:10678">
        <graphics name="B3GNT2, 3-Gn-T1, 3-Gn-T2, B3GN-T2, B3GNT, B3GNT-2, B3GNT1, BETA3GNT, BGNT2, BGnT-2, beta-1, beta3Gn-T1, beta3Gn-T2" fgcolor="#66CC66" bgcolor="#FFFFFF"
             type="line" coords="473,443,503,443"/>
    </entry>
    <entry id="28" name="hsa:6482 hsa:6483" type="gene"
        link="http://www.kegg.jp/dbget-bin/www_bget?hsa:6482+hsa:6483">
        <graphics name="ST3GAL1, Gal-NAc6S, SIAT4A, SIATFL, ST3GalA, ST3GalA.1, ST3GalIA, ST3GalIA,1, ST3O..." fgcolor="#66CC66" bgcolor="#FFFFFF"
             type="line" coords="745,508,775,508"/>
    </entry>
    <entry id="31" name="hsa:2683 hsa:8703 hsa:8704" type="gene"
        link="http://www.kegg.jp/dbget-bin/www_bget?hsa:2683+hsa:8703+hsa:8704">
        <graphics name="B4GALT1, B4GAL-T1, CDG2D, GGTB2, GT1, GTB, beta4Gal-T1..." fgcolor="#66CC66" bgcolor="#FFFFFF"
             type="line" coords="723,443,753,443"/>
    </entry>
    <entry id="32" name="hsa:10678" type="gene"
        link="http://www.kegg.jp/dbget-bin/www_bget?hsa:10678">
        <graphics name="B3GNT2, 3-Gn-T1, 3-Gn-T2, B3GN-T2, B3GNT, B3GNT-2, B3GNT1, BETA3GNT, BGNT2, BGnT-2, beta-1, beta3Gn-T1, beta3Gn-T2" fgcolor="#66CC66" bgcolor="#FFFFFF"
             type="line" coords="649,443,679,443"/>
    </entry>
    <entry id="33" name="hsa:2683 hsa:8703 hsa:8704" type="gene"
        link="http://www.kegg.jp/dbget-bin/www_bget?hsa:2683+hsa:8703+hsa:8704">
        <graphics name="B4GALT1, B4GAL-T1, CDG2D, GGTB2, GT1, GTB, beta4Gal-T1..." fgcolor="#66CC66" bgcolor="#FFFFFF"
             type="line" coords="551,443,581,443"/>
    </entry>
    <entry id="34" name="hsa:8702" type="gene"
        link="http://www.kegg.jp/dbget-bin/www_bget?hsa:8702">
        <graphics name="B4GALT4, B4Gal-T4, beta4Gal-T4" fgcolor="#66CC66" bgcolor="#FFFFFF"
             type="line" coords="365,443,395,443"/>
    </entry>
    <entry id="35" name="hsa:93010" type="gene"
        link="http://www.kegg.jp/dbget-bin/www_bget?hsa:93010">
        <graphics name="B3GNT7, beta3GnT7" fgcolor="#66CC66" bgcolor="#FFFFFF"
             type="line" coords="286,443,316,443"/>
    </entry>
    <entry id="36" name="hsa:8702" type="gene"
        link="http://www.kegg.jp/dbget-bin/www_bget?hsa:8702">
        <graphics name="B4GALT4, B4Gal-T4, beta4Gal-T4" fgcolor="#66CC66" bgcolor="#FFFFFF"
             type="line" coords="172,443,202,443"/>
    </entry>
    <entry id="38" name="hsa:10164 hsa:9435" type="gene"
        link="http://www.kegg.jp/dbget-bin/www_bget?hsa:10164+hsa:9435">
        <graphics name="CHST4, GST3, GlcNAc6ST2, HECGLCNAC6ST, LSST..." fgcolor="#66CC66" bgcolor="#FFFFFF"
             type="line" coords="425,393,425,423"/>
    </entry>
    <entry id="39" name="hsa:10164 hsa:9435" type="gene"
        link="http://www.kegg.jp/dbget-bin/www_bget?hsa:10164+hsa:9435">
        <graphics name="CHST4, GST3, GlcNAc6ST2, HECGLCNAC6ST, LSST..." fgcolor="#66CC66" bgcolor="#FFFFFF"
             type="line" coords="231,393,231,423"/>
    </entry>
    <entry id="40" name="hsa:8534" type="gene"
        link="http://www.kegg.jp/dbget-bin/www_bget?hsa:8534">
        <graphics name="CHST1, C6ST, GST-1, KS6ST, KSGal6ST, KSST" fgcolor="#66CC66" bgcolor="#FFFFFF"
             type="line" coords="155,393,155,423"/>
    </entry>
</pathway>
