<?xml version="1.0"?>
<!DOCTYPE pathway SYSTEM "http://www.kegg.jp/kegg/xml/KGML_v0.7.2_.dtd">
<!-- Creation date: Oct 11, 2016 15:02:35 +0900 (GMT+9) -->
<pathway name="path:hsa01523" org="hsa" number="01523"
         title="Antifolate resistance"
         image="http://www.kegg.jp/kegg/pathway/hsa/hsa01523.png"
         link="http://www.kegg.jp/kegg-bin/show_pathway?hsa01523">
    <entry id="15" name="path:hsa01523" type="map"
        link="http://www.kegg.jp/dbget-bin/www_bget?hsa01523">
        <graphics name="TITLE:Antifolate resistance" fgcolor="#000000" bgcolor="#FFFFFF"
             type="roundrectangle" x="150" y="58" width="219" height="25"/>
    </entry>
    <entry id="16" name="hsa:2348 hsa:2350 hsa:2352 hsa:390243" type="gene"
        link="http://www.kegg.jp/dbget-bin/www_bget?hsa:2348+hsa:2350+hsa:2352+hsa:390243">
        <graphics name="FOLR1, FBP, FOLR, FRalpha..." fgcolor="#000000" bgcolor="#BFFFBF"
             type="rectangle" x="402" y="139" width="46" height="17"/>
    </entry>
    <entry id="17" name="hsa:6573" type="gene"
        link="http://www.kegg.jp/dbget-bin/www_bget?hsa:6573">
        <graphics name="SLC19A1, CHMD, FOLT, IFC-1, IFC1, REFC, RFC, RFC1" fgcolor="#000000" bgcolor="#BFFFBF"
             type="rectangle" x="402" y="411" width="46" height="17"/>
    </entry>
    <entry id="18" name="hsa:4363" type="gene"
        link="http://www.kegg.jp/dbget-bin/www_bget?hsa:4363">
        <graphics name="ABCC1, ABC29, ABCC, GS-X, MRP, MRP1" fgcolor="#000000" bgcolor="#BFFFBF"
             type="rectangle" x="402" y="609" width="46" height="17"/>
    </entry>
    <entry id="19" name="hsa:1244" type="gene"
        link="http://www.kegg.jp/dbget-bin/www_bget?hsa:1244">
        <graphics name="ABCC2, ABC30, CMOAT, DJS, MRP2, cMRP" fgcolor="#000000" bgcolor="#BFFFBF"
             type="rectangle" x="402" y="644" width="46" height="17"/>
    </entry>
    <entry id="20" name="hsa:8714" type="gene"
        link="http://www.kegg.jp/dbget-bin/www_bget?hsa:8714">
        <graphics name="ABCC3, ABC31, EST90757, MLP2, MOAT-D, MRP3, cMOAT2" fgcolor="#000000" bgcolor="#BFFFBF"
             type="rectangle" x="402" y="677" width="46" height="17"/>
    </entry>
    <entry id="21" name="hsa:10257" type="gene"
        link="http://www.kegg.jp/dbget-bin/www_bget?hsa:10257">
        <graphics name="ABCC4, MOAT-B, MOATB, MRP4" fgcolor="#000000" bgcolor="#BFFFBF"
             type="rectangle" x="402" y="709" width="46" height="17"/>
    </entry>
    <entry id="22" name="hsa:10057" type="gene"
        link="http://www.kegg.jp/dbget-bin/www_bget?hsa:10057">
        <graphics name="ABCC5, ABC33, EST277145, MOAT-C, MOATC, MRP5, SMRP, pABC11" fgcolor="#000000" bgcolor="#BFFFBF"
             type="rectangle" x="402" y="741" width="46" height="17"/>
    </entry>
    <entry id="23" name="hsa:2618" type="gene"
        link="http://www.kegg.jp/dbget-bin/www_bget?hsa:2618">
        <graphics name="GART, AIRS, GARS, GARTF, PAIS, PGFT, PRGS" fgcolor="#000000" bgcolor="#BFFFBF"
             type="rectangle" x="1127" y="489" width="46" height="17"/>
    </entry>
    <entry id="24" name="dr:D00142 dr:D05589 dr:D04766 dr:D01064 dr:D07472 dr:D05400 dr:D03942 dr:D02527" type="compound"
        link="http://www.kegg.jp/dbget-bin/www_bget?D00142+D05589+D04766+D01064+D07472+D05400+D03942+D02527">
        <graphics name="D00142..." fgcolor="#000000" bgcolor="#FFFFFF"
             type="circle" x="545" y="410" width="8" height="8"/>
    </entry>
    <entry id="25" name="dr:D00142" type="compound"
        link="http://www.kegg.jp/dbget-bin/www_bget?D00142">
        <graphics name="D00142" fgcolor="#000000" bgcolor="#FFFFFF"
             type="circle" x="219" y="326" width="8" height="8"/>
    </entry>
    <entry id="26" name="dr:D07472" type="compound"
        link="http://www.kegg.jp/dbget-bin/www_bget?D07472">
        <graphics name="D07472" fgcolor="#000000" bgcolor="#FFFFFF"
             type="circle" x="181" y="464" width="8" height="8"/>
    </entry>
    <entry id="27" name="dr:D05589" type="compound"
        link="http://www.kegg.jp/dbget-bin/www_bget?D05589">
        <graphics name="D05589" fgcolor="#000000" bgcolor="#FFFFFF"
             type="circle" x="219" y="358" width="8" height="8"/>
    </entry>
    <entry id="28" name="dr:D04766" type="compound"
        link="http://www.kegg.jp/dbget-bin/www_bget?D04766">
        <graphics name="D04766" fgcolor="#000000" bgcolor="#FFFFFF"
             type="circle" x="181" y="396" width="8" height="8"/>
    </entry>
    <entry id="29" name="cpd:C21280" type="compound"
        link="http://www.kegg.jp/dbget-bin/www_bget?C21280">
        <graphics name="C21280" fgcolor="#000000" bgcolor="#FFFFFF"
             type="circle" x="269" y="396" width="8" height="8"/>
    </entry>
    <entry id="30" name="cpd:C11374" type="compound"
        link="http://www.kegg.jp/dbget-bin/www_bget?C11374">
        <graphics name="C11374" fgcolor="#000000" bgcolor="#FFFFFF"
             type="circle" x="269" y="430" width="8" height="8"/>
    </entry>
    <entry id="31" name="cpd:C21279" type="compound"
        link="http://www.kegg.jp/dbget-bin/www_bget?C21279">
        <graphics name="C21279" fgcolor="#000000" bgcolor="#FFFFFF"
             type="circle" x="246" y="138" width="8" height="8"/>
    </entry>
    <entry id="32" name="dr:D06238" type="compound"
        link="http://www.kegg.jp/dbget-bin/www_bget?D06238">
        <graphics name="D06238" fgcolor="#000000" bgcolor="#FFFFFF"
             type="circle" x="246" y="279" width="8" height="8"/>
    </entry>
    <entry id="38" name="hsa:2356" type="gene"
        link="http://www.kegg.jp/dbget-bin/www_bget?hsa:2356">
        <graphics name="FPGS" fgcolor="#000000" bgcolor="#BFFFBF"
             type="rectangle" x="710" y="398" width="46" height="17"/>
    </entry>
    <entry id="40" name="dr:D00142 dr:D05589 dr:D04766 dr:D01064 dr:D07472 dr:D03942 dr:D02527" type="compound"
        link="http://www.kegg.jp/dbget-bin/www_bget?D00142+D05589+D04766+D01064+D07472+D03942+D02527">
        <graphics name="D00142..." fgcolor="#000000" bgcolor="#FFFFFF"
             type="circle" x="642" y="522" width="8" height="8"/>
    </entry>
    <entry id="44" name="cpd:C00101" type="compound"
        link="http://www.kegg.jp/dbget-bin/www_bget?C00101">
        <graphics name="C00101" fgcolor="#000000" bgcolor="#FFFFFF"
             type="circle" x="1101" y="380" width="8" height="8"/>
    </entry>
    <entry id="45" name="cpd:C00143" type="compound"
        link="http://www.kegg.jp/dbget-bin/www_bget?C00143">
        <graphics name="C00143" fgcolor="#000000" bgcolor="#FFFFFF"
             type="circle" x="1198" y="257" width="8" height="8"/>
    </entry>
    <entry id="46" name="cpd:C00364" type="compound"
        link="http://www.kegg.jp/dbget-bin/www_bget?C00364">
        <graphics name="C00364" fgcolor="#000000" bgcolor="#FFFFFF"
             type="circle" x="1036" y="123" width="8" height="8"/>
    </entry>
    <entry id="47" name="cpd:C00415" type="compound"
        link="http://www.kegg.jp/dbget-bin/www_bget?C00415">
        <graphics name="C00415" fgcolor="#000000" bgcolor="#FFFFFF"
             type="circle" x="1025" y="267" width="8" height="8"/>
    </entry>
    <entry id="48" name="cpd:C00365" type="compound"
        link="http://www.kegg.jp/dbget-bin/www_bget?C00365">
        <graphics name="C00365" fgcolor="#000000" bgcolor="#FFFFFF"
             type="circle" x="1188" y="136" width="8" height="8"/>
    </entry>
    <entry id="57" name="hsa:113235" type="gene"
        link="http://www.kegg.jp/dbget-bin/www_bget?hsa:113235">
        <graphics name="SLC46A1, G21, HCP1, PCFT" fgcolor="#000000" bgcolor="#BFFFBF"
             type="rectangle" x="640" y="490" width="46" height="17"/>
    </entry>
    <entry id="58" name="cpd:C00020" type="compound"
        link="http://www.kegg.jp/dbget-bin/www_bget?C00020">
        <graphics name="C00020" fgcolor="#000000" bgcolor="#FFFFFF"
             type="circle" x="1191" y="671" width="8" height="8"/>
    </entry>
    <entry id="61" name="hsa:8836" type="gene"
        link="http://www.kegg.jp/dbget-bin/www_bget?hsa:8836">
        <graphics name="GGH, GH" fgcolor="#000000" bgcolor="#BFFFBF"
             type="rectangle" x="708" y="537" width="46" height="17"/>
    </entry>
    <entry id="62" name="path:hsa00230" type="map"
        link="http://www.kegg.jp/dbget-bin/www_bget?hsa00230">
        <graphics name="Purine metabolism" fgcolor="#000000" bgcolor="#FFFFFF"
             type="roundrectangle" x="1215" y="578" width="127" height="25"/>
    </entry>
    <entry id="64" name="path:hsa00670" type="map"
        link="http://www.kegg.jp/dbget-bin/www_bget?hsa00670">
        <graphics name="One carbon pool by folate" fgcolor="#000000" bgcolor="#FFFFFF"
             type="roundrectangle" x="1248" y="206" width="122" height="34"/>
    </entry>
    <entry id="65" name="hsa:7298" type="gene"
        link="http://www.kegg.jp/dbget-bin/www_bget?hsa:7298">
        <graphics name="TYMS, HST422, TMS, TS" fgcolor="#000000" bgcolor="#BFFFBF"
             type="rectangle" x="1112" y="187" width="46" height="17"/>
    </entry>
    <entry id="66" name="cpd:C00504" type="compound"
        link="http://www.kegg.jp/dbget-bin/www_bget?C00504">
        <graphics name="C00504" fgcolor="#000000" bgcolor="#FFFFFF"
             type="circle" x="935" y="267" width="8" height="8"/>
    </entry>
    <entry id="68" name="hsa:1719 hsa:200895" type="gene"
        link="http://www.kegg.jp/dbget-bin/www_bget?hsa:1719+hsa:200895">
        <graphics name="DHFR, DHFRP1, DYR..." fgcolor="#000000" bgcolor="#BFFFBF"
             type="rectangle" x="1039" y="325" width="46" height="17"/>
    </entry>
    <entry id="69" name="cpd:C00234" type="compound"
        link="http://www.kegg.jp/dbget-bin/www_bget?C00234">
        <graphics name="C00234" fgcolor="#000000" bgcolor="#FFFFFF"
             type="circle" x="1100" y="438" width="8" height="8"/>
    </entry>
    <entry id="71" name="cpd:C00119" type="compound"
        link="http://www.kegg.jp/dbget-bin/www_bget?C00119">
        <graphics name="C00119" fgcolor="#000000" bgcolor="#FFFFFF"
             type="circle" x="1131" y="438" width="8" height="8"/>
    </entry>
    <entry id="72" name="cpd:C00130" type="compound"
        link="http://www.kegg.jp/dbget-bin/www_bget?C00130">
        <graphics name="C00130" fgcolor="#000000" bgcolor="#FFFFFF"
             type="circle" x="1131" y="691" width="8" height="8"/>
    </entry>
    <entry id="73" name="cpd:C00101" type="compound"
        link="http://www.kegg.jp/dbget-bin/www_bget?C00101">
        <graphics name="C00101" fgcolor="#000000" bgcolor="#FFFFFF"
             type="circle" x="1100" y="535" width="8" height="8"/>
    </entry>
    <entry id="76" name="cpd:C00234" type="compound"
        link="http://www.kegg.jp/dbget-bin/www_bget?C00234">
        <graphics name="C00234" fgcolor="#000000" bgcolor="#FFFFFF"
             type="circle" x="1100" y="574" width="8" height="8"/>
    </entry>
    <entry id="77" name="hsa:471" type="gene"
        link="http://www.kegg.jp/dbget-bin/www_bget?hsa:471">
        <graphics name="ATIC, AICAR, AICARFT, HEL-S-70p, IMPCHASE, PURH" fgcolor="#000000" bgcolor="#BFFFBF"
             type="rectangle" x="1127" y="614" width="46" height="17"/>
    </entry>
    <entry id="78" name="cpd:C00101" type="compound"
        link="http://www.kegg.jp/dbget-bin/www_bget?C00101">
        <graphics name="C00101" fgcolor="#000000" bgcolor="#FFFFFF"
             type="circle" x="1100" y="691" width="8" height="8"/>
    </entry>
    <entry id="79" name="cpd:C00144" type="compound"
        link="http://www.kegg.jp/dbget-bin/www_bget?C00144">
        <graphics name="C00144" fgcolor="#000000" bgcolor="#FFFFFF"
             type="circle" x="1191" y="708" width="8" height="8"/>
    </entry>
    <entry id="85" name="cpd:C00440" type="compound"
        link="http://www.kegg.jp/dbget-bin/www_bget?C00440">
        <graphics name="C00440" fgcolor="#000000" bgcolor="#FFFFFF"
             type="circle" x="1284" y="295" width="8" height="8"/>
    </entry>
    <entry id="86" name="cpd:C00155" type="compound"
        link="http://www.kegg.jp/dbget-bin/www_bget?C00155">
        <graphics name="C00155" fgcolor="#000000" bgcolor="#FFFFFF"
             type="circle" x="1301" y="356" width="8" height="8"/>
    </entry>
    <entry id="87" name="cpd:C00073" type="compound"
        link="http://www.kegg.jp/dbget-bin/www_bget?C00073">
        <graphics name="C00073" fgcolor="#000000" bgcolor="#FFFFFF"
             type="circle" x="1193" y="445" width="8" height="8"/>
    </entry>
    <entry id="91" name="dr:D01064" type="compound"
        link="http://www.kegg.jp/dbget-bin/www_bget?D01064">
        <graphics name="D01064" fgcolor="#000000" bgcolor="#FFFFFF"
             type="circle" x="181" y="430" width="8" height="8"/>
    </entry>
    <entry id="92" name="dr:D05400" type="compound"
        link="http://www.kegg.jp/dbget-bin/www_bget?D05400">
        <graphics name="D05400" fgcolor="#000000" bgcolor="#FFFFFF"
             type="circle" x="269" y="464" width="8" height="8"/>
    </entry>
    <entry id="93" name="dr:D02527" type="compound"
        link="http://www.kegg.jp/dbget-bin/www_bget?D02527">
        <graphics name="D02527" fgcolor="#000000" bgcolor="#FFFFFF"
             type="circle" x="254" y="515" width="8" height="8"/>
    </entry>
    <entry id="94" name="dr:D03942" type="compound"
        link="http://www.kegg.jp/dbget-bin/www_bget?D03942">
        <graphics name="D03942" fgcolor="#000000" bgcolor="#FFFFFF"
             type="circle" x="181" y="498" width="8" height="8"/>
    </entry>
    <entry id="95" name="hsa:6573" type="gene"
        link="http://www.kegg.jp/dbget-bin/www_bget?hsa:6573">
        <graphics name="SLC19A1, CHMD, FOLT, IFC-1, IFC1, REFC, RFC, RFC1" fgcolor="#000000" bgcolor="#BFFFBF"
             type="rectangle" x="402" y="239" width="46" height="17"/>
    </entry>
    <entry id="96" name="dr:D05999" type="compound"
        link="http://www.kegg.jp/dbget-bin/www_bget?D05999">
        <graphics name="D05999" fgcolor="#000000" bgcolor="#FFFFFF"
             type="circle" x="246" y="236" width="8" height="8"/>
    </entry>
    <entry id="102" name="hsa:6573" type="gene"
        link="http://www.kegg.jp/dbget-bin/www_bget?hsa:6573">
        <graphics name="SLC19A1, CHMD, FOLT, IFC-1, IFC1, REFC, RFC, RFC1" fgcolor="#000000" bgcolor="#BFFFBF"
             type="rectangle" x="402" y="185" width="46" height="17"/>
    </entry>
    <entry id="103" name="dr:D10803" type="compound"
        link="http://www.kegg.jp/dbget-bin/www_bget?D10803">
        <graphics name="D10803" fgcolor="#000000" bgcolor="#FFFFFF"
             type="circle" x="246" y="183" width="8" height="8"/>
    </entry>
    <entry id="108" name="path:hsa04144" type="map"
        link="http://www.kegg.jp/dbget-bin/www_bget?hsa04144">
        <graphics name="Endocytosis" fgcolor="#000000" bgcolor="#FFFFFF"
             type="roundrectangle" x="599" y="103" width="103" height="25"/>
    </entry>
    <entry id="111" name="hsa:9429" type="gene"
        link="http://www.kegg.jp/dbget-bin/www_bget?hsa:9429">
        <graphics name="ABCG2, ABC15, ABCP, BCRP, BCRP1, BMDP, CD338, CDw338, EST157481, GOUT1, MRX, MXR, MXR-1, MXR1, UAQTL1" fgcolor="#000000" bgcolor="#BFFFBF"
             type="rectangle" x="402" y="786" width="46" height="17"/>
    </entry>
    <entry id="112" name="dr:D07472" type="compound"
        link="http://www.kegg.jp/dbget-bin/www_bget?D07472">
        <graphics name="D07472" fgcolor="#000000" bgcolor="#FFFFFF"
             type="circle" x="269" y="564" width="8" height="8"/>
    </entry>
    <entry id="113" name="hsa:113235" type="gene"
        link="http://www.kegg.jp/dbget-bin/www_bget?hsa:113235">
        <graphics name="SLC46A1, G21, HCP1, PCFT" fgcolor="#000000" bgcolor="#BFFFBF"
             type="rectangle" x="402" y="566" width="46" height="17"/>
    </entry>
    <entry id="120" name="dr:D05999 dr:D06238 dr:D00142 dr:D05589 dr:D04766 dr:D01064 dr:D07472 dr:D05400 dr:D03942 dr:D02527" type="compound"
        link="http://www.kegg.jp/dbget-bin/www_bget?D05999+D06238+D00142+D05589+D04766+D01064+D07472+D05400+D03942+D02527">
        <graphics name="D05999..." fgcolor="#000000" bgcolor="#FFFFFF"
             type="circle" x="549" y="686" width="8" height="8"/>
    </entry>
    <entry id="127" name="hsa:1147 hsa:3551 hsa:8517" type="gene"
        link="http://www.kegg.jp/dbget-bin/www_bget?hsa:1147+hsa:3551+hsa:8517">
        <graphics name="CHUK, IKBKA, IKK-alpha, IKK1, IKKA, NFKBIKA, TCF16..." fgcolor="#000000" bgcolor="#BFFFBF"
             type="rectangle" x="945" y="778" width="46" height="17"/>
    </entry>
    <entry id="128" name="hsa:4790 hsa:5970" type="gene"
        link="http://www.kegg.jp/dbget-bin/www_bget?hsa:4790+hsa:5970">
        <graphics name="NFKB1, CVID12, EBP-1, KBF1, NF-kB1, NF-kappa-B1, NF-kappaB, NFKB-p105, NFKB-p50, NFkappaB, p105, p50..." fgcolor="#000000" bgcolor="#BFFFBF"
             type="rectangle" x="1029" y="778" width="46" height="17"/>
    </entry>
    <entry id="129" name="hsa:3569" type="gene"
        link="http://www.kegg.jp/dbget-bin/www_bget?hsa:3569">
        <graphics name="IL6, BSF-2, BSF2, CDF, HGF, HSF, IFN-beta-2, IFNB2, IL-6" fgcolor="#000000" bgcolor="#BFFFBF"
             type="rectangle" x="1213" y="788" width="46" height="17"/>
    </entry>
    <entry id="130" name="hsa:3553" type="gene"
        link="http://www.kegg.jp/dbget-bin/www_bget?hsa:3553">
        <graphics name="IL1B, IL-1, IL1-BETA, IL1F2" fgcolor="#000000" bgcolor="#BFFFBF"
             type="rectangle" x="1158" y="788" width="46" height="17"/>
    </entry>
    <entry id="131" name="hsa:7124" type="gene"
        link="http://www.kegg.jp/dbget-bin/www_bget?hsa:7124">
        <graphics name="TNF, DIF, TNF-alpha, TNFA, TNFSF2, TNLG1F" fgcolor="#000000" bgcolor="#BFFFBF"
             type="rectangle" x="1158" y="766" width="46" height="17"/>
    </entry>
    <entry id="138" name="path:hsa04064" type="map"
        link="http://www.kegg.jp/dbget-bin/www_bget?hsa04064">
        <graphics name="NF-kappa B signaling pathway" fgcolor="#000000" bgcolor="#FFFFFF"
             type="roundrectangle" x="1030" y="742" width="122" height="34"/>
    </entry>
    <entry id="139" name="hsa:6470 hsa:6472" type="gene"
        link="http://www.kegg.jp/dbget-bin/www_bget?hsa:6470+hsa:6472">
        <graphics name="SHMT1, CSHMT, SHMT..." fgcolor="#000000" bgcolor="#BFFFBF"
             type="rectangle" x="1182" y="333" width="46" height="17"/>
    </entry>
    <entry id="140" name="hsa:239" type="gene"
        link="http://www.kegg.jp/dbget-bin/www_bget?hsa:239">
        <graphics name="ALOX12, 12-LOX, 12S-LOX, LOG12" fgcolor="#000000" bgcolor="#BFFFBF"
             type="rectangle" x="1232" y="374" width="46" height="17"/>
    </entry>
    <entry id="141" name="hsa:4524" type="gene"
        link="http://www.kegg.jp/dbget-bin/www_bget?hsa:4524">
        <graphics name="MTHFR" fgcolor="#000000" bgcolor="#BFFFBF"
             type="rectangle" x="1242" y="278" width="46" height="17"/>
    </entry>
    <relation entry1="31" entry2="65" type="PCrel">
        <subtype name="inhibition" value="--|"/>
    </relation>
    <relation entry1="103" entry2="65" type="PCrel">
        <subtype name="inhibition" value="--|"/>
    </relation>
    <relation entry1="96" entry2="68" type="PCrel">
        <subtype name="inhibition" value="--|"/>
    </relation>
    <relation entry1="32" entry2="68" type="PCrel">
        <subtype name="inhibition" value="--|"/>
    </relation>
    <relation entry1="127" entry2="128" type="PPrel">
        <subtype name="activation" value="--&gt;"/>
        <subtype name="indirect effect" value="..&gt;"/>
    </relation>
    <relation entry1="128" entry2="131" type="GErel">
        <subtype name="expression" value="--&gt;"/>
    </relation>
    <relation entry1="128" entry2="130" type="GErel">
        <subtype name="expression" value="--&gt;"/>
    </relation>
    <relation entry1="128" entry2="129" type="GErel">
        <subtype name="expression" value="--&gt;"/>
    </relation>
</pathway>
