<?xml version="1.0"?>
<!DOCTYPE pathway SYSTEM "http://www.kegg.jp/kegg/xml/KGML_v0.7.2_.dtd">
<!-- Creation date: Feb 8, 2019 15:35:44 +0900 (GMT+9) -->
<pathway name="path:hsa04913" org="hsa" number="04913"
         title="Ovarian steroidogenesis"
         image="http://www.kegg.jp/kegg/pathway/hsa/hsa04913.png"
         link="http://www.kegg.jp/kegg-bin/show_pathway?hsa04913">
    <entry id="6" name="path:hsa04913" type="map"
        link="http://www.kegg.jp/dbget-bin/www_bget?hsa04913">
        <graphics name="TITLE:Ovarian steroidogenesis" fgcolor="#000000" bgcolor="#FFFFFF"
             type="roundrectangle" x="159" y="58" width="238" height="25"/>
    </entry>
    <entry id="8" name="path:hsa00140" type="map"
        link="http://www.kegg.jp/dbget-bin/www_bget?hsa00140">
        <graphics name="Steroid hormone biosynthesis" fgcolor="#000000" bgcolor="#FFFFFF"
             type="roundrectangle" x="357" y="497" width="123" height="34"/>
    </entry>
    <entry id="12" name="cpd:C00187" type="compound"
        link="http://www.kegg.jp/dbget-bin/www_bget?C00187">
        <graphics name="C00187" fgcolor="#000000" bgcolor="#FFFFFF"
             type="circle" x="348" y="409" width="8" height="8"/>
    </entry>
    <entry id="13" name="cpd:C01953" type="compound"
        link="http://www.kegg.jp/dbget-bin/www_bget?C01953">
        <graphics name="C01953" fgcolor="#000000" bgcolor="#FFFFFF"
             type="circle" x="459" y="409" width="8" height="8"/>
    </entry>
    <entry id="14" name="cpd:C05138" type="compound"
        link="http://www.kegg.jp/dbget-bin/www_bget?C05138">
        <graphics name="C05138" fgcolor="#000000" bgcolor="#FFFFFF"
             type="circle" x="575" y="409" width="8" height="8"/>
    </entry>
    <entry id="15" name="cpd:C01227" type="compound"
        link="http://www.kegg.jp/dbget-bin/www_bget?C01227">
        <graphics name="C01227" fgcolor="#000000" bgcolor="#FFFFFF"
             type="circle" x="687" y="409" width="8" height="8"/>
    </entry>
    <entry id="16" name="cpd:C04295" type="compound"
        link="http://www.kegg.jp/dbget-bin/www_bget?C04295">
        <graphics name="C04295" fgcolor="#000000" bgcolor="#FFFFFF"
             type="circle" x="798" y="409" width="8" height="8"/>
    </entry>
    <entry id="17" name="cpd:C00535" type="compound"
        link="http://www.kegg.jp/dbget-bin/www_bget?C00535">
        <graphics name="C00535" fgcolor="#000000" bgcolor="#FFFFFF"
             type="circle" x="798" y="489" width="8" height="8"/>
    </entry>
    <entry id="18" name="cpd:C00410" type="compound"
        link="http://www.kegg.jp/dbget-bin/www_bget?C00410">
        <graphics name="C00410" fgcolor="#000000" bgcolor="#FFFFFF"
             type="circle" x="459" y="489" width="8" height="8"/>
    </entry>
    <entry id="19" name="cpd:C01176" type="compound"
        link="http://www.kegg.jp/dbget-bin/www_bget?C01176">
        <graphics name="C01176" fgcolor="#000000" bgcolor="#FFFFFF"
             type="circle" x="575" y="489" width="8" height="8"/>
    </entry>
    <entry id="20" name="cpd:C00280" type="compound"
        link="http://www.kegg.jp/dbget-bin/www_bget?C00280">
        <graphics name="C00280" fgcolor="#000000" bgcolor="#FFFFFF"
             type="circle" x="687" y="489" width="8" height="8"/>
    </entry>
    <entry id="32" name="hsa:3283 hsa:3284" type="gene"
        link="http://www.kegg.jp/dbget-bin/www_bget?hsa:3283+hsa:3284">
        <graphics name="HSD3B1, 3BETAHSD, HSD3B, HSDB3, HSDB3A, SDR11E1..." fgcolor="#000000" bgcolor="#BFFFBF"
             type="rectangle" x="488" y="455" width="46" height="17"/>
    </entry>
    <entry id="33" name="hsa:3283 hsa:3284" type="gene"
        link="http://www.kegg.jp/dbget-bin/www_bget?hsa:3283+hsa:3284">
        <graphics name="HSD3B1, 3BETAHSD, HSD3B, HSDB3, HSDB3A, SDR11E1..." fgcolor="#000000" bgcolor="#BFFFBF"
             type="rectangle" x="603" y="455" width="46" height="17"/>
    </entry>
    <entry id="34" name="hsa:3283 hsa:3284" type="gene"
        link="http://www.kegg.jp/dbget-bin/www_bget?hsa:3283+hsa:3284">
        <graphics name="HSD3B1, 3BETAHSD, HSD3B, HSDB3, HSDB3A, SDR11E1..." fgcolor="#000000" bgcolor="#BFFFBF"
             type="rectangle" x="716" y="455" width="46" height="17"/>
    </entry>
    <entry id="35" name="hsa:3283 hsa:3284" type="gene"
        link="http://www.kegg.jp/dbget-bin/www_bget?hsa:3283+hsa:3284">
        <graphics name="HSD3B1, 3BETAHSD, HSD3B, HSDB3, HSDB3A, SDR11E1..." fgcolor="#000000" bgcolor="#BFFFBF"
             type="rectangle" x="827" y="455" width="46" height="17"/>
    </entry>
    <entry id="36" name="hsa:3294 hsa:8644" type="gene"
        link="http://www.kegg.jp/dbget-bin/www_bget?hsa:3294+hsa:8644">
        <graphics name="HSD17B2, EDH17B2, HSD17, SDR9C2..." fgcolor="#000000" bgcolor="#BFFFBF"
             type="rectangle" x="735" y="527" width="46" height="17"/>
    </entry>
    <entry id="37" name="hsa:3973" type="gene"
        link="http://www.kegg.jp/dbget-bin/www_bget?hsa:3973">
        <graphics name="LHCGR, HHG, LCGR, LGR2, LH/CG-R, LH/CGR, LHR, LHRHR, LSH-R, ULG5" fgcolor="#000000" bgcolor="#BFFFBF"
             type="rectangle" x="216" y="245" width="46" height="17"/>
    </entry>
    <entry id="38" name="hsa:1081 hsa:3972" type="gene"
        link="http://www.kegg.jp/dbget-bin/www_bget?hsa:1081+hsa:3972">
        <graphics name="CGA, CG-ALPHA, FSHA, GPA1, GPHA1, GPHa, HCG, LHA, TSHA..." fgcolor="#000000" bgcolor="#BFFFBF"
             type="rectangle" x="131" y="245" width="46" height="17"/>
    </entry>
    <entry id="39" name="hsa:6770" type="gene"
        link="http://www.kegg.jp/dbget-bin/www_bget?hsa:6770">
        <graphics name="STAR, STARD1" fgcolor="#000000" bgcolor="#BFFFBF"
             type="rectangle" x="399" y="367" width="46" height="17"/>
    </entry>
    <entry id="40" name="hsa:1583" type="gene"
        link="http://www.kegg.jp/dbget-bin/www_bget?hsa:1583">
        <graphics name="CYP11A1, CYP11A, CYPXIA1, P450SCC" fgcolor="#000000" bgcolor="#BFFFBF"
             type="rectangle" x="398" y="390" width="46" height="17"/>
    </entry>
    <entry id="41" name="hsa:1586" type="gene"
        link="http://www.kegg.jp/dbget-bin/www_bget?hsa:1586">
        <graphics name="CYP17A1, CPT7, CYP17, P450C17, S17AH" fgcolor="#000000" bgcolor="#BFFFBF"
             type="rectangle" x="512" y="396" width="46" height="17"/>
    </entry>
    <entry id="42" name="hsa:1586" type="gene"
        link="http://www.kegg.jp/dbget-bin/www_bget?hsa:1586">
        <graphics name="CYP17A1, CPT7, CYP17, P450C17, S17AH" fgcolor="#000000" bgcolor="#BFFFBF"
             type="rectangle" x="631" y="396" width="46" height="17"/>
    </entry>
    <entry id="43" name="hsa:2778" type="gene"
        link="http://www.kegg.jp/dbget-bin/www_bget?hsa:2778">
        <graphics name="GNAS, AHO, C20orf45, GNAS1, GPSA, GSA, GSP, NESP, PITA3, POH, SCG6, SgVI" fgcolor="#000000" bgcolor="#BFFFBF"
             type="rectangle" x="301" y="245" width="46" height="17"/>
    </entry>
    <entry id="44" name="hsa:107 hsa:108 hsa:109 hsa:111 hsa:112 hsa:113 hsa:114 hsa:115 hsa:196883" type="gene"
        link="http://www.kegg.jp/dbget-bin/www_bget?hsa:107+hsa:108+hsa:109+hsa:111+hsa:112+hsa:113+hsa:114+hsa:115+hsa:196883">
        <graphics name="ADCY1, AC1, DFNB44..." fgcolor="#000000" bgcolor="#BFFFBF"
             type="rectangle" x="389" y="245" width="46" height="17"/>
    </entry>
    <entry id="48" name="hsa:1081 hsa:2488" type="gene"
        link="http://www.kegg.jp/dbget-bin/www_bget?hsa:1081+hsa:2488">
        <graphics name="CGA, CG-ALPHA, FSHA, GPA1, GPHA1, GPHa, HCG, LHA, TSHA..." fgcolor="#000000" bgcolor="#BFFFBF"
             type="rectangle" x="131" y="895" width="46" height="17"/>
    </entry>
    <entry id="49" name="hsa:2492" type="gene"
        link="http://www.kegg.jp/dbget-bin/www_bget?hsa:2492">
        <graphics name="FSHR, FSHR1, FSHRO, LGR1, ODG1" fgcolor="#000000" bgcolor="#BFFFBF"
             type="rectangle" x="216" y="895" width="46" height="17"/>
    </entry>
    <entry id="50" name="hsa:2778" type="gene"
        link="http://www.kegg.jp/dbget-bin/www_bget?hsa:2778">
        <graphics name="GNAS, AHO, C20orf45, GNAS1, GPSA, GSA, GSP, NESP, PITA3, POH, SCG6, SgVI" fgcolor="#000000" bgcolor="#BFFFBF"
             type="rectangle" x="299" y="895" width="46" height="17"/>
    </entry>
    <entry id="51" name="hsa:107 hsa:108 hsa:109 hsa:111 hsa:112 hsa:113 hsa:114 hsa:115 hsa:196883" type="gene"
        link="http://www.kegg.jp/dbget-bin/www_bget?hsa:107+hsa:108+hsa:109+hsa:111+hsa:112+hsa:113+hsa:114+hsa:115+hsa:196883">
        <graphics name="ADCY1, AC1, DFNB44..." fgcolor="#000000" bgcolor="#BFFFBF"
             type="rectangle" x="385" y="895" width="46" height="17"/>
    </entry>
    <entry id="55" name="cpd:C00280" type="compound"
        link="http://www.kegg.jp/dbget-bin/www_bget?C00280">
        <graphics name="C00280" fgcolor="#000000" bgcolor="#FFFFFF"
             type="circle" x="462" y="752" width="8" height="8"/>
    </entry>
    <entry id="56" name="cpd:C00535" type="compound"
        link="http://www.kegg.jp/dbget-bin/www_bget?C00535">
        <graphics name="C00535" fgcolor="#000000" bgcolor="#FFFFFF"
             type="circle" x="578" y="752" width="8" height="8"/>
    </entry>
    <entry id="57" name="cpd:C00951" type="compound"
        link="http://www.kegg.jp/dbget-bin/www_bget?C00951">
        <graphics name="C00951" fgcolor="#000000" bgcolor="#FFFFFF"
             type="circle" x="742" y="752" width="8" height="8"/>
    </entry>
    <entry id="58" name="cpd:C00468" type="compound"
        link="http://www.kegg.jp/dbget-bin/www_bget?C00468">
        <graphics name="C00468" fgcolor="#000000" bgcolor="#FFFFFF"
             type="circle" x="463" y="827" width="8" height="8"/>
    </entry>
    <entry id="59" name="cpd:C14209" type="compound"
        link="http://www.kegg.jp/dbget-bin/www_bget?C14209">
        <graphics name="C14209" fgcolor="#000000" bgcolor="#FFFFFF"
             type="circle" x="858" y="724" width="8" height="8"/>
    </entry>
    <entry id="60" name="cpd:C05301" type="compound"
        link="http://www.kegg.jp/dbget-bin/www_bget?C05301">
        <graphics name="C05301" fgcolor="#000000" bgcolor="#FFFFFF"
             type="circle" x="858" y="780" width="8" height="8"/>
    </entry>
    <entry id="62" name="hsa:3294 hsa:8644" type="gene"
        link="http://www.kegg.jp/dbget-bin/www_bget?hsa:3294+hsa:8644">
        <graphics name="HSD17B2, EDH17B2, HSD17, SDR9C2..." fgcolor="#000000" bgcolor="#BFFFBF"
             type="rectangle" x="519" y="736" width="46" height="17"/>
    </entry>
    <entry id="64" name="hsa:1588" type="gene"
        link="http://www.kegg.jp/dbget-bin/www_bget?hsa:1588">
        <graphics name="CYP19A1, ARO, ARO1, CPV1, CYAR, CYP19, CYPXIX, P-450AROM" fgcolor="#000000" bgcolor="#BFFFBF"
             type="rectangle" x="490" y="791" width="46" height="17"/>
    </entry>
    <entry id="66" name="hsa:1588" type="gene"
        link="http://www.kegg.jp/dbget-bin/www_bget?hsa:1588">
        <graphics name="CYP19A1, ARO, ARO1, CPV1, CYAR, CYP19, CYPXIX, P-450AROM" fgcolor="#000000" bgcolor="#BFFFBF"
             type="rectangle" x="633" y="736" width="46" height="17"/>
    </entry>
    <entry id="69" name="hsa:1545" type="gene"
        link="http://www.kegg.jp/dbget-bin/www_bget?hsa:1545">
        <graphics name="CYP1B1, ASGD6, CP1B, CYPIB1, GLC3A, P4501B1" fgcolor="#000000" bgcolor="#BFFFBF"
             type="rectangle" x="788" y="717" width="46" height="17"/>
    </entry>
    <entry id="70" name="hsa:1543" type="gene"
        link="http://www.kegg.jp/dbget-bin/www_bget?hsa:1543">
        <graphics name="CYP1A1, AHH, AHRR, CP11, CYP1, CYPIA1, P1-450, P450-C, P450DX" fgcolor="#000000" bgcolor="#BFFFBF"
             type="rectangle" x="790" y="797" width="46" height="17"/>
    </entry>
    <entry id="72" name="hsa:3292 hsa:51478" type="gene"
        link="http://www.kegg.jp/dbget-bin/www_bget?hsa:3292+hsa:51478">
        <graphics name="HSD17B1, 17-beta-HSD, 20-alpha-HSD, E2DH, EDH17B2, EDHB17, HSD17, SDR28C1..." fgcolor="#000000" bgcolor="#BFFFBF"
             type="rectangle" x="663" y="797" width="46" height="17"/>
    </entry>
    <entry id="75" name="cpd:C00575" type="compound"
        link="http://www.kegg.jp/dbget-bin/www_bget?C00575">
        <graphics name="C00575" fgcolor="#000000" bgcolor="#FFFFFF"
             type="circle" x="451" y="245" width="8" height="8"/>
    </entry>
    <entry id="76" name="cpd:C00575" type="compound"
        link="http://www.kegg.jp/dbget-bin/www_bget?C00575">
        <graphics name="C00575" fgcolor="#000000" bgcolor="#FFFFFF"
             type="circle" x="451" y="894" width="8" height="8"/>
    </entry>
    <entry id="79" name="hsa:3292 hsa:8644" type="gene"
        link="http://www.kegg.jp/dbget-bin/www_bget?hsa:3292+hsa:8644">
        <graphics name="HSD17B1, 17-beta-HSD, 20-alpha-HSD, E2DH, EDH17B2, EDHB17, HSD17, SDR28C1..." fgcolor="#000000" bgcolor="#BFFFBF"
             type="rectangle" x="740" y="396" width="46" height="17"/>
    </entry>
    <entry id="80" name="hsa:5566 hsa:5567 hsa:5568" type="gene"
        link="http://www.kegg.jp/dbget-bin/www_bget?hsa:5566+hsa:5567+hsa:5568">
        <graphics name="PRKACA, PKACA, PPNAD4..." fgcolor="#000000" bgcolor="#BFFFBF"
             type="rectangle" x="517" y="245" width="46" height="17"/>
    </entry>
    <entry id="84" name="hsa:10965" type="gene"
        link="http://www.kegg.jp/dbget-bin/www_bget?hsa:10965">
        <graphics name="ACOT2, CTE-IA, CTE1A, MTE1, PTE2, PTE2A, ZAP128" fgcolor="#000000" bgcolor="#BFFFBF"
             type="rectangle" x="575" y="206" width="46" height="17"/>
    </entry>
    <entry id="99" name="hsa:3630" type="gene"
        link="http://www.kegg.jp/dbget-bin/www_bget?hsa:3630">
        <graphics name="INS, IDDM, IDDM1, IDDM2, ILPR, IRDN, MODY10" fgcolor="#000000" bgcolor="#BFFFBF"
             type="rectangle" x="131" y="302" width="46" height="17"/>
    </entry>
    <entry id="100" name="hsa:3643" type="gene"
        link="http://www.kegg.jp/dbget-bin/www_bget?hsa:3643">
        <graphics name="INSR, CD220, HHF5" fgcolor="#000000" bgcolor="#BFFFBF"
             type="rectangle" x="216" y="302" width="46" height="17"/>
    </entry>
    <entry id="101" name="hsa:3479" type="gene"
        link="http://www.kegg.jp/dbget-bin/www_bget?hsa:3479">
        <graphics name="IGF1, IGF, IGF-I, IGFI, MGF" fgcolor="#000000" bgcolor="#BFFFBF"
             type="rectangle" x="131" y="327" width="46" height="17"/>
    </entry>
    <entry id="102" name="hsa:3480" type="gene"
        link="http://www.kegg.jp/dbget-bin/www_bget?hsa:3480">
        <graphics name="IGF1R, CD221, IGFIR, IGFR, JTK13" fgcolor="#000000" bgcolor="#BFFFBF"
             type="rectangle" x="216" y="329" width="46" height="17"/>
    </entry>
    <entry id="103" name="hsa:3630" type="gene"
        link="http://www.kegg.jp/dbget-bin/www_bget?hsa:3630">
        <graphics name="INS, IDDM, IDDM1, IDDM2, ILPR, IRDN, MODY10" fgcolor="#000000" bgcolor="#BFFFBF"
             type="rectangle" x="131" y="771" width="46" height="17"/>
    </entry>
    <entry id="104" name="hsa:3643" type="gene"
        link="http://www.kegg.jp/dbget-bin/www_bget?hsa:3643">
        <graphics name="INSR, CD220, HHF5" fgcolor="#000000" bgcolor="#BFFFBF"
             type="rectangle" x="216" y="771" width="46" height="17"/>
    </entry>
    <entry id="105" name="hsa:3479" type="gene"
        link="http://www.kegg.jp/dbget-bin/www_bget?hsa:3479">
        <graphics name="IGF1, IGF, IGF-I, IGFI, MGF" fgcolor="#000000" bgcolor="#BFFFBF"
             type="rectangle" x="131" y="799" width="46" height="17"/>
    </entry>
    <entry id="106" name="hsa:3480" type="gene"
        link="http://www.kegg.jp/dbget-bin/www_bget?hsa:3480">
        <graphics name="IGF1R, CD221, IGFIR, IGFR, JTK13" fgcolor="#000000" bgcolor="#BFFFBF"
             type="rectangle" x="216" y="800" width="46" height="17"/>
    </entry>
    <entry id="112" name="hsa:3949" type="gene"
        link="http://www.kegg.jp/dbget-bin/www_bget?hsa:3949">
        <graphics name="LDLR, FH, FHC, FHCL1, LDLCQ2" fgcolor="#000000" bgcolor="#BFFFBF"
             type="rectangle" x="216" y="410" width="46" height="17"/>
    </entry>
    <entry id="115" name="path:hsa04910" type="map"
        link="http://www.kegg.jp/dbget-bin/www_bget?hsa04910">
        <graphics name="Insulin signaling pathway" fgcolor="#000000" bgcolor="#FFFFFF"
             type="roundrectangle" x="359" y="289" width="123" height="34"/>
    </entry>
    <entry id="116" name="path:hsa04910" type="map"
        link="http://www.kegg.jp/dbget-bin/www_bget?hsa04910">
        <graphics name="Insulin signaling pathway" fgcolor="#000000" bgcolor="#FFFFFF"
             type="roundrectangle" x="346" y="789" width="123" height="34"/>
    </entry>
    <entry id="117" name="path:hsa00140" type="map"
        link="http://www.kegg.jp/dbget-bin/www_bget?hsa00140">
        <graphics name="Steroid hormone biosynthesis" fgcolor="#000000" bgcolor="#FFFFFF"
             type="roundrectangle" x="387" y="742" width="123" height="34"/>
    </entry>
    <entry id="121" name="cpd:C02249" type="compound"
        link="http://www.kegg.jp/dbget-bin/www_bget?C02249">
        <graphics name="C02249" fgcolor="#000000" bgcolor="#FFFFFF"
             type="circle" x="539" y="191" width="8" height="8"/>
    </entry>
    <entry id="122" name="cpd:C00219" type="compound"
        link="http://www.kegg.jp/dbget-bin/www_bget?C00219">
        <graphics name="C00219" fgcolor="#000000" bgcolor="#FFFFFF"
             type="circle" x="618" y="192" width="8" height="8"/>
    </entry>
    <entry id="123" name="hsa:240" type="gene"
        link="http://www.kegg.jp/dbget-bin/www_bget?hsa:240">
        <graphics name="ALOX5, 5-LO, 5-LOX, 5LPG, LOG5" fgcolor="#000000" bgcolor="#BFFFBF"
             type="rectangle" x="738" y="172" width="46" height="17"/>
    </entry>
    <entry id="124" name="hsa:1573" type="gene"
        link="http://www.kegg.jp/dbget-bin/www_bget?hsa:1573">
        <graphics name="CYP2J2, CPJ2, CYPIIJ2" fgcolor="#000000" bgcolor="#BFFFBF"
             type="rectangle" x="738" y="208" width="46" height="17"/>
    </entry>
    <entry id="125" name="hsa:5743" type="gene"
        link="http://www.kegg.jp/dbget-bin/www_bget?hsa:5743">
        <graphics name="PTGS2, COX-2, COX2, GRIPGHS, PGG/HS, PGHS-2, PHS-2, hCox-2" fgcolor="#000000" bgcolor="#BFFFBF"
             type="rectangle" x="738" y="244" width="46" height="17"/>
    </entry>
    <entry id="126" name="cpd:C05356 cpd:C05966 cpd:C14777" type="compound"
        link="http://www.kegg.jp/dbget-bin/www_bget?C05356+C05966+C14777">
        <graphics name="C05356..." fgcolor="#000000" bgcolor="#FFFFFF"
             type="circle" x="897" y="159" width="8" height="8"/>
    </entry>
    <entry id="128" name="hsa:100137049 hsa:123745 hsa:255189 hsa:283748 hsa:5321 hsa:8605 hsa:8681" type="gene"
        link="http://www.kegg.jp/dbget-bin/www_bget?hsa:100137049+hsa:123745+hsa:255189+hsa:283748+hsa:5321+hsa:8605+hsa:8681">
        <graphics name="PLA2G4B, HsT16992, cPLA2-beta..." fgcolor="#000000" bgcolor="#BFFFBF"
             type="rectangle" x="493" y="165" width="46" height="17"/>
    </entry>
    <entry id="130" name="cpd:C00219" type="compound"
        link="http://www.kegg.jp/dbget-bin/www_bget?C00219">
        <graphics name="C00219" fgcolor="#000000" bgcolor="#FFFFFF"
             type="circle" x="541" y="148" width="8" height="8"/>
    </entry>
    <entry id="132" name="cpd:C14768 cpd:C14769 cpd:C14770" type="compound"
        link="http://www.kegg.jp/dbget-bin/www_bget?C14768+C14769+C14770">
        <graphics name="C14768..." fgcolor="#000000" bgcolor="#FFFFFF"
             type="circle" x="869" y="193" width="8" height="8"/>
    </entry>
    <entry id="133" name="cpd:C00639" type="compound"
        link="http://www.kegg.jp/dbget-bin/www_bget?C00639">
        <graphics name="C00639" fgcolor="#000000" bgcolor="#FFFFFF"
             type="circle" x="806" y="229" width="8" height="8"/>
    </entry>
    <entry id="139" name="path:hsa04912" type="map"
        link="http://www.kegg.jp/dbget-bin/www_bget?hsa04912">
        <graphics name="GnRH signaling pathway" fgcolor="#000000" bgcolor="#FFFFFF"
             type="roundrectangle" x="108" y="185" width="123" height="34"/>
    </entry>
    <entry id="142" name="path:hsa04912" type="map"
        link="http://www.kegg.jp/dbget-bin/www_bget?hsa04912">
        <graphics name="GnRH signaling pathway" fgcolor="#000000" bgcolor="#FFFFFF"
             type="roundrectangle" x="106" y="836" width="123" height="34"/>
    </entry>
    <entry id="143" name="hsa:9210" type="gene"
        link="http://www.kegg.jp/dbget-bin/www_bget?hsa:9210">
        <graphics name="BMP15, GDF9B, ODG2, POF4" fgcolor="#000000" bgcolor="#BFFFBF"
             type="rectangle" x="131" y="933" width="46" height="17"/>
    </entry>
    <entry id="144" name="hsa:654" type="gene"
        link="http://www.kegg.jp/dbget-bin/www_bget?hsa:654">
        <graphics name="BMP6, VGR, VGR1" fgcolor="#000000" bgcolor="#BFFFBF"
             type="rectangle" x="131" y="964" width="46" height="17"/>
    </entry>
    <entry id="150" name="path:hsa04350" type="map"
        link="http://www.kegg.jp/dbget-bin/www_bget?hsa04350">
        <graphics name="TGF-beta signaling pathway" fgcolor="#000000" bgcolor="#FFFFFF"
             type="roundrectangle" x="417" y="958" width="123" height="34"/>
    </entry>
    <entry id="154" name="hsa:1586" type="gene"
        link="http://www.kegg.jp/dbget-bin/www_bget?hsa:1586">
        <graphics name="CYP17A1, CPT7, CYP17, P450C17, S17AH" fgcolor="#000000" bgcolor="#BFFFBF"
             type="rectangle" x="512" y="527" width="46" height="17"/>
    </entry>
    <entry id="155" name="hsa:1586" type="gene"
        link="http://www.kegg.jp/dbget-bin/www_bget?hsa:1586">
        <graphics name="CYP17A1, CPT7, CYP17, P450C17, S17AH" fgcolor="#000000" bgcolor="#BFFFBF"
             type="rectangle" x="634" y="527" width="46" height="17"/>
    </entry>
    <entry id="157" name="hsa:5566 hsa:5567 hsa:5568" type="gene"
        link="http://www.kegg.jp/dbget-bin/www_bget?hsa:5566+hsa:5567+hsa:5568">
        <graphics name="PRKACA, PKACA, PPNAD4..." fgcolor="#000000" bgcolor="#BFFFBF"
             type="rectangle" x="517" y="895" width="46" height="17"/>
    </entry>
    <entry id="161" name="hsa:949" type="gene"
        link="http://www.kegg.jp/dbget-bin/www_bget?hsa:949">
        <graphics name="SCARB1, CD36L1, CLA-1, CLA1, HDLQTL6, SR-BI, SRB1" fgcolor="#000000" bgcolor="#BFFFBF"
             type="rectangle" x="216" y="456" width="46" height="17"/>
    </entry>
    <entry id="163" name="cpd:C02530" type="compound"
        link="http://www.kegg.jp/dbget-bin/www_bget?C02530">
        <graphics name="C02530" fgcolor="#000000" bgcolor="#FFFFFF"
             type="circle" x="291" y="458" width="8" height="8"/>
    </entry>
    <relation entry1="38" entry2="37" type="PPrel">
        <subtype name="activation" value="--&gt;"/>
    </relation>
    <relation entry1="37" entry2="43" type="PPrel">
        <subtype name="activation" value="--&gt;"/>
    </relation>
    <relation entry1="43" entry2="44" type="PPrel">
        <subtype name="activation" value="--&gt;"/>
    </relation>
    <relation entry1="44" entry2="75" type="PCrel">
        <subtype name="activation" value="--&gt;"/>
    </relation>
    <relation entry1="75" entry2="80" type="PCrel">
        <subtype name="activation" value="--&gt;"/>
    </relation>
    <relation entry1="43" entry2="128" type="PPrel">
        <subtype name="activation" value="--&gt;"/>
    </relation>
    <relation entry1="75" entry2="128" type="PCrel">
        <subtype name="activation" value="--&gt;"/>
    </relation>
    <relation entry1="75" entry2="84" type="PCrel">
        <subtype name="activation" value="--&gt;"/>
    </relation>
    <relation entry1="99" entry2="100" type="PPrel">
        <subtype name="activation" value="--&gt;"/>
    </relation>
    <relation entry1="101" entry2="102" type="PPrel">
        <subtype name="activation" value="--&gt;"/>
    </relation>
    <relation entry1="80" entry2="39" type="GErel">
        <subtype name="expression" value="--&gt;"/>
        <subtype name="indirect effect" value="..&gt;"/>
    </relation>
    <relation entry1="80" entry2="41" type="GErel">
        <subtype name="expression" value="--&gt;"/>
        <subtype name="indirect effect" value="..&gt;"/>
    </relation>
    <relation entry1="80" entry2="32" type="GErel">
        <subtype name="expression" value="--&gt;"/>
        <subtype name="indirect effect" value="..&gt;"/>
    </relation>
    <relation entry1="80" entry2="42" type="GErel">
        <subtype name="expression" value="--&gt;"/>
        <subtype name="indirect effect" value="..&gt;"/>
    </relation>
    <relation entry1="103" entry2="104" type="PPrel">
        <subtype name="activation" value="--&gt;"/>
    </relation>
    <relation entry1="105" entry2="106" type="PPrel">
        <subtype name="activation" value="--&gt;"/>
    </relation>
    <relation entry1="48" entry2="49" type="PPrel">
        <subtype name="activation" value="--&gt;"/>
    </relation>
    <relation entry1="49" entry2="50" type="PPrel">
        <subtype name="activation" value="--&gt;"/>
    </relation>
    <relation entry1="50" entry2="51" type="PPrel">
        <subtype name="activation" value="--&gt;"/>
    </relation>
    <relation entry1="51" entry2="76" type="PCrel">
        <subtype name="activation" value="--&gt;"/>
    </relation>
    <relation entry1="76" entry2="157" type="PCrel">
        <subtype name="activation" value="--&gt;"/>
    </relation>
    <relation entry1="157" entry2="64" type="GErel">
        <subtype name="expression" value="--&gt;"/>
        <subtype name="indirect effect" value="..&gt;"/>
    </relation>
    <relation entry1="157" entry2="62" type="GErel">
        <subtype name="expression" value="--&gt;"/>
        <subtype name="indirect effect" value="..&gt;"/>
    </relation>
    <relation entry1="157" entry2="66" type="GErel">
        <subtype name="expression" value="--&gt;"/>
        <subtype name="indirect effect" value="..&gt;"/>
    </relation>
    <relation entry1="157" entry2="72" type="GErel">
        <subtype name="expression" value="--&gt;"/>
        <subtype name="indirect effect" value="..&gt;"/>
    </relation>
</pathway>
