<?xml version="1.0"?>
<!DOCTYPE pathway SYSTEM "http://www.kegg.jp/kegg/xml/KGML_v0.7.2_.dtd">
<!-- Creation date: Sep 2, 2010 10:55:09 +0900 (JST) -->
<pathway name="path:hsa04672" org="hsa" number="04672"
         title="Intestinal immune network for IgA production"
         image="http://www.kegg.jp/kegg/pathway/hsa/hsa04672.png"
         link="http://www.kegg.jp/kegg-bin/show_pathway?hsa04672">
    <entry id="17" name="hsa:7040" type="gene"
        link="http://www.kegg.jp/dbget-bin/www_bget?hsa:7040">
        <graphics name="TGFB1, CED, DPD1, IBDIMDE, LAP, TGFB, TGFbeta" fgcolor="#000000" bgcolor="#BFFFBF"
             type="rectangle" x="496" y="1012" width="46" height="17"/>
    </entry>
    <entry id="34" name="path:hsa04612" type="map"
        link="http://www.kegg.jp/dbget-bin/www_bget?hsa04612">
        <graphics name="Antigen processing and presentation" fgcolor="#000000" bgcolor="#FFFFFF"
             type="roundrectangle" x="241" y="558" width="114" height="34"/>
    </entry>
    <entry id="35" name="path:hsa04660" type="map"
        link="http://www.kegg.jp/dbget-bin/www_bget?hsa04660">
        <graphics name="T cell receptor signaling pathway" fgcolor="#000000" bgcolor="#FFFFFF"
             type="roundrectangle" x="240" y="667" width="102" height="34"/>
    </entry>
    <entry id="36" name="path:hsa04662" type="map"
        link="http://www.kegg.jp/dbget-bin/www_bget?hsa04662">
        <graphics name="B cell receptor signaling pathway" fgcolor="#000000" bgcolor="#FFFFFF"
             type="roundrectangle" x="621" y="810" width="99" height="34"/>
    </entry>
    <entry id="38" name="hsa:3567" type="gene"
        link="http://www.kegg.jp/dbget-bin/www_bget?hsa:3567">
        <graphics name="IL5, EDF, IL-5, TRF" fgcolor="#000000" bgcolor="#BFFFBF"
             type="rectangle" x="1470" y="677" width="46" height="17"/>
    </entry>
    <entry id="39" name="hsa:3569" type="gene"
        link="http://www.kegg.jp/dbget-bin/www_bget?hsa:3569">
        <graphics name="IL6, BSF-2, BSF2, CDF, HGF, HSF, IFN-beta-2, IFNB2, IL-6" fgcolor="#000000" bgcolor="#BFFFBF"
             type="rectangle" x="1470" y="697" width="46" height="17"/>
    </entry>
    <entry id="40" name="hsa:8741" type="gene"
        link="http://www.kegg.jp/dbget-bin/www_bget?hsa:8741">
        <graphics name="TNFSF13, APRIL, CD256, TALL-2, TALL2, TNLG7B, TRDL-1, UNQ383/PRO715, ZTNF2" fgcolor="#000000" bgcolor="#BFFFBF"
             type="rectangle" x="465" y="514" width="46" height="17"/>
    </entry>
    <entry id="41" name="hsa:10673" type="gene"
        link="http://www.kegg.jp/dbget-bin/www_bget?hsa:10673">
        <graphics name="TNFSF13B, BAFF, BLYS, CD257, DTL, TALL-1, TALL1, THANK, TNFSF20, TNLG7A, ZTNF4" fgcolor="#000000" bgcolor="#BFFFBF"
             type="rectangle" x="465" y="534" width="46" height="17"/>
    </entry>
    <entry id="42" name="hsa:959" type="gene"
        link="http://www.kegg.jp/dbget-bin/www_bget?hsa:959">
        <graphics name="CD40LG, CD154, CD40L, HIGM1, IGM, IMD3, T-BAM, TNFSF5, TRAP, gp39, hCD40L" fgcolor="#000000" bgcolor="#BFFFBF"
             type="rectangle" x="398" y="678" width="46" height="17"/>
    </entry>
    <entry id="43" name="hsa:958" type="gene"
        link="http://www.kegg.jp/dbget-bin/www_bget?hsa:958">
        <graphics name="CD40, Bp50, CDW40, TNFRSF5, p50" fgcolor="#000000" bgcolor="#BFFFBF"
             type="rectangle" x="573" y="678" width="46" height="17"/>
    </entry>
    <entry id="46" name="hsa:115650" type="gene"
        link="http://www.kegg.jp/dbget-bin/www_bget?hsa:115650">
        <graphics name="TNFRSF13C, BAFF-R, BAFFR, BROMIX, CD268, CVID4, prolixin" fgcolor="#000000" bgcolor="#BFFFBF"
             type="rectangle" x="573" y="533" width="46" height="17"/>
    </entry>
    <entry id="47" name="hsa:23495" type="gene"
        link="http://www.kegg.jp/dbget-bin/www_bget?hsa:23495">
        <graphics name="TNFRSF13B, CD267, CVID, CVID2, IGAD2, RYZN, TACI, TNFRSF14B" fgcolor="#000000" bgcolor="#BFFFBF"
             type="rectangle" x="573" y="493" width="46" height="17"/>
    </entry>
    <entry id="48" name="hsa:608" type="gene"
        link="http://www.kegg.jp/dbget-bin/www_bget?hsa:608">
        <graphics name="TNFRSF17, BCM, BCMA, CD269, TNFRSF13A" fgcolor="#000000" bgcolor="#BFFFBF"
             type="rectangle" x="573" y="513" width="46" height="17"/>
    </entry>
    <entry id="49" name="hsa:941 hsa:942" type="gene"
        link="http://www.kegg.jp/dbget-bin/www_bget?hsa:941+hsa:942">
        <graphics name="CD80, B7, B7-1, B7.1, BB1, CD28LG, CD28LG1, LAB7..." fgcolor="#000000" bgcolor="#BFFFBF"
             type="rectangle" x="319" y="489" width="46" height="17"/>
    </entry>
    <entry id="50" name="hsa:940" type="gene"
        link="http://www.kegg.jp/dbget-bin/www_bget?hsa:940">
        <graphics name="CD28, Tp44" fgcolor="#000000" bgcolor="#BFFFBF"
             type="rectangle" x="318" y="627" width="46" height="17"/>
    </entry>
    <entry id="51" name="ko:K10784 ko:K10785" type="ortholog"
        link="http://www.kegg.jp/dbget-bin/www_bget?K10784+K10785">
        <graphics name="K10784..." fgcolor="#000000" bgcolor="#FFFFFF"
             type="rectangle" x="368" y="627" width="46" height="17"/>
    </entry>
    <entry id="52" name="hsa:3108 hsa:3109 hsa:3111 hsa:3112 hsa:3113 hsa:3115 hsa:3117 hsa:3118 hsa:3119 hsa:3122 hsa:3123 hsa:3125 hsa:3126 hsa:3127" type="gene"
        link="http://www.kegg.jp/dbget-bin/www_bget?hsa:3108+hsa:3109+hsa:3111+hsa:3112+hsa:3113+hsa:3115+hsa:3117+hsa:3118+hsa:3119+hsa:3122+hsa:3123+hsa:3125+hsa:3126+hsa:3127">
        <graphics name="HLA-DMA, D6S222E, DMA, HLADM, RING6..." fgcolor="#000000" bgcolor="#BFFFBF"
             type="rectangle" x="573" y="658" width="46" height="17"/>
    </entry>
    <entry id="53" name="hsa:10803" type="gene"
        link="http://www.kegg.jp/dbget-bin/www_bget?hsa:10803">
        <graphics name="CCR9, CC-CKR-9, CDw199, GPR-9-6, GPR28" fgcolor="#000000" bgcolor="#BFFFBF"
             type="rectangle" x="1161" y="522" width="46" height="17"/>
    </entry>
    <entry id="54" name="hsa:3586" type="gene"
        link="http://www.kegg.jp/dbget-bin/www_bget?hsa:3586">
        <graphics name="IL10, CSIF, GVHDS, IL-10, IL10A, TGIF" fgcolor="#000000" bgcolor="#BFFFBF"
             type="rectangle" x="1470" y="717" width="46" height="17"/>
    </entry>
    <entry id="55" name="hsa:2826" type="gene"
        link="http://www.kegg.jp/dbget-bin/www_bget?hsa:2826">
        <graphics name="CCR10, GPR2" fgcolor="#000000" bgcolor="#BFFFBF"
             type="rectangle" x="1161" y="502" width="46" height="17"/>
    </entry>
    <entry id="56" name="hsa:56477" type="gene"
        link="http://www.kegg.jp/dbget-bin/www_bget?hsa:56477">
        <graphics name="CCL28, CCK1, MEC, SCYA28" fgcolor="#000000" bgcolor="#BFFFBF"
             type="rectangle" x="1314" y="502" width="46" height="17"/>
    </entry>
    <entry id="57" name="hsa:3600" type="gene"
        link="http://www.kegg.jp/dbget-bin/www_bget?hsa:3600">
        <graphics name="IL15, IL-15" fgcolor="#000000" bgcolor="#BFFFBF"
             type="rectangle" x="1244" y="930" width="46" height="17"/>
    </entry>
    <entry id="58" name="hsa:8741" type="gene"
        link="http://www.kegg.jp/dbget-bin/www_bget?hsa:8741">
        <graphics name="TNFSF13, APRIL, CD256, TALL-2, TALL2, TNLG7B, TRDL-1, UNQ383/PRO715, ZTNF2" fgcolor="#000000" bgcolor="#BFFFBF"
             type="rectangle" x="465" y="884" width="46" height="17"/>
    </entry>
    <entry id="59" name="hsa:10673" type="gene"
        link="http://www.kegg.jp/dbget-bin/www_bget?hsa:10673">
        <graphics name="TNFSF13B, BAFF, BLYS, CD257, DTL, TALL-1, TALL1, THANK, TNFSF20, TNLG7A, ZTNF4" fgcolor="#000000" bgcolor="#BFFFBF"
             type="rectangle" x="465" y="904" width="46" height="17"/>
    </entry>
    <entry id="60" name="hsa:23495" type="gene"
        link="http://www.kegg.jp/dbget-bin/www_bget?hsa:23495">
        <graphics name="TNFRSF13B, CD267, CVID, CVID2, IGAD2, RYZN, TACI, TNFRSF14B" fgcolor="#000000" bgcolor="#BFFFBF"
             type="rectangle" x="573" y="638" width="46" height="17"/>
    </entry>
    <entry id="61" name="hsa:23495" type="gene"
        link="http://www.kegg.jp/dbget-bin/www_bget?hsa:23495">
        <graphics name="TNFRSF13B, CD267, CVID, CVID2, IGAD2, RYZN, TACI, TNFRSF14B" fgcolor="#000000" bgcolor="#BFFFBF"
             type="rectangle" x="571" y="909" width="46" height="17"/>
    </entry>
    <entry id="62" name="path:hsa04670" type="map"
        link="http://www.kegg.jp/dbget-bin/www_bget?hsa04670">
        <graphics name="Leukocyte transendothelial migration" fgcolor="#000000" bgcolor="#FFFFFF"
             type="roundrectangle" x="1221" y="633" width="144" height="34"/>
    </entry>
    <entry id="67" name="hsa:10803" type="gene"
        link="http://www.kegg.jp/dbget-bin/www_bget?hsa:10803">
        <graphics name="CCR9, CC-CKR-9, CDw199, GPR-9-6, GPR28" fgcolor="#000000" bgcolor="#BFFFBF"
             type="rectangle" x="909" y="504" width="46" height="17"/>
    </entry>
    <entry id="68" name="hsa:3676 hsa:3695" type="gene"
        link="http://www.kegg.jp/dbget-bin/www_bget?hsa:3676+hsa:3695">
        <graphics name="ITGA4, CD49D, IA4..." fgcolor="#000000" bgcolor="#BFFFBF"
             type="rectangle" x="909" y="525" width="46" height="17"/>
    </entry>
    <entry id="70" name="hsa:3676 hsa:3695" type="gene"
        link="http://www.kegg.jp/dbget-bin/www_bget?hsa:3676+hsa:3695">
        <graphics name="ITGA4, CD49D, IA4..." fgcolor="#000000" bgcolor="#BFFFBF"
             type="rectangle" x="1161" y="542" width="46" height="17"/>
    </entry>
    <entry id="71" name="hsa:8174" type="gene"
        link="http://www.kegg.jp/dbget-bin/www_bget?hsa:8174">
        <graphics name="MADCAM1, MACAM1" fgcolor="#000000" bgcolor="#BFFFBF"
             type="rectangle" x="1222" y="542" width="46" height="17"/>
    </entry>
    <entry id="78" name="hsa:6387" type="gene"
        link="http://www.kegg.jp/dbget-bin/www_bget?hsa:6387">
        <graphics name="CXCL12, IRH, PBSF, SCYB12, SDF1, TLSF, TPAR1, SDF1A, SDF1B" fgcolor="#000000" bgcolor="#BFFFBF"
             type="rectangle" x="1314" y="482" width="46" height="17"/>
    </entry>
    <entry id="82" name="hsa:3108 hsa:3109 hsa:3111 hsa:3112 hsa:3113 hsa:3115 hsa:3117 hsa:3118 hsa:3119 hsa:3122 hsa:3123 hsa:3125 hsa:3126 hsa:3127" type="gene"
        link="http://www.kegg.jp/dbget-bin/www_bget?hsa:3108+hsa:3109+hsa:3111+hsa:3112+hsa:3113+hsa:3115+hsa:3117+hsa:3118+hsa:3119+hsa:3122+hsa:3123+hsa:3125+hsa:3126+hsa:3127">
        <graphics name="HLA-DMA, D6S222E, DMA, HLADM, RING6..." fgcolor="#000000" bgcolor="#BFFFBF"
             type="rectangle" x="369" y="489" width="46" height="17"/>
    </entry>
    <entry id="83" name="hsa:3565" type="gene"
        link="http://www.kegg.jp/dbget-bin/www_bget?hsa:3565">
        <graphics name="IL4, BCGF-1, BCGF1, BSF-1, BSF1, IL-4" fgcolor="#000000" bgcolor="#BFFFBF"
             type="rectangle" x="465" y="743" width="46" height="17"/>
    </entry>
    <entry id="84" name="hsa:57379" type="gene"
        link="http://www.kegg.jp/dbget-bin/www_bget?hsa:57379">
        <graphics name="AICDA, AID, ARP2, CDA2, HEL-S-284, HIGM2" fgcolor="#000000" bgcolor="#BFFFBF"
             type="rectangle" x="626" y="668" width="46" height="17"/>
    </entry>
    <entry id="85" name="hsa:57379" type="gene"
        link="http://www.kegg.jp/dbget-bin/www_bget?hsa:57379">
        <graphics name="AICDA, AID, ARP2, CDA2, HEL-S-284, HIGM2" fgcolor="#000000" bgcolor="#BFFFBF"
             type="rectangle" x="626" y="513" width="46" height="17"/>
    </entry>
    <entry id="86" name="hsa:102723407" type="gene"
        link="http://www.kegg.jp/dbget-bin/www_bget?hsa:102723407">
        <graphics name="IGH, IGH@, IGHV4, IGHV4-30, IGHV4-b, IGVH, IGVH4-39, IGVH4-b, IGVH4b, IgA, IgT, ighv" fgcolor="#000000" bgcolor="#BFFFBF"
             type="rectangle" x="622" y="884" width="46" height="17"/>
    </entry>
    <entry id="87" name="hsa:102723407" type="gene"
        link="http://www.kegg.jp/dbget-bin/www_bget?hsa:102723407">
        <graphics name="IGH, IGH@, IGHV4, IGHV4-30, IGHV4-b, IGVH, IGVH4-39, IGVH4-b, IGVH4b, IgA, IgT, ighv" fgcolor="#000000" bgcolor="#BFFFBF"
             type="rectangle" x="620" y="618" width="46" height="17"/>
    </entry>
    <entry id="88" name="hsa:102723407" type="gene"
        link="http://www.kegg.jp/dbget-bin/www_bget?hsa:102723407">
        <graphics name="IGH, IGH@, IGHV4, IGHV4-30, IGHV4-b, IGVH, IGVH4-39, IGVH4-b, IGVH4b, IgA, IgT, ighv" fgcolor="#000000" bgcolor="#BFFFBF"
             type="rectangle" x="621" y="467" width="46" height="17"/>
    </entry>
    <entry id="89" name="hsa:6370" type="gene"
        link="http://www.kegg.jp/dbget-bin/www_bget?hsa:6370">
        <graphics name="CCL25, Ckb15, SCYA25, TECK" fgcolor="#000000" bgcolor="#BFFFBF"
             type="rectangle" x="1314" y="522" width="46" height="17"/>
    </entry>
    <entry id="91" name="ko:K10784 ko:K10785" type="ortholog"
        link="http://www.kegg.jp/dbget-bin/www_bget?K10784+K10785">
        <graphics name="K10784..." fgcolor="#000000" bgcolor="#FFFFFF"
             type="rectangle" x="398" y="658" width="46" height="17"/>
    </entry>
    <entry id="97" name="cpd:C00777 cpd:C15493" type="compound"
        link="http://www.kegg.jp/dbget-bin/www_bget?C00777+C15493">
        <graphics name="C00777..." fgcolor="#000000" bgcolor="#FFFFFF"
             type="circle" x="742" y="498" width="8" height="8"/>
    </entry>
    <entry id="98" name="hsa:3565" type="gene"
        link="http://www.kegg.jp/dbget-bin/www_bget?hsa:3565">
        <graphics name="IL4, BCGF-1, BCGF1, BSF-1, BSF1, IL-4" fgcolor="#000000" bgcolor="#BFFFBF"
             type="rectangle" x="513" y="402" width="46" height="17"/>
    </entry>
    <entry id="99" name="hsa:3567" type="gene"
        link="http://www.kegg.jp/dbget-bin/www_bget?hsa:3567">
        <graphics name="IL5, EDF, IL-5, TRF" fgcolor="#000000" bgcolor="#BFFFBF"
             type="rectangle" x="465" y="421" width="46" height="17"/>
    </entry>
    <entry id="100" name="hsa:3569" type="gene"
        link="http://www.kegg.jp/dbget-bin/www_bget?hsa:3569">
        <graphics name="IL6, BSF-2, BSF2, CDF, HGF, HSF, IFN-beta-2, IFNB2, IL-6" fgcolor="#000000" bgcolor="#BFFFBF"
             type="rectangle" x="513" y="421" width="46" height="17"/>
    </entry>
    <entry id="101" name="hsa:3586" type="gene"
        link="http://www.kegg.jp/dbget-bin/www_bget?hsa:3586">
        <graphics name="IL10, CSIF, GVHDS, IL-10, IL10A, TGIF" fgcolor="#000000" bgcolor="#BFFFBF"
             type="rectangle" x="465" y="440" width="46" height="17"/>
    </entry>
    <entry id="102" name="hsa:3558" type="gene"
        link="http://www.kegg.jp/dbget-bin/www_bget?hsa:3558">
        <graphics name="IL2, IL-2, TCGF, lymphokine" fgcolor="#000000" bgcolor="#BFFFBF"
             type="rectangle" x="465" y="402" width="46" height="17"/>
    </entry>
    <entry id="103" name="hsa:7040" type="gene"
        link="http://www.kegg.jp/dbget-bin/www_bget?hsa:7040">
        <graphics name="TGFB1, CED, DPD1, IBDIMDE, LAP, TGFB, TGFbeta" fgcolor="#000000" bgcolor="#BFFFBF"
             type="rectangle" x="513" y="440" width="46" height="17"/>
    </entry>
    <entry id="110" name="hsa:7040" type="gene"
        link="http://www.kegg.jp/dbget-bin/www_bget?hsa:7040">
        <graphics name="TGFB1, CED, DPD1, IBDIMDE, LAP, TGFB, TGFbeta" fgcolor="#000000" bgcolor="#BFFFBF"
             type="rectangle" x="465" y="723" width="46" height="17"/>
    </entry>
    <entry id="114" name="hsa:3569" type="gene"
        link="http://www.kegg.jp/dbget-bin/www_bget?hsa:3569">
        <graphics name="IL6, BSF-2, BSF2, CDF, HGF, HSF, IFN-beta-2, IFNB2, IL-6" fgcolor="#000000" bgcolor="#BFFFBF"
             type="rectangle" x="465" y="989" width="46" height="17"/>
    </entry>
    <entry id="115" name="hsa:3586" type="gene"
        link="http://www.kegg.jp/dbget-bin/www_bget?hsa:3586">
        <graphics name="IL10, CSIF, GVHDS, IL-10, IL10A, TGIF" fgcolor="#000000" bgcolor="#BFFFBF"
             type="rectangle" x="465" y="969" width="46" height="17"/>
    </entry>
    <entry id="116" name="hsa:3558" type="gene"
        link="http://www.kegg.jp/dbget-bin/www_bget?hsa:3558">
        <graphics name="IL2, IL-2, TCGF, lymphokine" fgcolor="#000000" bgcolor="#BFFFBF"
             type="rectangle" x="465" y="763" width="46" height="17"/>
    </entry>
    <entry id="117" name="hsa:3567" type="gene"
        link="http://www.kegg.jp/dbget-bin/www_bget?hsa:3567">
        <graphics name="IL5, EDF, IL-5, TRF" fgcolor="#000000" bgcolor="#BFFFBF"
             type="rectangle" x="465" y="783" width="46" height="17"/>
    </entry>
    <entry id="118" name="hsa:4055" type="gene"
        link="http://www.kegg.jp/dbget-bin/www_bget?hsa:4055">
        <graphics name="LTBR, D12S370, LT-BETA-R, TNF-R-III, TNFCR, TNFR-RP, TNFR2-RP, TNFR3, TNFRSF3" fgcolor="#000000" bgcolor="#BFFFBF"
             type="rectangle" x="302" y="1068" width="46" height="17"/>
    </entry>
    <entry id="119" name="hsa:9020" type="gene"
        link="http://www.kegg.jp/dbget-bin/www_bget?hsa:9020">
        <graphics name="MAP3K14, FTDCR1B, HS, HSNIK, NIK" fgcolor="#000000" bgcolor="#BFFFBF"
             type="rectangle" x="371" y="1068" width="46" height="17"/>
    </entry>
    <entry id="120" name="hsa:29851" type="gene"
        link="http://www.kegg.jp/dbget-bin/www_bget?hsa:29851">
        <graphics name="ICOS, AILIM, CD278, CVID1" fgcolor="#000000" bgcolor="#BFFFBF"
             type="rectangle" x="398" y="698" width="46" height="17"/>
    </entry>
    <entry id="121" name="hsa:102723996 hsa:23308" type="gene"
        link="http://www.kegg.jp/dbget-bin/www_bget?hsa:102723996+hsa:23308">
        <graphics name="102723996..." fgcolor="#000000" bgcolor="#BFFFBF"
             type="rectangle" x="573" y="698" width="46" height="17"/>
    </entry>
    <entry id="122" name="hsa:7852" type="gene"
        link="http://www.kegg.jp/dbget-bin/www_bget?hsa:7852">
        <graphics name="CXCR4, CD184, D2S201E, FB22, HM89, HSY3RR, LAP-3, LAP3, LCR1, LESTR, NPY3R, NPYR, NPYRL, NPYY3R, WHIM, WHIMS" fgcolor="#000000" bgcolor="#BFFFBF"
             type="rectangle" x="1161" y="482" width="46" height="17"/>
    </entry>
    <entry id="124" name="hsa:3601" type="gene"
        link="http://www.kegg.jp/dbget-bin/www_bget?hsa:3601">
        <graphics name="IL15RA, CD215" fgcolor="#000000" bgcolor="#BFFFBF"
             type="rectangle" x="1161" y="930" width="46" height="17"/>
    </entry>
    <entry id="175" name="hsa:102723407" type="gene"
        link="http://www.kegg.jp/dbget-bin/www_bget?hsa:102723407">
        <graphics name="IGH, IGH@, IGHV4, IGHV4-30, IGHV4-b, IGVH, IGVH4-39, IGVH4-b, IGVH4b, IgA, IgT, ighv" fgcolor="#000000" bgcolor="#BFFFBF"
             type="rectangle" x="1619" y="498" width="46" height="17"/>
    </entry>
    <entry id="177" name="hsa:5284" type="gene"
        link="http://www.kegg.jp/dbget-bin/www_bget?hsa:5284">
        <graphics name="PIGR" fgcolor="#000000" bgcolor="#BFFFBF"
             type="rectangle" x="1619" y="323" width="46" height="17"/>
    </entry>
    <entry id="181" name="path:hsa04672" type="map"
        link="http://www.kegg.jp/dbget-bin/www_bget?hsa04672">
        <graphics name="TITLE:Intestinal immune network for IgA production" fgcolor="#000000" bgcolor="#FFFFFF"
             type="roundrectangle" x="246" y="58" width="412" height="25"/>
    </entry>
    <relation entry1="49" entry2="50" type="PPrel">
        <subtype name="activation" value="--&gt;"/>
        <subtype name="binding/association" value="---"/>
    </relation>
    <relation entry1="40" entry2="47" type="PPrel">
        <subtype name="activation" value="--&gt;"/>
        <subtype name="binding/association" value="---"/>
    </relation>
    <relation entry1="40" entry2="48" type="PPrel">
        <subtype name="activation" value="--&gt;"/>
        <subtype name="binding/association" value="---"/>
    </relation>
    <relation entry1="41" entry2="47" type="PPrel">
        <subtype name="activation" value="--&gt;"/>
        <subtype name="binding/association" value="---"/>
    </relation>
    <relation entry1="41" entry2="48" type="PPrel">
        <subtype name="activation" value="--&gt;"/>
        <subtype name="binding/association" value="---"/>
    </relation>
    <relation entry1="41" entry2="46" type="PPrel">
        <subtype name="activation" value="--&gt;"/>
        <subtype name="binding/association" value="---"/>
    </relation>
    <relation entry1="40" entry2="60" type="PPrel">
        <subtype name="activation" value="--&gt;"/>
        <subtype name="binding/association" value="---"/>
    </relation>
    <relation entry1="41" entry2="60" type="PPrel">
        <subtype name="activation" value="--&gt;"/>
        <subtype name="binding/association" value="---"/>
    </relation>
    <relation entry1="42" entry2="43" type="PPrel">
        <subtype name="activation" value="--&gt;"/>
        <subtype name="binding/association" value="---"/>
    </relation>
    <relation entry1="121" entry2="120" type="PPrel">
        <subtype name="activation" value="--&gt;"/>
        <subtype name="binding/association" value="---"/>
    </relation>
    <relation entry1="78" entry2="122" type="PPrel">
        <subtype name="binding/association" value="---"/>
    </relation>
    <relation entry1="56" entry2="55" type="PPrel">
        <subtype name="binding/association" value="---"/>
    </relation>
    <relation entry1="89" entry2="53" type="PPrel">
        <subtype name="binding/association" value="---"/>
    </relation>
    <relation entry1="71" entry2="70" type="PPrel">
        <subtype name="binding/association" value="---"/>
    </relation>
    <relation entry1="118" entry2="119" type="PPrel">
        <subtype name="activation" value="--&gt;"/>
    </relation>
    <relation entry1="57" entry2="124" type="PPrel">
        <subtype name="binding/association" value="---"/>
    </relation>
    <relation entry1="175" entry2="177" type="PPrel">
        <subtype name="binding/association" value="---"/>
    </relation>
    <relation entry1="58" entry2="61" type="PPrel">
        <subtype name="activation" value="--&gt;"/>
        <subtype name="binding/association" value="---"/>
    </relation>
    <relation entry1="59" entry2="61" type="PPrel">
        <subtype name="activation" value="--&gt;"/>
        <subtype name="binding/association" value="---"/>
    </relation>
</pathway>
