<?xml version="1.0"?>
<!DOCTYPE pathway SYSTEM "http://www.kegg.jp/kegg/xml/KGML_v0.7.2_.dtd">
<!-- Creation date: Jul 8, 2013 14:49:12 +0900 (GMT+09:00) -->
<pathway name="path:hsa05310" org="hsa" number="05310"
         title="Asthma"
         image="http://www.kegg.jp/kegg/pathway/hsa/hsa05310.png"
         link="http://www.kegg.jp/kegg-bin/show_pathway?hsa05310">
    <entry id="1" name="path:hsa04060" type="map"
        link="http://www.kegg.jp/dbget-bin/www_bget?hsa04060">
        <graphics name="Cytokine-cytokine receptor interaction" fgcolor="#000000" bgcolor="#FFFFFF"
             type="roundrectangle" x="324" y="452" width="112" height="34"/>
    </entry>
    <entry id="2" name="path:hsa04630" type="map"
        link="http://www.kegg.jp/dbget-bin/www_bget?hsa04630">
        <graphics name="JAK-STAT signaling pathway" fgcolor="#000000" bgcolor="#FFFFFF"
             type="roundrectangle" x="325" y="519" width="113" height="34"/>
    </entry>
    <entry id="3" name="path:hsa04664" type="map"
        link="http://www.kegg.jp/dbget-bin/www_bget?hsa04664">
        <graphics name="Fc epsilon RI signaling pathway" fgcolor="#000000" bgcolor="#FFFFFF"
             type="roundrectangle" x="902" y="80" width="113" height="34"/>
    </entry>
    <entry id="4" name="path:hsa04660" type="map"
        link="http://www.kegg.jp/dbget-bin/www_bget?hsa04660">
        <graphics name="T cell receptor signaling pathway" fgcolor="#000000" bgcolor="#FFFFFF"
             type="roundrectangle" x="290" y="192" width="113" height="34"/>
    </entry>
    <entry id="5" name="hsa:3108 hsa:3109 hsa:3111 hsa:3112 hsa:3113 hsa:3115 hsa:3117 hsa:3118 hsa:3119 hsa:3122 hsa:3123 hsa:3125 hsa:3126 hsa:3127" type="gene"
        link="http://www.kegg.jp/dbget-bin/www_bget?hsa:3108+hsa:3109+hsa:3111+hsa:3112+hsa:3113+hsa:3115+hsa:3117+hsa:3118+hsa:3119+hsa:3122+hsa:3123+hsa:3125+hsa:3126+hsa:3127">
        <graphics name="HLA-DMA, D6S222E, DMA, HLADM, RING6..." fgcolor="#000000" bgcolor="#BFFFBF"
             type="rectangle" x="165" y="296" width="46" height="17"/>
    </entry>
    <entry id="6" name="ko:K10784 ko:K10785" type="ortholog"
        link="http://www.kegg.jp/dbget-bin/www_bget?K10784+K10785">
        <graphics name="K10784..." fgcolor="#000000" bgcolor="#FFFFFF"
             type="rectangle" x="245" y="296" width="46" height="17"/>
    </entry>
    <entry id="7" name="hsa:959" type="gene"
        link="http://www.kegg.jp/dbget-bin/www_bget?hsa:959">
        <graphics name="CD40LG, CD154, CD40L, HIGM1, IGM, IMD3, T-BAM, TNFSF5, TRAP, gp39, hCD40L" fgcolor="#000000" bgcolor="#BFFFBF"
             type="rectangle" x="468" y="283" width="46" height="17"/>
    </entry>
    <entry id="8" name="hsa:958" type="gene"
        link="http://www.kegg.jp/dbget-bin/www_bget?hsa:958">
        <graphics name="CD40, Bp50, CDW40, TNFRSF5, p50" fgcolor="#000000" bgcolor="#BFFFBF"
             type="rectangle" x="549" y="283" width="46" height="17"/>
    </entry>
    <entry id="9" name="ko:K10784 ko:K10785" type="ortholog"
        link="http://www.kegg.jp/dbget-bin/www_bget?K10784+K10785">
        <graphics name="K10784..." fgcolor="#000000" bgcolor="#FFFFFF"
             type="rectangle" x="468" y="309" width="46" height="17"/>
    </entry>
    <entry id="10" name="hsa:3108 hsa:3109 hsa:3111 hsa:3112 hsa:3113 hsa:3115 hsa:3117 hsa:3118 hsa:3119 hsa:3122 hsa:3123 hsa:3125 hsa:3126 hsa:3127" type="gene"
        link="http://www.kegg.jp/dbget-bin/www_bget?hsa:3108+hsa:3109+hsa:3111+hsa:3112+hsa:3113+hsa:3115+hsa:3117+hsa:3118+hsa:3119+hsa:3122+hsa:3123+hsa:3125+hsa:3126+hsa:3127">
        <graphics name="HLA-DMA, D6S222E, DMA, HLADM, RING6..." fgcolor="#000000" bgcolor="#BFFFBF"
             type="rectangle" x="549" y="307" width="46" height="17"/>
    </entry>
    <entry id="11" name="hsa:3586" type="gene"
        link="http://www.kegg.jp/dbget-bin/www_bget?hsa:3586">
        <graphics name="IL10, CSIF, GVHDS, IL-10, IL10A, TGIF" fgcolor="#000000" bgcolor="#BFFFBF"
             type="rectangle" x="703" y="114" width="46" height="17"/>
    </entry>
    <entry id="12" name="hsa:3578" type="gene"
        link="http://www.kegg.jp/dbget-bin/www_bget?hsa:3578">
        <graphics name="IL9, HP40, IL-9, P40" fgcolor="#000000" bgcolor="#BFFFBF"
             type="rectangle" x="703" y="90" width="46" height="17"/>
    </entry>
    <entry id="13" name="hsa:2205 hsa:2206 hsa:2207" type="gene"
        link="http://www.kegg.jp/dbget-bin/www_bget?hsa:2205+hsa:2206+hsa:2207">
        <graphics name="FCER1A, FCE1A, FcERI..." fgcolor="#000000" bgcolor="#BFFFBF"
             type="rectangle" x="841" y="152" width="46" height="17"/>
    </entry>
    <entry id="14" name="hsa:2205 hsa:2206 hsa:2207" type="gene"
        link="http://www.kegg.jp/dbget-bin/www_bget?hsa:2205+hsa:2206+hsa:2207">
        <graphics name="FCER1A, FCE1A, FcERI..." fgcolor="#000000" bgcolor="#BFFFBF"
             type="rectangle" x="841" y="176" width="46" height="17"/>
    </entry>
    <entry id="15" name="hsa:3565" type="gene"
        link="http://www.kegg.jp/dbget-bin/www_bget?hsa:3565">
        <graphics name="IL4, BCGF-1, BCGF1, BSF-1, BSF1, IL-4" fgcolor="#000000" bgcolor="#BFFFBF"
             type="rectangle" x="703" y="68" width="46" height="17"/>
    </entry>
    <entry id="16" name="hsa:3565" type="gene"
        link="http://www.kegg.jp/dbget-bin/www_bget?hsa:3565">
        <graphics name="IL4, BCGF-1, BCGF1, BSF-1, BSF1, IL-4" fgcolor="#000000" bgcolor="#BFFFBF"
             type="rectangle" x="503" y="355" width="46" height="17"/>
    </entry>
    <entry id="17" name="hsa:3596" type="gene"
        link="http://www.kegg.jp/dbget-bin/www_bget?hsa:3596">
        <graphics name="IL13, IL-13, P600" fgcolor="#000000" bgcolor="#BFFFBF"
             type="rectangle" x="503" y="381" width="46" height="17"/>
    </entry>
    <entry id="18" name="hsa:6037" type="gene"
        link="http://www.kegg.jp/dbget-bin/www_bget?hsa:6037">
        <graphics name="RNASE3, ECP, RAF1, RNS3" fgcolor="#000000" bgcolor="#BFFFBF"
             type="rectangle" x="1027" y="457" width="46" height="17"/>
    </entry>
    <entry id="19" name="hsa:5553" type="gene"
        link="http://www.kegg.jp/dbget-bin/www_bget?hsa:5553">
        <graphics name="PRG2, BMPG, MBP, MBP1, proMBP" fgcolor="#000000" bgcolor="#BFFFBF"
             type="rectangle" x="1027" y="433" width="46" height="17"/>
    </entry>
    <entry id="20" name="hsa:102723407" type="gene"
        link="http://www.kegg.jp/dbget-bin/www_bget?hsa:102723407">
        <graphics name="IGH, IGH@, IGHV4, IGHV4-30, IGHV4-b, IGVH, IGVH4-39, IGVH4-b, IGVH4b, IgA, IgT, ighv" fgcolor="#000000" bgcolor="#BFFFBF"
             type="rectangle" x="682" y="205" width="46" height="17"/>
    </entry>
    <entry id="21" name="hsa:3565" type="gene"
        link="http://www.kegg.jp/dbget-bin/www_bget?hsa:3565">
        <graphics name="IL4, BCGF-1, BCGF1, BSF-1, BSF1, IL-4" fgcolor="#000000" bgcolor="#BFFFBF"
             type="rectangle" x="467" y="436" width="46" height="17"/>
    </entry>
    <entry id="22" name="hsa:3596" type="gene"
        link="http://www.kegg.jp/dbget-bin/www_bget?hsa:3596">
        <graphics name="IL13, IL-13, P600" fgcolor="#000000" bgcolor="#BFFFBF"
             type="rectangle" x="467" y="459" width="46" height="17"/>
    </entry>
    <entry id="23" name="path:hsa04612" type="map"
        link="http://www.kegg.jp/dbget-bin/www_bget?hsa04612">
        <graphics name="Antigen processing and presentation" fgcolor="#000000" bgcolor="#FFFFFF"
             type="roundrectangle" x="189" y="386" width="112" height="34"/>
    </entry>
    <entry id="24" name="hsa:3565" type="gene"
        link="http://www.kegg.jp/dbget-bin/www_bget?hsa:3565">
        <graphics name="IL4, BCGF-1, BCGF1, BSF-1, BSF1, IL-4" fgcolor="#000000" bgcolor="#BFFFBF"
             type="rectangle" x="204" y="237" width="46" height="17"/>
    </entry>
    <entry id="25" name="hsa:8288" type="gene"
        link="http://www.kegg.jp/dbget-bin/www_bget?hsa:8288">
        <graphics name="EPX, EPO, EPP, EPX-PEN, EPXD" fgcolor="#000000" bgcolor="#BFFFBF"
             type="rectangle" x="1027" y="481" width="46" height="17"/>
    </entry>
    <entry id="26" name="path:hsa04514" type="map"
        link="http://www.kegg.jp/dbget-bin/www_bget?hsa04514">
        <graphics name="Cell adhesion molecules (CAMs)" fgcolor="#000000" bgcolor="#FFFFFF"
             type="roundrectangle" x="416" y="192" width="113" height="34"/>
    </entry>
    <entry id="27" name="cpd:C00388" type="compound"
        link="http://www.kegg.jp/dbget-bin/www_bget?C00388">
        <graphics name="C00388" fgcolor="#000000" bgcolor="#FFFFFF"
             type="circle" x="1031" y="148" width="8" height="8"/>
    </entry>
    <entry id="28" name="cpd:C02166" type="compound"
        link="http://www.kegg.jp/dbget-bin/www_bget?C02166">
        <graphics name="C02166" fgcolor="#000000" bgcolor="#FFFFFF"
             type="circle" x="1030" y="179" width="8" height="8"/>
    </entry>
    <entry id="29" name="cpd:C00696" type="compound"
        link="http://www.kegg.jp/dbget-bin/www_bget?C00696">
        <graphics name="C00696" fgcolor="#000000" bgcolor="#FFFFFF"
             type="circle" x="1030" y="239" width="8" height="8"/>
    </entry>
    <entry id="30" name="cpd:C04598" type="compound"
        link="http://www.kegg.jp/dbget-bin/www_bget?C04598">
        <graphics name="C04598" fgcolor="#000000" bgcolor="#FFFFFF"
             type="circle" x="1030" y="120" width="8" height="8"/>
    </entry>
    <entry id="31" name="cpd:C05951" type="compound"
        link="http://www.kegg.jp/dbget-bin/www_bget?C05951">
        <graphics name="C05951" fgcolor="#000000" bgcolor="#FFFFFF"
             type="circle" x="1026" y="507" width="8" height="8"/>
    </entry>
    <entry id="32" name="cpd:C04598" type="compound"
        link="http://www.kegg.jp/dbget-bin/www_bget?C04598">
        <graphics name="C04598" fgcolor="#000000" bgcolor="#FFFFFF"
             type="circle" x="1027" y="560" width="8" height="8"/>
    </entry>
    <entry id="33" name="hsa:6356" type="gene"
        link="http://www.kegg.jp/dbget-bin/www_bget?hsa:6356">
        <graphics name="CCL11, SCYA11" fgcolor="#000000" bgcolor="#BFFFBF"
             type="rectangle" x="738" y="542" width="46" height="17"/>
    </entry>
    <entry id="34" name="hsa:3567" type="gene"
        link="http://www.kegg.jp/dbget-bin/www_bget?hsa:3567">
        <graphics name="IL5, EDF, IL-5, TRF" fgcolor="#000000" bgcolor="#BFFFBF"
             type="rectangle" x="641" y="464" width="46" height="17"/>
    </entry>
    <entry id="35" name="hsa:3562" type="gene"
        link="http://www.kegg.jp/dbget-bin/www_bget?hsa:3562">
        <graphics name="IL3, IL-3, MCGF, MULTI-CSF" fgcolor="#000000" bgcolor="#BFFFBF"
             type="rectangle" x="898" y="321" width="46" height="17"/>
    </entry>
    <entry id="36" name="hsa:3567" type="gene"
        link="http://www.kegg.jp/dbget-bin/www_bget?hsa:3567">
        <graphics name="IL5, EDF, IL-5, TRF" fgcolor="#000000" bgcolor="#BFFFBF"
             type="rectangle" x="898" y="346" width="46" height="17"/>
    </entry>
    <entry id="37" name="path:hsa04662" type="map"
        link="http://www.kegg.jp/dbget-bin/www_bget?hsa04662">
        <graphics name="B cell receptor signaling pathway" fgcolor="#000000" bgcolor="#FFFFFF"
             type="roundrectangle" x="674" y="366" width="112" height="34"/>
    </entry>
    <entry id="38" name="hsa:102723407" type="gene"
        link="http://www.kegg.jp/dbget-bin/www_bget?hsa:102723407">
        <graphics name="IGH, IGH@, IGHV4, IGHV4-30, IGHV4-b, IGVH, IGVH4-39, IGVH4-b, IGVH4b, IgA, IgT, ighv" fgcolor="#000000" bgcolor="#BFFFBF"
             type="rectangle" x="592" y="253" width="46" height="17"/>
    </entry>
    <entry id="39" name="hsa:102723407" type="gene"
        link="http://www.kegg.jp/dbget-bin/www_bget?hsa:102723407">
        <graphics name="IGH, IGH@, IGHV4, IGHV4-30, IGHV4-b, IGVH, IGVH4-39, IGVH4-b, IGVH4b, IgA, IgT, ighv" fgcolor="#000000" bgcolor="#BFFFBF"
             type="rectangle" x="782" y="177" width="46" height="17"/>
    </entry>
    <entry id="40" name="hsa:102723407" type="gene"
        link="http://www.kegg.jp/dbget-bin/www_bget?hsa:102723407">
        <graphics name="IGH, IGH@, IGHV4, IGHV4-30, IGHV4-b, IGVH, IGVH4-39, IGVH4-b, IGVH4b, IgA, IgT, ighv" fgcolor="#000000" bgcolor="#BFFFBF"
             type="rectangle" x="783" y="151" width="46" height="17"/>
    </entry>
    <entry id="41" name="cpd:C05951" type="compound"
        link="http://www.kegg.jp/dbget-bin/www_bget?C05951">
        <graphics name="C05951" fgcolor="#000000" bgcolor="#FFFFFF"
             type="circle" x="1030" y="209" width="8" height="8"/>
    </entry>
    <entry id="42" name="cpd:C05951" type="compound"
        link="http://www.kegg.jp/dbget-bin/www_bget?C05951">
        <graphics name="C05951" fgcolor="#000000" bgcolor="#FFFFFF"
             type="circle" x="1026" y="533" width="8" height="8"/>
    </entry>
    <entry id="43" name="path:hsa05310" type="map"
        link="http://www.kegg.jp/dbget-bin/www_bget?hsa05310">
        <graphics name="TITLE:Asthma" fgcolor="#000000" bgcolor="#FFFFFF"
             type="roundrectangle" x="82" y="58" width="83" height="25"/>
    </entry>
    <entry id="44" name="hsa:3565" type="gene"
        link="http://www.kegg.jp/dbget-bin/www_bget?hsa:3565">
        <graphics name="IL4, BCGF-1, BCGF1, BSF-1, BSF1, IL-4" fgcolor="#000000" bgcolor="#BFFFBF"
             type="rectangle" x="797" y="337" width="46" height="17"/>
    </entry>
    <entry id="45" name="hsa:7124" type="gene"
        link="http://www.kegg.jp/dbget-bin/www_bget?hsa:7124">
        <graphics name="TNF, DIF, TNF-alpha, TNFA, TNFSF2, TNLG1F" fgcolor="#000000" bgcolor="#BFFFBF"
             type="rectangle" x="797" y="384" width="46" height="17"/>
    </entry>
    <entry id="46" name="hsa:3596" type="gene"
        link="http://www.kegg.jp/dbget-bin/www_bget?hsa:3596">
        <graphics name="IL13, IL-13, P600" fgcolor="#000000" bgcolor="#BFFFBF"
             type="rectangle" x="797" y="360" width="46" height="17"/>
    </entry>
    <relation entry1="7" entry2="8" type="PPrel">
        <subtype name="activation" value="--&gt;"/>
    </relation>
    <relation entry1="40" entry2="13" type="PPrel">
        <subtype name="binding/association" value="---"/>
    </relation>
    <relation entry1="39" entry2="14" type="PPrel">
        <subtype name="binding/association" value="---"/>
    </relation>
</pathway>
