<?xml version="1.0"?>
<!DOCTYPE pathway SYSTEM "http://www.kegg.jp/kegg/xml/KGML_v0.7.2_.dtd">
<!-- Creation date: Jul 31, 2019 09:44:42 +0900 (GMT+9) -->
<pathway name="path:hsa00511" org="hsa" number="00511"
         title="Other glycan degradation"
         image="http://www.kegg.jp/kegg/pathway/hsa/hsa00511.png"
         link="http://www.kegg.jp/kegg-bin/show_pathway?hsa00511">
    <entry id="2" name="path:hsa00511" type="map"
        link="http://www.kegg.jp/dbget-bin/www_bget?hsa00511">
        <graphics name="TITLE:Other glycan degradation" fgcolor="#000000" bgcolor="#FFFFFF"
             type="roundrectangle" x="158" y="58" width="236" height="25"/>
    </entry>
    <entry id="3" name="hsa:10825 hsa:129807 hsa:4758 hsa:4759" type="gene"
        link="http://www.kegg.jp/dbget-bin/www_bget?hsa:10825+hsa:129807+hsa:4758+hsa:4759">
        <graphics name="NEU3, SIAL3..." fgcolor="#66CC66" bgcolor="#FFFFFF"
             type="line" coords="96,149,126,149"/>
    </entry>
    <entry id="4" name="hsa:2720" type="gene"
        link="http://www.kegg.jp/dbget-bin/www_bget?hsa:2720">
        <graphics name="GLB1, EBP, ELNR1, MPS4B" fgcolor="#66CC66" bgcolor="#FFFFFF"
             type="line" coords="168,149,198,149"/>
    </entry>
    <entry id="5" name="hsa:23324 hsa:4123 hsa:4125" type="gene"
        link="http://www.kegg.jp/dbget-bin/www_bget?hsa:23324+hsa:4123+hsa:4125">
        <graphics name="MAN2B2..." fgcolor="#66CC66" bgcolor="#FFFFFF"
             type="line" coords="335,152,365,182"/>
    </entry>
    <entry id="6" name="hsa:4123 hsa:4125" type="gene"
        link="http://www.kegg.jp/dbget-bin/www_bget?hsa:4123+hsa:4125">
        <graphics name="MAN2C1, MAN6A8, MANA, MANA1..." fgcolor="#66CC66" bgcolor="#FFFFFF"
             type="line" coords="334,238,364,208"/>
    </entry>
    <entry id="7" name="hsa:2517 hsa:2519" type="gene"
        link="http://www.kegg.jp/dbget-bin/www_bget?hsa:2517+hsa:2519">
        <graphics name="FUCA1, FUCA..." fgcolor="#66CC66" bgcolor="#FFFFFF"
             type="line" coords="500,153,530,183"/>
    </entry>
    <entry id="9" name="hsa:175" type="gene"
        link="http://www.kegg.jp/dbget-bin/www_bget?hsa:175">
        <graphics name="AGA, AGU, ASRG, GA" fgcolor="#66CC66" bgcolor="#FFFFFF"
             type="line" coords="591,196,621,196"/>
    </entry>
    <entry id="10" name="hsa:3073 hsa:3074" type="gene"
        link="http://www.kegg.jp/dbget-bin/www_bget?hsa:3073+hsa:3074">
        <graphics name="HEXA, TSD..." fgcolor="#66CC66" bgcolor="#FFFFFF"
             type="line" coords="259,149,289,149"/>
    </entry>
    <entry id="11" name="hsa:10825 hsa:129807 hsa:4758 hsa:4759" type="gene"
        link="http://www.kegg.jp/dbget-bin/www_bget?hsa:10825+hsa:129807+hsa:4758+hsa:4759">
        <graphics name="NEU3, SIAL3..." fgcolor="#66CC66" bgcolor="#FFFFFF"
             type="line" coords="96,240,126,240"/>
    </entry>
    <entry id="12" name="hsa:2720" type="gene"
        link="http://www.kegg.jp/dbget-bin/www_bget?hsa:2720">
        <graphics name="GLB1, EBP, ELNR1, MPS4B" fgcolor="#66CC66" bgcolor="#FFFFFF"
             type="line" coords="168,240,198,240"/>
    </entry>
    <entry id="13" name="hsa:284004 hsa:3073 hsa:3074" type="gene"
        link="http://www.kegg.jp/dbget-bin/www_bget?hsa:284004+hsa:3073+hsa:3074">
        <graphics name="HEXD, HEXDC..." fgcolor="#66CC66" bgcolor="#FFFFFF"
             type="line" coords="259,240,289,240"/>
    </entry>
    <entry id="14" name="hsa:3073 hsa:3074" type="gene"
        link="http://www.kegg.jp/dbget-bin/www_bget?hsa:3073+hsa:3074">
        <graphics name="HEXA, TSD..." fgcolor="#66CC66" bgcolor="#FFFFFF"
             type="line" coords="333,196,363,196"/>
    </entry>
    <entry id="15" name="hsa:4126" type="gene"
        link="http://www.kegg.jp/dbget-bin/www_bget?hsa:4126">
        <graphics name="MANBA, MANB1" fgcolor="#66CC66" bgcolor="#FFFFFF"
             type="line" coords="410,196,440,196"/>
    </entry>
    <entry id="16" name="hsa:64772" type="gene"
        link="http://www.kegg.jp/dbget-bin/www_bget?hsa:64772">
        <graphics name="ENGASE" fgcolor="#66CC66" bgcolor="#FFFFFF"
             type="line" coords="500,196,530,196"/>
    </entry>
    <entry id="17" name="hsa:10825 hsa:129807 hsa:4758 hsa:4759" type="gene"
        link="http://www.kegg.jp/dbget-bin/www_bget?hsa:10825+hsa:129807+hsa:4758+hsa:4759">
        <graphics name="NEU3, SIAL3..." fgcolor="#66CC66" bgcolor="#FFFFFF"
             type="line" coords="262,344,292,374"/>
    </entry>
    <entry id="18" name="hsa:10825 hsa:129807 hsa:4758 hsa:4759" type="gene"
        link="http://www.kegg.jp/dbget-bin/www_bget?hsa:10825+hsa:129807+hsa:4758+hsa:4759">
        <graphics name="NEU3, SIAL3..." fgcolor="#66CC66" bgcolor="#FFFFFF"
             type="line" coords="97,420,127,420"/>
    </entry>
    <entry id="19" name="hsa:10825 hsa:129807 hsa:4758 hsa:4759" type="gene"
        link="http://www.kegg.jp/dbget-bin/www_bget?hsa:10825+hsa:129807+hsa:4758+hsa:4759">
        <graphics name="NEU3, SIAL3..." fgcolor="#66CC66" bgcolor="#FFFFFF"
             type="line" coords="192,420,222,420"/>
    </entry>
    <entry id="20" name="hsa:2720" type="gene"
        link="http://www.kegg.jp/dbget-bin/www_bget?hsa:2720">
        <graphics name="GLB1, EBP, ELNR1, MPS4B" fgcolor="#66CC66" bgcolor="#FFFFFF"
             type="line" coords="261,419,291,389"/>
    </entry>
    <entry id="21" name="hsa:3073 hsa:3074" type="gene"
        link="http://www.kegg.jp/dbget-bin/www_bget?hsa:3073+hsa:3074">
        <graphics name="HEXA, TSD..." fgcolor="#66CC66" bgcolor="#FFFFFF"
             type="line" coords="351,385,381,415"/>
    </entry>
    <entry id="22" name="hsa:10825 hsa:129807 hsa:4758 hsa:4759" type="gene"
        link="http://www.kegg.jp/dbget-bin/www_bget?hsa:10825+hsa:129807+hsa:4758+hsa:4759">
        <graphics name="NEU3, SIAL3..." fgcolor="#66CC66" bgcolor="#FFFFFF"
             type="line" coords="349,464,379,434"/>
    </entry>
    <entry id="23" name="hsa:10825 hsa:129807 hsa:4758 hsa:4759" type="gene"
        link="http://www.kegg.jp/dbget-bin/www_bget?hsa:10825+hsa:129807+hsa:4758+hsa:4759">
        <graphics name="NEU3, SIAL3..." fgcolor="#66CC66" bgcolor="#FFFFFF"
             type="line" coords="254,466,284,466"/>
    </entry>
    <entry id="24" name="hsa:10825 hsa:129807 hsa:4758 hsa:4759" type="gene"
        link="http://www.kegg.jp/dbget-bin/www_bget?hsa:10825+hsa:129807+hsa:4758+hsa:4759">
        <graphics name="NEU3, SIAL3..." fgcolor="#66CC66" bgcolor="#FFFFFF"
             type="line" coords="160,466,190,466"/>
    </entry>
    <entry id="25" name="hsa:10825 hsa:129807 hsa:4758 hsa:4759" type="gene"
        link="http://www.kegg.jp/dbget-bin/www_bget?hsa:10825+hsa:129807+hsa:4758+hsa:4759">
        <graphics name="NEU3, SIAL3..." fgcolor="#66CC66" bgcolor="#FFFFFF"
             type="line" coords="167,343,197,343"/>
    </entry>
    <entry id="26" name="hsa:2720" type="gene"
        link="http://www.kegg.jp/dbget-bin/www_bget?hsa:2720">
        <graphics name="GLB1, EBP, ELNR1, MPS4B" fgcolor="#66CC66" bgcolor="#FFFFFF"
             type="line" coords="422,426,452,426"/>
    </entry>
    <entry id="27" name="hsa:2629 hsa:57704" type="gene"
        link="http://www.kegg.jp/dbget-bin/www_bget?hsa:2629+hsa:57704">
        <graphics name="GBA, GBA1, GCB, GLUC..." fgcolor="#66CC66" bgcolor="#FFFFFF"
             type="line" coords="492,426,522,426"/>
    </entry>
    <entry id="28" name="path:hsa00510" type="map"
        link="http://www.kegg.jp/dbget-bin/www_bget?hsa00510">
        <graphics name="N-Glycan biosynthesis" fgcolor="#000000" bgcolor="#FFFFFF"
             type="roundrectangle" x="662" y="131" width="123" height="25"/>
    </entry>
    <entry id="29" name="path:hsa00604" type="map"
        link="http://www.kegg.jp/dbget-bin/www_bget?hsa00604">
        <graphics name="Glycosphingolipid biosynthesis - ganglio series" fgcolor="#000000" bgcolor="#FFFFFF"
             type="roundrectangle" x="682" y="338" width="164" height="34"/>
    </entry>
</pathway>
