<?xml version="1.0"?>
<!DOCTYPE pathway SYSTEM "http://www.kegg.jp/kegg/xml/KGML_v0.7.2_.dtd">
<!-- Creation date: Sep 10, 2019 14:54:29 +0900 (GMT+9) -->
<pathway name="path:hsa04978" org="hsa" number="04978"
         title="Mineral absorption"
         image="http://www.kegg.jp/kegg/pathway/hsa/hsa04978.png"
         link="http://www.kegg.jp/kegg-bin/show_pathway?hsa04978">
    <entry id="50" name="path:hsa04978" type="map"
        link="http://www.kegg.jp/dbget-bin/www_bget?hsa04978">
        <graphics name="TITLE:Mineral absorption" fgcolor="#000000" bgcolor="#FFFFFF"
             type="roundrectangle" x="136" y="58" width="192" height="25"/>
    </entry>
    <entry id="53" name="path:hsa04530" type="map"
        link="http://www.kegg.jp/dbget-bin/www_bget?hsa04530">
        <graphics name="Tight junction" fgcolor="#000000" bgcolor="#FFFFFF"
             type="roundrectangle" x="375" y="118" width="115" height="25"/>
    </entry>
    <entry id="84" name="cpd:C00076" type="compound"
        link="http://www.kegg.jp/dbget-bin/www_bget?C00076">
        <graphics name="C00076" fgcolor="#000000" bgcolor="#FFFFFF"
             type="circle" x="660" y="426" width="8" height="8"/>
    </entry>
    <entry id="85" name="cpd:C00076" type="compound"
        link="http://www.kegg.jp/dbget-bin/www_bget?C00076">
        <graphics name="C00076" fgcolor="#000000" bgcolor="#FFFFFF"
             type="circle" x="452" y="422" width="8" height="8"/>
    </entry>
    <entry id="86" name="hsa:795" type="gene"
        link="http://www.kegg.jp/dbget-bin/www_bget?hsa:795">
        <graphics name="S100G, CABP, CABP1, CABP9K, CALB3" fgcolor="#000000" bgcolor="#BFFFBF"
             type="rectangle" x="609" y="426" width="46" height="17"/>
    </entry>
    <entry id="87" name="hsa:795" type="gene"
        link="http://www.kegg.jp/dbget-bin/www_bget?hsa:795">
        <graphics name="S100G, CABP, CABP1, CABP9K, CALB3" fgcolor="#000000" bgcolor="#BFFFBF"
             type="rectangle" x="499" y="424" width="46" height="17"/>
    </entry>
    <entry id="88" name="hsa:795" type="gene"
        link="http://www.kegg.jp/dbget-bin/www_bget?hsa:795">
        <graphics name="S100G, CABP, CABP1, CABP9K, CALB3" fgcolor="#000000" bgcolor="#BFFFBF"
             type="rectangle" x="552" y="384" width="46" height="17"/>
    </entry>
    <entry id="90" name="cpd:C00076" type="compound"
        link="http://www.kegg.jp/dbget-bin/www_bget?C00076">
        <graphics name="C00076" fgcolor="#000000" bgcolor="#FFFFFF"
             type="circle" x="883" y="453" width="8" height="8"/>
    </entry>
    <entry id="91" name="cpd:C01330" type="compound"
        link="http://www.kegg.jp/dbget-bin/www_bget?C01330">
        <graphics name="C01330" fgcolor="#000000" bgcolor="#FFFFFF"
             type="circle" x="767" y="397" width="8" height="8"/>
    </entry>
    <entry id="92" name="cpd:C00076" type="compound"
        link="http://www.kegg.jp/dbget-bin/www_bget?C00076">
        <graphics name="C00076" fgcolor="#000000" bgcolor="#FFFFFF"
             type="circle" x="884" y="403" width="8" height="8"/>
    </entry>
    <entry id="94" name="hsa:490 hsa:491 hsa:492 hsa:493" type="gene"
        link="http://www.kegg.jp/dbget-bin/www_bget?hsa:490+hsa:491+hsa:492+hsa:493">
        <graphics name="ATP2B1, PMCA1, PMCA1kb..." fgcolor="#000000" bgcolor="#BFFFBF"
             type="rectangle" x="821" y="454" width="46" height="17"/>
    </entry>
    <entry id="95" name="hsa:6543 hsa:6546 hsa:6547" type="gene"
        link="http://www.kegg.jp/dbget-bin/www_bget?hsa:6543+hsa:6546+hsa:6547">
        <graphics name="SLC8A2, NCX2..." fgcolor="#000000" bgcolor="#BFFFBF"
             type="rectangle" x="821" y="401" width="46" height="17"/>
    </entry>
    <entry id="96" name="cpd:C00076" type="compound"
        link="http://www.kegg.jp/dbget-bin/www_bget?C00076">
        <graphics name="C00076" fgcolor="#000000" bgcolor="#FFFFFF"
             type="circle" x="241" y="328" width="8" height="8"/>
    </entry>
    <entry id="100" name="cpd:C01673" type="compound"
        link="http://www.kegg.jp/dbget-bin/www_bget?C01673">
        <graphics name="C01673" fgcolor="#000000" bgcolor="#FFFFFF"
             type="circle" x="668" y="265" width="8" height="8"/>
    </entry>
    <entry id="101" name="hsa:7421" type="gene"
        link="http://www.kegg.jp/dbget-bin/www_bget?hsa:7421">
        <graphics name="VDR, NR1I1, PPP1R163" fgcolor="#000000" bgcolor="#BFFFBF"
             type="rectangle" x="668" y="291" width="46" height="17"/>
    </entry>
    <entry id="102" name="hsa:55503" type="gene"
        link="http://www.kegg.jp/dbget-bin/www_bget?hsa:55503">
        <graphics name="TRPV6, ABP/ZF, CAT1, CATL, ECAC2, HRPTTN, HSA277909, LP6728, ZFAB" fgcolor="#000000" bgcolor="#BFFFBF"
             type="rectangle" x="497" y="314" width="46" height="17"/>
    </entry>
    <entry id="103" name="hsa:55503" type="gene"
        link="http://www.kegg.jp/dbget-bin/www_bget?hsa:55503">
        <graphics name="TRPV6, ABP/ZF, CAT1, CATL, ECAC2, HRPTTN, HSA277909, LP6728, ZFAB" fgcolor="#000000" bgcolor="#BFFFBF"
             type="rectangle" x="308" y="329" width="46" height="17"/>
    </entry>
    <entry id="106" name="cpd:C01673" type="compound"
        link="http://www.kegg.jp/dbget-bin/www_bget?C01673">
        <graphics name="C01673" fgcolor="#000000" bgcolor="#FFFFFF"
             type="circle" x="668" y="197" width="8" height="8"/>
    </entry>
    <entry id="107" name="cpd:C00009" type="compound"
        link="http://www.kegg.jp/dbget-bin/www_bget?C00009">
        <graphics name="C00009" fgcolor="#000000" bgcolor="#FFFFFF"
             type="circle" x="189" y="179" width="8" height="8"/>
    </entry>
    <entry id="108" name="hsa:113235" type="gene"
        link="http://www.kegg.jp/dbget-bin/www_bget?hsa:113235">
        <graphics name="SLC46A1, G21, HCP1, PCFT" fgcolor="#000000" bgcolor="#BFFFBF"
             type="rectangle" x="313" y="575" width="46" height="17"/>
    </entry>
    <entry id="109" name="hsa:79901" type="gene"
        link="http://www.kegg.jp/dbget-bin/www_bget?hsa:79901">
        <graphics name="CYBRD1, CYB561A2, DCYTB, FRRS3" fgcolor="#000000" bgcolor="#BFFFBF"
             type="rectangle" x="222" y="624" width="46" height="17"/>
    </entry>
    <entry id="110" name="hsa:4891" type="gene"
        link="http://www.kegg.jp/dbget-bin/www_bget?hsa:4891">
        <graphics name="SLC11A2, AHMIO1, DCT1, DMT1, NRAMP2" fgcolor="#000000" bgcolor="#BFFFBF"
             type="rectangle" x="222" y="648" width="46" height="17"/>
    </entry>
    <entry id="111" name="hsa:30061" type="gene"
        link="http://www.kegg.jp/dbget-bin/www_bget?hsa:30061">
        <graphics name="SLC40A1, FPN1, HFE4, IREG1, MST079, MSTP079, MTP1, SLC11A3" fgcolor="#000000" bgcolor="#BFFFBF"
             type="rectangle" x="821" y="601" width="46" height="17"/>
    </entry>
    <entry id="112" name="cpd:C00032" type="compound"
        link="http://www.kegg.jp/dbget-bin/www_bget?C00032">
        <graphics name="C00032" fgcolor="#000000" bgcolor="#FFFFFF"
             type="circle" x="259" y="572" width="8" height="8"/>
    </entry>
    <entry id="113" name="cpd:C14819" type="compound"
        link="http://www.kegg.jp/dbget-bin/www_bget?C14819">
        <graphics name="C14819" fgcolor="#000000" bgcolor="#FFFFFF"
             type="circle" x="153" y="593" width="8" height="8"/>
    </entry>
    <entry id="114" name="cpd:C14818" type="compound"
        link="http://www.kegg.jp/dbget-bin/www_bget?C14818">
        <graphics name="C14818" fgcolor="#000000" bgcolor="#FFFFFF"
             type="circle" x="159" y="646" width="8" height="8"/>
    </entry>
    <entry id="115" name="cpd:C14818" type="compound"
        link="http://www.kegg.jp/dbget-bin/www_bget?C14818">
        <graphics name="C14818" fgcolor="#000000" bgcolor="#FFFFFF"
             type="circle" x="769" y="600" width="8" height="8"/>
    </entry>
    <entry id="117" name="hsa:2495 hsa:2512" type="gene"
        link="http://www.kegg.jp/dbget-bin/www_bget?hsa:2495+hsa:2512">
        <graphics name="FTH1, FHC, FTH, FTHL6, HFE5, PIG15, PLIF..." fgcolor="#000000" bgcolor="#BFFFBF"
             type="rectangle" x="643" y="653" width="46" height="17"/>
    </entry>
    <entry id="123" name="cpd:C14818" type="compound"
        link="http://www.kegg.jp/dbget-bin/www_bget?C14818">
        <graphics name="C14818" fgcolor="#000000" bgcolor="#FFFFFF"
             type="circle" x="436" y="574" width="8" height="8"/>
    </entry>
    <entry id="124" name="hsa:3162 hsa:3163" type="gene"
        link="http://www.kegg.jp/dbget-bin/www_bget?hsa:3162+hsa:3163">
        <graphics name="HMOX1, HMOX1D, HO-1, HSP32, bK286B10..." fgcolor="#000000" bgcolor="#BFFFBF"
             type="rectangle" x="393" y="592" width="46" height="17"/>
    </entry>
    <entry id="126" name="hsa:9843" type="gene"
        link="http://www.kegg.jp/dbget-bin/www_bget?hsa:9843">
        <graphics name="HEPH, CPL" fgcolor="#000000" bgcolor="#BFFFBF"
             type="rectangle" x="821" y="634" width="46" height="17"/>
    </entry>
    <entry id="129" name="cpd:C14819" type="compound"
        link="http://www.kegg.jp/dbget-bin/www_bget?C14819">
        <graphics name="C14819" fgcolor="#000000" bgcolor="#FFFFFF"
             type="circle" x="887" y="658" width="8" height="8"/>
    </entry>
    <entry id="130" name="hsa:7018" type="gene"
        link="http://www.kegg.jp/dbget-bin/www_bget?hsa:7018">
        <graphics name="TF, HEL-S-71p, PRO1557, PRO2086, TFQTL1" fgcolor="#000000" bgcolor="#BFFFBF"
             type="rectangle" x="940" y="659" width="46" height="17"/>
    </entry>
    <entry id="132" name="hsa:55630" type="gene"
        link="http://www.kegg.jp/dbget-bin/www_bget?hsa:55630">
        <graphics name="SLC39A4, AEZ, AWMS2, ZIP4" fgcolor="#000000" bgcolor="#BFFFBF"
             type="rectangle" x="306" y="690" width="46" height="17"/>
    </entry>
    <entry id="133" name="hsa:1317" type="gene"
        link="http://www.kegg.jp/dbget-bin/www_bget?hsa:1317">
        <graphics name="SLC31A1, COPT1, CTR1" fgcolor="#000000" bgcolor="#BFFFBF"
             type="rectangle" x="222" y="759" width="46" height="17"/>
    </entry>
    <entry id="134" name="hsa:7779" type="gene"
        link="http://www.kegg.jp/dbget-bin/www_bget?hsa:7779">
        <graphics name="SLC30A1, ZNT1, ZRC1" fgcolor="#000000" bgcolor="#BFFFBF"
             type="rectangle" x="821" y="689" width="46" height="17"/>
    </entry>
    <entry id="135" name="cpd:C00038" type="compound"
        link="http://www.kegg.jp/dbget-bin/www_bget?C00038">
        <graphics name="C00038" fgcolor="#000000" bgcolor="#FFFFFF"
             type="circle" x="251" y="689" width="8" height="8"/>
    </entry>
    <entry id="136" name="cpd:C00070" type="compound"
        link="http://www.kegg.jp/dbget-bin/www_bget?C00070">
        <graphics name="C00070" fgcolor="#000000" bgcolor="#FFFFFF"
             type="circle" x="162" y="757" width="8" height="8"/>
    </entry>
    <entry id="137" name="cpd:C00038" type="compound"
        link="http://www.kegg.jp/dbget-bin/www_bget?C00038">
        <graphics name="C00038" fgcolor="#000000" bgcolor="#FFFFFF"
             type="circle" x="889" y="690" width="8" height="8"/>
    </entry>
    <entry id="139" name="hsa:538" type="gene"
        link="http://www.kegg.jp/dbget-bin/www_bget?hsa:538">
        <graphics name="ATP7A, DSMAX, MK, MNK, SMAX3" fgcolor="#000000" bgcolor="#BFFFBF"
             type="rectangle" x="643" y="733" width="46" height="17"/>
    </entry>
    <entry id="140" name="hsa:4489 hsa:4490 hsa:4493 hsa:4494 hsa:4495 hsa:4496 hsa:4499 hsa:4501 hsa:4502 hsa:645745" type="gene"
        link="http://www.kegg.jp/dbget-bin/www_bget?hsa:4489+hsa:4490+hsa:4493+hsa:4494+hsa:4495+hsa:4496+hsa:4499+hsa:4501+hsa:4502+hsa:645745">
        <graphics name="MT1A, MT-1A, MT-IA, MT1, MT1S, MTC..." fgcolor="#000000" bgcolor="#BFFFBF"
             type="rectangle" x="458" y="724" width="46" height="17"/>
    </entry>
    <entry id="143" name="cpd:C00038" type="compound"
        link="http://www.kegg.jp/dbget-bin/www_bget?C00038">
        <graphics name="C00038" fgcolor="#000000" bgcolor="#FFFFFF"
             type="circle" x="503" y="723" width="8" height="8"/>
    </entry>
    <entry id="144" name="cpd:C00070" type="compound"
        link="http://www.kegg.jp/dbget-bin/www_bget?C00070">
        <graphics name="C00070" fgcolor="#000000" bgcolor="#FFFFFF"
             type="circle" x="414" y="723" width="8" height="8"/>
    </entry>
    <entry id="145" name="cpd:C00070" type="compound"
        link="http://www.kegg.jp/dbget-bin/www_bget?C00070">
        <graphics name="C00070" fgcolor="#000000" bgcolor="#FFFFFF"
             type="circle" x="598" y="733" width="8" height="8"/>
    </entry>
    <entry id="150" name="hsa:261729 hsa:26872" type="gene"
        link="http://www.kegg.jp/dbget-bin/www_bget?hsa:261729+hsa:26872">
        <graphics name="STEAP2, IPCA1, PCANAP1, PUMPCn, STAMP1, STMP..." fgcolor="#000000" bgcolor="#BFFFBF"
             type="rectangle" x="222" y="783" width="46" height="17"/>
    </entry>
    <entry id="152" name="cpd:C00070" type="compound"
        link="http://www.kegg.jp/dbget-bin/www_bget?C00070">
        <graphics name="C00070" fgcolor="#000000" bgcolor="#FFFFFF"
             type="circle" x="167" y="802" width="8" height="8"/>
    </entry>
    <entry id="155" name="cpd:C00070" type="compound"
        link="http://www.kegg.jp/dbget-bin/www_bget?C00070">
        <graphics name="C00070" fgcolor="#000000" bgcolor="#FFFFFF"
             type="circle" x="779" y="733" width="8" height="8"/>
    </entry>
    <entry id="158" name="hsa:475" type="gene"
        link="http://www.kegg.jp/dbget-bin/www_bget?hsa:475">
        <graphics name="ATOX1, ATX1, HAH1" fgcolor="#000000" bgcolor="#BFFFBF"
             type="rectangle" x="440" y="774" width="46" height="17"/>
    </entry>
    <entry id="159" name="cpd:C00070" type="compound"
        link="http://www.kegg.jp/dbget-bin/www_bget?C00070">
        <graphics name="C00070" fgcolor="#000000" bgcolor="#FFFFFF"
             type="circle" x="399" y="773" width="8" height="8"/>
    </entry>
    <entry id="163" name="hsa:65010" type="gene"
        link="http://www.kegg.jp/dbget-bin/www_bget?hsa:65010">
        <graphics name="SLC26A6" fgcolor="#000000" bgcolor="#BFFFBF"
             type="rectangle" x="222" y="392" width="46" height="17"/>
    </entry>
    <entry id="164" name="hsa:6550" type="gene"
        link="http://www.kegg.jp/dbget-bin/www_bget?hsa:6550">
        <graphics name="SLC9A3, DIAR8, NHE-3, NHE3" fgcolor="#000000" bgcolor="#BFFFBF"
             type="rectangle" x="308" y="454" width="46" height="17"/>
    </entry>
    <entry id="165" name="hsa:23439 hsa:476 hsa:477 hsa:478 hsa:480 hsa:481 hsa:482 hsa:483 hsa:486" type="gene"
        link="http://www.kegg.jp/dbget-bin/www_bget?hsa:23439+hsa:476+hsa:477+hsa:478+hsa:480+hsa:481+hsa:482+hsa:483+hsa:486">
        <graphics name="ATP1B4..." fgcolor="#000000" bgcolor="#BFFFBF"
             type="rectangle" x="821" y="516" width="46" height="17"/>
    </entry>
    <entry id="166" name="cpd:C01330" type="compound"
        link="http://www.kegg.jp/dbget-bin/www_bget?C01330">
        <graphics name="C01330" fgcolor="#000000" bgcolor="#FFFFFF"
             type="circle" x="233" y="457" width="8" height="8"/>
    </entry>
    <entry id="167" name="cpd:C00080" type="compound"
        link="http://www.kegg.jp/dbget-bin/www_bget?C00080">
        <graphics name="C00080" fgcolor="#000000" bgcolor="#FFFFFF"
             type="circle" x="352" y="449" width="8" height="8"/>
    </entry>
    <entry id="168" name="cpd:C00698" type="compound"
        link="http://www.kegg.jp/dbget-bin/www_bget?C00698">
        <graphics name="C00698" fgcolor="#000000" bgcolor="#FFFFFF"
             type="circle" x="161" y="394" width="8" height="8"/>
    </entry>
    <entry id="169" name="cpd:C00288" type="compound"
        link="http://www.kegg.jp/dbget-bin/www_bget?C00288">
        <graphics name="C00288" fgcolor="#000000" bgcolor="#FFFFFF"
             type="circle" x="290" y="388" width="8" height="8"/>
    </entry>
    <entry id="170" name="hsa:1811" type="gene"
        link="http://www.kegg.jp/dbget-bin/www_bget?hsa:1811">
        <graphics name="SLC26A3, CLD, DRA" fgcolor="#000000" bgcolor="#BFFFBF"
             type="rectangle" x="222" y="370" width="46" height="17"/>
    </entry>
    <entry id="171" name="cpd:C00698" type="compound"
        link="http://www.kegg.jp/dbget-bin/www_bget?C00698">
        <graphics name="C00698" fgcolor="#000000" bgcolor="#FFFFFF"
             type="circle" x="163" y="373" width="8" height="8"/>
    </entry>
    <entry id="172" name="cpd:C00288" type="compound"
        link="http://www.kegg.jp/dbget-bin/www_bget?C00288">
        <graphics name="C00288" fgcolor="#000000" bgcolor="#FFFFFF"
             type="circle" x="288" y="365" width="8" height="8"/>
    </entry>
    <entry id="174" name="cpd:C01330" type="compound"
        link="http://www.kegg.jp/dbget-bin/www_bget?C01330">
        <graphics name="C01330" fgcolor="#000000" bgcolor="#FFFFFF"
             type="circle" x="886" y="517" width="8" height="8"/>
    </entry>
    <entry id="175" name="cpd:C00238" type="compound"
        link="http://www.kegg.jp/dbget-bin/www_bget?C00238">
        <graphics name="C00238" fgcolor="#000000" bgcolor="#FFFFFF"
             type="circle" x="772" y="511" width="8" height="8"/>
    </entry>
    <entry id="176" name="cpd:C00238" type="compound"
        link="http://www.kegg.jp/dbget-bin/www_bget?C00238">
        <graphics name="C00238" fgcolor="#000000" bgcolor="#FFFFFF"
             type="circle" x="193" y="837" width="8" height="8"/>
    </entry>
    <entry id="177" name="cpd:C14818" type="compound"
        link="http://www.kegg.jp/dbget-bin/www_bget?C14818">
        <graphics name="C14818" fgcolor="#000000" bgcolor="#FFFFFF"
             type="circle" x="886" y="602" width="8" height="8"/>
    </entry>
    <entry id="180" name="hsa:6523" type="gene"
        link="http://www.kegg.jp/dbget-bin/www_bget?hsa:6523">
        <graphics name="SLC5A1, D22S675, NAGT, SGLT1" fgcolor="#000000" bgcolor="#BFFFBF"
             type="rectangle" x="222" y="498" width="46" height="17"/>
    </entry>
    <entry id="181" name="hsa:340024" type="gene"
        link="http://www.kegg.jp/dbget-bin/www_bget?hsa:340024">
        <graphics name="SLC6A19, B0AT1, HND" fgcolor="#000000" bgcolor="#BFFFBF"
             type="rectangle" x="222" y="519" width="46" height="17"/>
    </entry>
    <entry id="182" name="cpd:C01330" type="compound"
        link="http://www.kegg.jp/dbget-bin/www_bget?C01330">
        <graphics name="C01330" fgcolor="#000000" bgcolor="#FFFFFF"
             type="circle" x="139" y="503" width="8" height="8"/>
    </entry>
    <entry id="183" name="cpd:C00124 cpd:C00031" type="compound"
        link="http://www.kegg.jp/dbget-bin/www_bget?C00124+C00031">
        <graphics name="C00124..." fgcolor="#000000" bgcolor="#FFFFFF"
             type="circle" x="175" y="493" width="8" height="8"/>
    </entry>
    <entry id="184" name="cpd:C00037 cpd:C00041 cpd:C00183 cpd:C00123 cpd:C00073 cpd:C00407 cpd:C00148 cpd:C00079 cpd:C00078 cpd:C00065 cpd:C00188 cpd:C00152 cpd:C00064" type="compound"
        link="http://www.kegg.jp/dbget-bin/www_bget?C00037+C00041+C00183+C00123+C00073+C00407+C00148+C00079+C00078+C00065+C00188+C00152+C00064">
        <graphics name="C00037..." fgcolor="#000000" bgcolor="#FFFFFF"
             type="circle" x="176" y="513" width="8" height="8"/>
    </entry>
    <entry id="185" name="cpd:C01330" type="compound"
        link="http://www.kegg.jp/dbget-bin/www_bget?C01330">
        <graphics name="C01330" fgcolor="#000000" bgcolor="#FFFFFF"
             type="circle" x="138" y="519" width="8" height="8"/>
    </entry>
    <entry id="188" name="path:hsa04973" type="map"
        link="http://www.kegg.jp/dbget-bin/www_bget?hsa04973">
        <graphics name="Carbohydrate digestion and absorption" fgcolor="#000000" bgcolor="#FFFFFF"
             type="roundrectangle" x="538" y="542" width="130" height="34"/>
    </entry>
    <entry id="189" name="path:hsa04974" type="map"
        link="http://www.kegg.jp/dbget-bin/www_bget?hsa04974">
        <graphics name="Protein digestion and absorption" fgcolor="#000000" bgcolor="#FFFFFF"
             type="roundrectangle" x="675" y="542" width="130" height="34"/>
    </entry>
    <entry id="190" name="path:hsa00860" type="map"
        link="http://www.kegg.jp/dbget-bin/www_bget?hsa00860">
        <graphics name="Porphyrin and chlorophyll metabolism" fgcolor="#000000" bgcolor="#FFFFFF"
             type="roundrectangle" x="499" y="646" width="130" height="34"/>
    </entry>
    <entry id="192" name="cpd:C14818" type="compound"
        link="http://www.kegg.jp/dbget-bin/www_bget?C14818">
        <graphics name="C14818" fgcolor="#000000" bgcolor="#FFFFFF"
             type="circle" x="587" y="631" width="8" height="8"/>
    </entry>
    <entry id="193" name="cpd:C14819" type="compound"
        link="http://www.kegg.jp/dbget-bin/www_bget?C14819">
        <graphics name="C14819" fgcolor="#000000" bgcolor="#FFFFFF"
             type="circle" x="580" y="670" width="8" height="8"/>
    </entry>
    <entry id="194" name="hsa:140803 hsa:54822" type="gene"
        link="http://www.kegg.jp/dbget-bin/www_bget?hsa:140803+hsa:54822">
        <graphics name="TRPM6, CHAK2, HMGX, HOMG, HOMG1, HSH..." fgcolor="#000000" bgcolor="#BFFFBF"
             type="rectangle" x="308" y="307" width="46" height="17"/>
    </entry>
    <entry id="195" name="cpd:C00305" type="compound"
        link="http://www.kegg.jp/dbget-bin/www_bget?C00305">
        <graphics name="C00305" fgcolor="#000000" bgcolor="#FFFFFF"
             type="circle" x="232" y="304" width="8" height="8"/>
    </entry>
    <entry id="196" name="cpd:C00076" type="compound"
        link="http://www.kegg.jp/dbget-bin/www_bget?C00076">
        <graphics name="C00076" fgcolor="#000000" bgcolor="#FFFFFF"
             type="circle" x="190" y="190" width="8" height="8"/>
    </entry>
    <entry id="198" name="cpd:C00305" type="compound"
        link="http://www.kegg.jp/dbget-bin/www_bget?C00305">
        <graphics name="C00305" fgcolor="#000000" bgcolor="#FFFFFF"
             type="circle" x="878" y="333" width="8" height="8"/>
    </entry>
    <entry id="199" name="cpd:C01330" type="compound"
        link="http://www.kegg.jp/dbget-bin/www_bget?C01330">
        <graphics name="C01330" fgcolor="#000000" bgcolor="#FFFFFF"
             type="circle" x="763" y="342" width="8" height="8"/>
    </entry>
    <entry id="200" name="hsa:10568 hsa:142680 hsa:6569" type="gene"
        link="http://www.kegg.jp/dbget-bin/www_bget?hsa:10568+hsa:142680+hsa:6569">
        <graphics name="SLC34A2, NAPI-3B, NAPI-IIb, NPTIIb..." fgcolor="#000000" bgcolor="#BFFFBF"
             type="rectangle" x="222" y="246" width="46" height="17"/>
    </entry>
    <entry id="202" name="cpd:C00009" type="compound"
        link="http://www.kegg.jp/dbget-bin/www_bget?C00009">
        <graphics name="C00009" fgcolor="#000000" bgcolor="#FFFFFF"
             type="circle" x="158" y="240" width="8" height="8"/>
    </entry>
    <entry id="203" name="cpd:C01330" type="compound"
        link="http://www.kegg.jp/dbget-bin/www_bget?C01330">
        <graphics name="C01330" fgcolor="#000000" bgcolor="#FFFFFF"
             type="circle" x="171" y="250" width="8" height="8"/>
    </entry>
    <entry id="204" name="hsa:115019" type="gene"
        link="http://www.kegg.jp/dbget-bin/www_bget?hsa:115019">
        <graphics name="SLC26A9" fgcolor="#000000" bgcolor="#BFFFBF"
             type="rectangle" x="308" y="433" width="46" height="17"/>
    </entry>
    <entry id="205" name="cpd:C00305" type="compound"
        link="http://www.kegg.jp/dbget-bin/www_bget?C00305">
        <graphics name="C00305" fgcolor="#000000" bgcolor="#FFFFFF"
             type="circle" x="193" y="827" width="8" height="8"/>
    </entry>
    <entry id="206" name="hsa:1181" type="gene"
        link="http://www.kegg.jp/dbget-bin/www_bget?hsa:1181">
        <graphics name="CLCN2, CIC-2, CLC2, ECA2, ECA3, EGI11, EGI3, EGMA, EJM6, EJM8, HALD2, LKPAT, clC-2" fgcolor="#000000" bgcolor="#BFFFBF"
             type="rectangle" x="821" y="484" width="46" height="17"/>
    </entry>
    <entry id="207" name="cpd:C00698" type="compound"
        link="http://www.kegg.jp/dbget-bin/www_bget?C00698">
        <graphics name="C00698" fgcolor="#000000" bgcolor="#FFFFFF"
             type="circle" x="882" y="484" width="8" height="8"/>
    </entry>
    <entry id="208" name="cpd:C00698" type="compound"
        link="http://www.kegg.jp/dbget-bin/www_bget?C00698">
        <graphics name="C00698" fgcolor="#000000" bgcolor="#FFFFFF"
             type="circle" x="238" y="435" width="8" height="8"/>
    </entry>
    <entry id="209" name="cpd:C00288" type="compound"
        link="http://www.kegg.jp/dbget-bin/www_bget?C00288">
        <graphics name="C00288" fgcolor="#000000" bgcolor="#FFFFFF"
             type="circle" x="367" y="429" width="8" height="8"/>
    </entry>
    <entry id="213" name="hsa:795" type="gene"
        link="http://www.kegg.jp/dbget-bin/www_bget?hsa:795">
        <graphics name="S100G, CABP, CABP1, CABP9K, CALB3" fgcolor="#000000" bgcolor="#BFFFBF"
             type="rectangle" x="552" y="447" width="46" height="17"/>
    </entry>
    <entry id="215" name="cpd:C00076" type="compound"
        link="http://www.kegg.jp/dbget-bin/www_bget?C00076">
        <graphics name="C00076" fgcolor="#000000" bgcolor="#FFFFFF"
             type="circle" x="553" y="473" width="8" height="8"/>
    </entry>
    <entry id="218" name="cpd:C00009" type="compound"
        link="http://www.kegg.jp/dbget-bin/www_bget?C00009">
        <graphics name="C00009" fgcolor="#000000" bgcolor="#FFFFFF"
             type="circle" x="882" y="281" width="8" height="8"/>
    </entry>
    <relation entry1="101" entry2="200" type="GErel">
        <subtype name="expression" value="--&gt;"/>
    </relation>
    <relation entry1="101" entry2="102" type="GErel">
        <subtype name="expression" value="--&gt;"/>
    </relation>
    <relation entry1="101" entry2="88" type="GErel">
        <subtype name="expression" value="--&gt;"/>
    </relation>
    <relation entry1="101" entry2="94" type="GErel">
        <subtype name="expression" value="--&gt;"/>
    </relation>
    <relation entry1="101" entry2="95" type="GErel">
        <subtype name="expression" value="--&gt;"/>
    </relation>
    <relation entry1="100" entry2="101" type="PCrel">
        <subtype name="binding/association" value="---"/>
    </relation>
    <relation entry1="144" entry2="140" type="PCrel">
        <subtype name="binding/association" value="---"/>
    </relation>
    <relation entry1="140" entry2="143" type="PCrel">
        <subtype name="binding/association" value="---"/>
    </relation>
    <relation entry1="159" entry2="158" type="PCrel">
        <subtype name="binding/association" value="---"/>
    </relation>
    <relation entry1="85" entry2="87" type="PCrel">
        <subtype name="binding/association" value="---"/>
    </relation>
    <relation entry1="215" entry2="213" type="PCrel">
        <subtype name="binding/association" value="---"/>
    </relation>
    <relation entry1="86" entry2="84" type="PCrel">
        <subtype name="dissociation" value="-+-"/>
    </relation>
    <relation entry1="129" entry2="130" type="PCrel">
        <subtype name="binding/association" value="---"/>
    </relation>
    <relation entry1="111" entry2="126" type="PCrel">
        <subtype name="binding/association" value="---"/>
    </relation>
</pathway>
