<?xml version="1.0"?>
<!DOCTYPE pathway SYSTEM "http://www.kegg.jp/kegg/xml/KGML_v0.7.2_.dtd">
<!-- Creation date: Apr 6, 2017 09:27:32 +0900 (GMT+9) -->
<pathway name="path:hsa03010" org="hsa" number="03010"
         title="Ribosome"
         image="http://www.kegg.jp/kegg/pathway/hsa/hsa03010.png"
         link="http://www.kegg.jp/kegg-bin/show_pathway?hsa03010">
    <entry id="6" name="ko:K07590" type="ortholog"
        link="http://www.kegg.jp/dbget-bin/www_bget?K07590">
        <graphics name="K07590" fgcolor="#000000" bgcolor="#FFFFFF"
             type="rectangle" x="614" y="445" width="46" height="17"/>
    </entry>
    <entry id="7" name="hsa:2197" type="gene"
        link="http://www.kegg.jp/dbget-bin/www_bget?hsa:2197">
        <graphics name="FAU, FAU1, Fub1, Fubi, MNSFbeta, RPS30, S30, asr1" fgcolor="#000000" bgcolor="#BFFFBF"
             type="rectangle" x="989" y="713" width="46" height="17"/>
    </entry>
    <entry id="8" name="hsa:6137" type="gene"
        link="http://www.kegg.jp/dbget-bin/www_bget?hsa:6137">
        <graphics name="RPL13, BBC1, D16S444E, D16S44E, L13" fgcolor="#000000" bgcolor="#BFFFBF"
             type="rectangle" x="469" y="670" width="46" height="17"/>
    </entry>
    <entry id="9" name="hsa:6158" type="gene"
        link="http://www.kegg.jp/dbget-bin/www_bget?hsa:6158">
        <graphics name="RPL28, L28" fgcolor="#000000" bgcolor="#BFFFBF"
             type="rectangle" x="625" y="758" width="46" height="17"/>
    </entry>
    <entry id="10" name="hsa:6208" type="gene"
        link="http://www.kegg.jp/dbget-bin/www_bget?hsa:6208">
        <graphics name="RPS14, EMTB, S14" fgcolor="#000000" bgcolor="#BFFFBF"
             type="rectangle" x="623" y="378" width="46" height="17"/>
    </entry>
    <entry id="11" name="hsa:6228" type="gene"
        link="http://www.kegg.jp/dbget-bin/www_bget?hsa:6228">
        <graphics name="RPS23, BTDD, MABAS, MCINS, PAMAS, S23, uS12" fgcolor="#000000" bgcolor="#BFFFBF"
             type="rectangle" x="517" y="462" width="46" height="17"/>
    </entry>
    <entry id="12" name="hsa:6222" type="gene"
        link="http://www.kegg.jp/dbget-bin/www_bget?hsa:6222">
        <graphics name="RPS18, D6S218E, HKE3, KE-3, KE3, S18" fgcolor="#000000" bgcolor="#BFFFBF"
             type="rectangle" x="577" y="378" width="46" height="17"/>
    </entry>
    <entry id="13" name="hsa:6235" type="gene"
        link="http://www.kegg.jp/dbget-bin/www_bget?hsa:6235">
        <graphics name="RPS29, DBA13, S29, uS14" fgcolor="#000000" bgcolor="#BFFFBF"
             type="rectangle" x="647" y="294" width="46" height="17"/>
    </entry>
    <entry id="14" name="hsa:6207" type="gene"
        link="http://www.kegg.jp/dbget-bin/www_bget?hsa:6207">
        <graphics name="RPS13, S13" fgcolor="#000000" bgcolor="#BFFFBF"
             type="rectangle" x="546" y="556" width="46" height="17"/>
    </entry>
    <entry id="15" name="hsa:6205" type="gene"
        link="http://www.kegg.jp/dbget-bin/www_bget?hsa:6205">
        <graphics name="RPS11, S11" fgcolor="#000000" bgcolor="#BFFFBF"
             type="rectangle" x="417" y="294" width="46" height="17"/>
    </entry>
    <entry id="16" name="hsa:6209" type="gene"
        link="http://www.kegg.jp/dbget-bin/www_bget?hsa:6209">
        <graphics name="RPS15, RIG, S15" fgcolor="#000000" bgcolor="#BFFFBF"
             type="rectangle" x="693" y="219" width="46" height="17"/>
    </entry>
    <entry id="17" name="hsa:6194" type="gene"
        link="http://www.kegg.jp/dbget-bin/www_bget?hsa:6194">
        <graphics name="RPS6, S6" fgcolor="#000000" bgcolor="#BFFFBF"
             type="rectangle" x="469" y="713" width="46" height="17"/>
    </entry>
    <entry id="18" name="hsa:6202" type="gene"
        link="http://www.kegg.jp/dbget-bin/www_bget?hsa:6202">
        <graphics name="RPS8, S8" fgcolor="#000000" bgcolor="#BFFFBF"
             type="rectangle" x="521" y="713" width="46" height="17"/>
    </entry>
    <entry id="19" name="hsa:6218" type="gene"
        link="http://www.kegg.jp/dbget-bin/www_bget?hsa:6218">
        <graphics name="RPS17, DBA4, RPS17L, RPS17L1, RPS17L2, S17" fgcolor="#000000" bgcolor="#BFFFBF"
             type="rectangle" x="573" y="713" width="46" height="17"/>
    </entry>
    <entry id="20" name="hsa:6223" type="gene"
        link="http://www.kegg.jp/dbget-bin/www_bget?hsa:6223">
        <graphics name="RPS19, DBA, DBA1, S19, eS19" fgcolor="#000000" bgcolor="#BFFFBF"
             type="rectangle" x="625" y="713" width="46" height="17"/>
    </entry>
    <entry id="21" name="hsa:6229" type="gene"
        link="http://www.kegg.jp/dbget-bin/www_bget?hsa:6229">
        <graphics name="RPS24, DBA3, S24, eS24" fgcolor="#000000" bgcolor="#BFFFBF"
             type="rectangle" x="677" y="713" width="46" height="17"/>
    </entry>
    <entry id="22" name="hsa:51065 hsa:6232" type="gene"
        link="http://www.kegg.jp/dbget-bin/www_bget?hsa:51065+hsa:6232">
        <graphics name="RPS27L..." fgcolor="#000000" bgcolor="#BFFFBF"
             type="rectangle" x="833" y="713" width="46" height="17"/>
    </entry>
    <entry id="23" name="hsa:6233" type="gene"
        link="http://www.kegg.jp/dbget-bin/www_bget?hsa:6233">
        <graphics name="RPS27A, CEP80, HEL112, S27A, UBA80, UBC, UBCEP1, UBCEP80" fgcolor="#000000" bgcolor="#BFFFBF"
             type="rectangle" x="885" y="713" width="46" height="17"/>
    </entry>
    <entry id="24" name="hsa:6201" type="gene"
        link="http://www.kegg.jp/dbget-bin/www_bget?hsa:6201">
        <graphics name="RPS7, DBA8, S7, eS7" fgcolor="#000000" bgcolor="#BFFFBF"
             type="rectangle" x="417" y="802" width="46" height="17"/>
    </entry>
    <entry id="25" name="hsa:100529239 hsa:6204" type="gene"
        link="http://www.kegg.jp/dbget-bin/www_bget?hsa:100529239+hsa:6204">
        <graphics name="RPS10-NUDT3..." fgcolor="#000000" bgcolor="#BFFFBF"
             type="rectangle" x="469" y="802" width="46" height="17"/>
    </entry>
    <entry id="26" name="hsa:6206" type="gene"
        link="http://www.kegg.jp/dbget-bin/www_bget?hsa:6206">
        <graphics name="RPS12, S12" fgcolor="#000000" bgcolor="#BFFFBF"
             type="rectangle" x="521" y="802" width="46" height="17"/>
    </entry>
    <entry id="27" name="hsa:6227" type="gene"
        link="http://www.kegg.jp/dbget-bin/www_bget?hsa:6227">
        <graphics name="RPS21, HLDF, S21" fgcolor="#000000" bgcolor="#BFFFBF"
             type="rectangle" x="573" y="802" width="46" height="17"/>
    </entry>
    <entry id="28" name="hsa:6230" type="gene"
        link="http://www.kegg.jp/dbget-bin/www_bget?hsa:6230">
        <graphics name="RPS25, S25" fgcolor="#000000" bgcolor="#BFFFBF"
             type="rectangle" x="729" y="713" width="46" height="17"/>
    </entry>
    <entry id="29" name="hsa:6231" type="gene"
        link="http://www.kegg.jp/dbget-bin/www_bget?hsa:6231">
        <graphics name="RPS26, DBA10, S26, eS26" fgcolor="#000000" bgcolor="#BFFFBF"
             type="rectangle" x="781" y="713" width="46" height="17"/>
    </entry>
    <entry id="30" name="hsa:6234" type="gene"
        link="http://www.kegg.jp/dbget-bin/www_bget?hsa:6234">
        <graphics name="RPS28, DBA15, S28, eS28" fgcolor="#000000" bgcolor="#BFFFBF"
             type="rectangle" x="937" y="713" width="46" height="17"/>
    </entry>
    <entry id="31" name="hsa:140032 hsa:6191 hsa:6192" type="gene"
        link="http://www.kegg.jp/dbget-bin/www_bget?hsa:140032+hsa:6191+hsa:6192">
        <graphics name="RPS4Y2, RPS4Y2P..." fgcolor="#000000" bgcolor="#BFFFBF"
             type="rectangle" x="555" y="294" width="46" height="17"/>
    </entry>
    <entry id="32" name="hsa:6189" type="gene"
        link="http://www.kegg.jp/dbget-bin/www_bget?hsa:6189">
        <graphics name="RPS3A, FTE1, MFTL, S3A" fgcolor="#000000" bgcolor="#BFFFBF"
             type="rectangle" x="417" y="713" width="46" height="17"/>
    </entry>
    <entry id="33" name="ko:K01985" type="ortholog"
        link="http://www.kegg.jp/dbget-bin/www_bget?K01985">
        <graphics name="K01985" fgcolor="#000000" bgcolor="#FFFFFF"
             type="rectangle" x="543" y="89" width="46" height="17"/>
    </entry>
    <entry id="34" name="hsa:4550" type="gene"
        link="http://www.kegg.jp/dbget-bin/www_bget?hsa:4550">
        <graphics name="RNR2, MTRNR2, MT-RNR2" fgcolor="#000000" bgcolor="#BFFFBF"
             type="rectangle" x="497" y="106" width="46" height="17"/>
    </entry>
    <entry id="35" name="ko:K01980" type="ortholog"
        link="http://www.kegg.jp/dbget-bin/www_bget?K01980">
        <graphics name="K01980" fgcolor="#000000" bgcolor="#FFFFFF"
             type="rectangle" x="497" y="89" width="46" height="17"/>
    </entry>
    <entry id="36" name="hsa:100169751 hsa:100169753 hsa:100169754 hsa:100169755 hsa:100169756 hsa:100169757 hsa:100169758 hsa:100169759 hsa:100169760 hsa:100169761 hsa:100169762 hsa:100169763 hsa:100169764 hsa:100169765 hsa:100169766 hsa:100169767 hsa:100169768" type="gene"
        link="http://www.kegg.jp/dbget-bin/www_bget?hsa:100169751+hsa:100169753+hsa:100169754+hsa:100169755+hsa:100169756+hsa:100169757+hsa:100169758+hsa:100169759+hsa:100169760+hsa:100169761+hsa:100169762+hsa:100169763+hsa:100169764+hsa:100169765+hsa:100169766+hsa:100169767+hsa:100169768">
        <graphics name="RNA5S1, RN5S1..." fgcolor="#000000" bgcolor="#BFFFBF"
             type="rectangle" x="543" y="106" width="46" height="17"/>
    </entry>
    <entry id="37" name="hsa:124995" type="gene"
        link="http://www.kegg.jp/dbget-bin/www_bget?hsa:124995">
        <graphics name="MRPL10, L10MT, MRP-L10, MRP-L8, MRPL8, RPML8" fgcolor="#000000" bgcolor="#BFFFBF"
             type="rectangle" x="797" y="453" width="46" height="17"/>
    </entry>
    <entry id="38" name="hsa:65003" type="gene"
        link="http://www.kegg.jp/dbget-bin/www_bget?hsa:65003">
        <graphics name="MRPL11, CGI-113, L11MT, MRP-L11" fgcolor="#000000" bgcolor="#BFFFBF"
             type="rectangle" x="889" y="453" width="46" height="17"/>
    </entry>
    <entry id="39" name="hsa:6122 hsa:6123" type="gene"
        link="http://www.kegg.jp/dbget-bin/www_bget?hsa:6122+hsa:6123">
        <graphics name="RPL3, ASC-1, L3, TARBP-B..." fgcolor="#000000" bgcolor="#BFFFBF"
             type="rectangle" x="509" y="219" width="46" height="17"/>
    </entry>
    <entry id="40" name="hsa:6135" type="gene"
        link="http://www.kegg.jp/dbget-bin/www_bget?hsa:6135">
        <graphics name="RPL11, DBA7, GIG34, L11, uL5" fgcolor="#000000" bgcolor="#BFFFBF"
             type="rectangle" x="601" y="294" width="46" height="17"/>
    </entry>
    <entry id="41" name="hsa:6133" type="gene"
        link="http://www.kegg.jp/dbget-bin/www_bget?hsa:6133">
        <graphics name="RPL9, L9, NPC-A-16" fgcolor="#000000" bgcolor="#BFFFBF"
             type="rectangle" x="739" y="294" width="46" height="17"/>
    </entry>
    <entry id="42" name="hsa:6175" type="gene"
        link="http://www.kegg.jp/dbget-bin/www_bget?hsa:6175">
        <graphics name="RPLP0, L10E, LP0, P0, PRLP0, RPP0" fgcolor="#000000" bgcolor="#BFFFBF"
             type="rectangle" x="797" y="470" width="46" height="17"/>
    </entry>
    <entry id="43" name="hsa:6136" type="gene"
        link="http://www.kegg.jp/dbget-bin/www_bget?hsa:6136">
        <graphics name="RPL12, L12" fgcolor="#000000" bgcolor="#BFFFBF"
             type="rectangle" x="889" y="470" width="46" height="17"/>
    </entry>
    <entry id="44" name="hsa:23521" type="gene"
        link="http://www.kegg.jp/dbget-bin/www_bget?hsa:23521">
        <graphics name="RPL13A, L13A, TSTA1" fgcolor="#000000" bgcolor="#BFFFBF"
             type="rectangle" x="838" y="378" width="46" height="17"/>
    </entry>
    <entry id="45" name="hsa:28998" type="gene"
        link="http://www.kegg.jp/dbget-bin/www_bget?hsa:28998">
        <graphics name="MRPL13, L13, L13A, L13mt, RPL13, RPML13" fgcolor="#000000" bgcolor="#BFFFBF"
             type="rectangle" x="838" y="361" width="46" height="17"/>
    </entry>
    <entry id="46" name="ko:K01986" type="ortholog"
        link="http://www.kegg.jp/dbget-bin/www_bget?K01986">
        <graphics name="K01986" fgcolor="#000000" bgcolor="#FFFFFF"
             type="rectangle" x="589" y="106" width="46" height="17"/>
    </entry>
    <entry id="47" name="hsa:51069" type="gene"
        link="http://www.kegg.jp/dbget-bin/www_bget?hsa:51069">
        <graphics name="MRPL2, CGI-22, MRP-L14, RPML14" fgcolor="#000000" bgcolor="#BFFFBF"
             type="rectangle" x="647" y="202" width="46" height="17"/>
    </entry>
    <entry id="48" name="hsa:11222" type="gene"
        link="http://www.kegg.jp/dbget-bin/www_bget?hsa:11222">
        <graphics name="MRPL3, COXPD9, MRL3, RPML3" fgcolor="#000000" bgcolor="#BFFFBF"
             type="rectangle" x="509" y="202" width="46" height="17"/>
    </entry>
    <entry id="49" name="ko:K02931" type="ortholog"
        link="http://www.kegg.jp/dbget-bin/www_bget?K02931">
        <graphics name="K02931" fgcolor="#000000" bgcolor="#FFFFFF"
             type="rectangle" x="601" y="277" width="46" height="17"/>
    </entry>
    <entry id="50" name="ko:K02933" type="ortholog"
        link="http://www.kegg.jp/dbget-bin/www_bget?K02933">
        <graphics name="K02933" fgcolor="#000000" bgcolor="#FFFFFF"
             type="rectangle" x="739" y="277" width="46" height="17"/>
    </entry>
    <entry id="51" name="hsa:4736" type="gene"
        link="http://www.kegg.jp/dbget-bin/www_bget?hsa:4736">
        <graphics name="RPL10A, CSA19, Csa-19, L10A, NEDD6" fgcolor="#000000" bgcolor="#BFFFBF"
             type="rectangle" x="843" y="470" width="46" height="17"/>
    </entry>
    <entry id="52" name="hsa:6132" type="gene"
        link="http://www.kegg.jp/dbget-bin/www_bget?hsa:6132">
        <graphics name="RPL8, L8" fgcolor="#000000" bgcolor="#BFFFBF"
             type="rectangle" x="647" y="219" width="46" height="17"/>
    </entry>
    <entry id="53" name="hsa:64928" type="gene"
        link="http://www.kegg.jp/dbget-bin/www_bget?hsa:64928">
        <graphics name="MRPL14, L14mt, L32mt, MRP-L14, MRP-L32, MRPL32, RMPL32, RPML32" fgcolor="#000000" bgcolor="#BFFFBF"
             type="rectangle" x="463" y="277" width="46" height="17"/>
    </entry>
    <entry id="54" name="hsa:9349" type="gene"
        link="http://www.kegg.jp/dbget-bin/www_bget?hsa:9349">
        <graphics name="RPL23, L23, rpL17" fgcolor="#000000" bgcolor="#BFFFBF"
             type="rectangle" x="463" y="294" width="46" height="17"/>
    </entry>
    <entry id="55" name="hsa:6157" type="gene"
        link="http://www.kegg.jp/dbget-bin/www_bget?hsa:6157">
        <graphics name="RPL27A, L27A" fgcolor="#000000" bgcolor="#BFFFBF"
             type="rectangle" x="1015" y="294" width="46" height="17"/>
    </entry>
    <entry id="56" name="hsa:29088" type="gene"
        link="http://www.kegg.jp/dbget-bin/www_bget?hsa:29088">
        <graphics name="MRPL15, HSPC145, L15mt, MRP-L15, MRP-L7, RPML7" fgcolor="#000000" bgcolor="#BFFFBF"
             type="rectangle" x="1015" y="277" width="46" height="17"/>
    </entry>
    <entry id="57" name="hsa:6125" type="gene"
        link="http://www.kegg.jp/dbget-bin/www_bget?hsa:6125">
        <graphics name="RPL5, L5, MSTP030, PPP1R135, uL18" fgcolor="#000000" bgcolor="#BFFFBF"
             type="rectangle" x="877" y="294" width="46" height="17"/>
    </entry>
    <entry id="58" name="hsa:29074" type="gene"
        link="http://www.kegg.jp/dbget-bin/www_bget?hsa:29074">
        <graphics name="MRPL18, HSPC071, L18mt, MRP-L18" fgcolor="#000000" bgcolor="#BFFFBF"
             type="rectangle" x="877" y="277" width="46" height="17"/>
    </entry>
    <entry id="59" name="hsa:100526842 hsa:6139" type="gene"
        link="http://www.kegg.jp/dbget-bin/www_bget?hsa:100526842+hsa:6139">
        <graphics name="RPL17-C18orf32, PD-1, RPL17..." fgcolor="#000000" bgcolor="#BFFFBF"
             type="rectangle" x="739" y="219" width="46" height="17"/>
    </entry>
    <entry id="60" name="hsa:29093" type="gene"
        link="http://www.kegg.jp/dbget-bin/www_bget?hsa:29093">
        <graphics name="MRPL22, HSPC158, L22mt, MRP-L22, MRP-L25, RPML25" fgcolor="#000000" bgcolor="#BFFFBF"
             type="rectangle" x="739" y="202" width="46" height="17"/>
    </entry>
    <entry id="61" name="hsa:6147" type="gene"
        link="http://www.kegg.jp/dbget-bin/www_bget?hsa:6147">
        <graphics name="RPL23A, L23A, MDA20" fgcolor="#000000" bgcolor="#BFFFBF"
             type="rectangle" x="601" y="219" width="46" height="17"/>
    </entry>
    <entry id="62" name="hsa:6150" type="gene"
        link="http://www.kegg.jp/dbget-bin/www_bget?hsa:6150">
        <graphics name="MRPL23, L23MRP, RPL23, RPL23L" fgcolor="#000000" bgcolor="#BFFFBF"
             type="rectangle" x="601" y="202" width="46" height="17"/>
    </entry>
    <entry id="63" name="hsa:51121 hsa:6154" type="gene"
        link="http://www.kegg.jp/dbget-bin/www_bget?hsa:51121+hsa:6154">
        <graphics name="RPL26L1, RPL26P1..." fgcolor="#000000" bgcolor="#BFFFBF"
             type="rectangle" x="509" y="294" width="46" height="17"/>
    </entry>
    <entry id="64" name="hsa:79590" type="gene"
        link="http://www.kegg.jp/dbget-bin/www_bget?hsa:79590">
        <graphics name="MRPL24, L24mt, MRP-L18, MRP-L24" fgcolor="#000000" bgcolor="#BFFFBF"
             type="rectangle" x="509" y="277" width="46" height="17"/>
    </entry>
    <entry id="65" name="hsa:11224" type="gene"
        link="http://www.kegg.jp/dbget-bin/www_bget?hsa:11224">
        <graphics name="RPL35, DBA19, L35" fgcolor="#000000" bgcolor="#BFFFBF"
             type="rectangle" x="877" y="219" width="46" height="17"/>
    </entry>
    <entry id="66" name="ko:K02904" type="ortholog"
        link="http://www.kegg.jp/dbget-bin/www_bget?K02904">
        <graphics name="K02904" fgcolor="#000000" bgcolor="#FFFFFF"
             type="rectangle" x="877" y="202" width="46" height="17"/>
    </entry>
    <entry id="67" name="hsa:51263" type="gene"
        link="http://www.kegg.jp/dbget-bin/www_bget?hsa:51263">
        <graphics name="MRPL30, L28MT, L30MT, MRP-L28, MRP-L30, MRPL28, MRPL28M, RPML28" fgcolor="#000000" bgcolor="#BFFFBF"
             type="rectangle" x="969" y="277" width="46" height="17"/>
    </entry>
    <entry id="68" name="hsa:6129" type="gene"
        link="http://www.kegg.jp/dbget-bin/www_bget?hsa:6129">
        <graphics name="RPL7, L7, humL7-1" fgcolor="#000000" bgcolor="#BFFFBF"
             type="rectangle" x="969" y="294" width="46" height="17"/>
    </entry>
    <entry id="69" name="hsa:6138" type="gene"
        link="http://www.kegg.jp/dbget-bin/www_bget?hsa:6138">
        <graphics name="RPL15, DBA12, EC45, L15, RPL10, RPLY10, RPYL10" fgcolor="#000000" bgcolor="#BFFFBF"
             type="rectangle" x="521" y="670" width="46" height="17"/>
    </entry>
    <entry id="70" name="hsa:6141" type="gene"
        link="http://www.kegg.jp/dbget-bin/www_bget?hsa:6141">
        <graphics name="RPL18, DBA18, L18" fgcolor="#000000" bgcolor="#BFFFBF"
             type="rectangle" x="746" y="378" width="46" height="17"/>
    </entry>
    <entry id="71" name="hsa:6143" type="gene"
        link="http://www.kegg.jp/dbget-bin/www_bget?hsa:6143">
        <graphics name="RPL19, L19" fgcolor="#000000" bgcolor="#BFFFBF"
             type="rectangle" x="831" y="294" width="46" height="17"/>
    </entry>
    <entry id="72" name="hsa:6144" type="gene"
        link="http://www.kegg.jp/dbget-bin/www_bget?hsa:6144">
        <graphics name="RPL21, HYPT12, L21" fgcolor="#000000" bgcolor="#BFFFBF"
             type="rectangle" x="573" y="670" width="46" height="17"/>
    </entry>
    <entry id="73" name="hsa:51187 hsa:6152" type="gene"
        link="http://www.kegg.jp/dbget-bin/www_bget?hsa:51187+hsa:6152">
        <graphics name="RSL24D1, C15orf15, HRP-L30-iso, L30, RLP24, RPL24, RPL24L, TVAS3..." fgcolor="#000000" bgcolor="#BFFFBF"
             type="rectangle" x="625" y="670" width="46" height="17"/>
    </entry>
    <entry id="74" name="hsa:6156" type="gene"
        link="http://www.kegg.jp/dbget-bin/www_bget?hsa:6156">
        <graphics name="RPL30, L30" fgcolor="#000000" bgcolor="#BFFFBF"
             type="rectangle" x="563" y="462" width="46" height="17"/>
    </entry>
    <entry id="75" name="hsa:6170" type="gene"
        link="http://www.kegg.jp/dbget-bin/www_bget?hsa:6170">
        <graphics name="RPL39, L39, RPL39P42, RPL39_23_1806" fgcolor="#000000" bgcolor="#BFFFBF"
             type="rectangle" x="885" y="670" width="46" height="17"/>
    </entry>
    <entry id="76" name="hsa:7311" type="gene"
        link="http://www.kegg.jp/dbget-bin/www_bget?hsa:7311">
        <graphics name="UBA52, CEP52, HUBCEP52, L40, RPL40" fgcolor="#000000" bgcolor="#BFFFBF"
             type="rectangle" x="937" y="670" width="46" height="17"/>
    </entry>
    <entry id="77" name="hsa:6171" type="gene"
        link="http://www.kegg.jp/dbget-bin/www_bget?hsa:6171">
        <graphics name="RPL41, L41" fgcolor="#000000" bgcolor="#BFFFBF"
             type="rectangle" x="989" y="670" width="46" height="17"/>
    </entry>
    <entry id="78" name="hsa:100529097 hsa:6166 hsa:6173" type="gene"
        link="http://www.kegg.jp/dbget-bin/www_bget?hsa:100529097+hsa:6166+hsa:6173">
        <graphics name="RPL36A-HNRNPH2..." fgcolor="#000000" bgcolor="#BFFFBF"
             type="rectangle" x="1041" y="670" width="46" height="17"/>
    </entry>
    <entry id="79" name="hsa:6160" type="gene"
        link="http://www.kegg.jp/dbget-bin/www_bget?hsa:6160">
        <graphics name="RPL31, L31" fgcolor="#000000" bgcolor="#BFFFBF"
             type="rectangle" x="677" y="670" width="46" height="17"/>
    </entry>
    <entry id="80" name="hsa:6161" type="gene"
        link="http://www.kegg.jp/dbget-bin/www_bget?hsa:6161">
        <graphics name="RPL32, L32, PP9932" fgcolor="#000000" bgcolor="#BFFFBF"
             type="rectangle" x="785" y="294" width="46" height="17"/>
    </entry>
    <entry id="81" name="hsa:6164" type="gene"
        link="http://www.kegg.jp/dbget-bin/www_bget?hsa:6164">
        <graphics name="RPL34, L34" fgcolor="#000000" bgcolor="#BFFFBF"
             type="rectangle" x="417" y="378" width="46" height="17"/>
    </entry>
    <entry id="82" name="hsa:6165" type="gene"
        link="http://www.kegg.jp/dbget-bin/www_bget?hsa:6165">
        <graphics name="RPL35A, DBA5, L35A, eL33" fgcolor="#000000" bgcolor="#BFFFBF"
             type="rectangle" x="729" y="670" width="46" height="17"/>
    </entry>
    <entry id="83" name="hsa:6167" type="gene"
        link="http://www.kegg.jp/dbget-bin/www_bget?hsa:6167">
        <graphics name="RPL37, L37" fgcolor="#000000" bgcolor="#BFFFBF"
             type="rectangle" x="781" y="670" width="46" height="17"/>
    </entry>
    <entry id="84" name="hsa:6168" type="gene"
        link="http://www.kegg.jp/dbget-bin/www_bget?hsa:6168">
        <graphics name="RPL37A, L37A" fgcolor="#000000" bgcolor="#BFFFBF"
             type="rectangle" x="833" y="670" width="46" height="17"/>
    </entry>
    <entry id="85" name="hsa:6128" type="gene"
        link="http://www.kegg.jp/dbget-bin/www_bget?hsa:6128">
        <graphics name="RPL6, L6, SHUJUN-2, TAXREB107, TXREB1" fgcolor="#000000" bgcolor="#BFFFBF"
             type="rectangle" x="417" y="758" width="46" height="17"/>
    </entry>
    <entry id="86" name="hsa:6142" type="gene"
        link="http://www.kegg.jp/dbget-bin/www_bget?hsa:6142">
        <graphics name="RPL18A, L18A" fgcolor="#000000" bgcolor="#BFFFBF"
             type="rectangle" x="469" y="758" width="46" height="17"/>
    </entry>
    <entry id="87" name="hsa:200916 hsa:6146" type="gene"
        link="http://www.kegg.jp/dbget-bin/www_bget?hsa:200916+hsa:6146">
        <graphics name="RPL22L1..." fgcolor="#000000" bgcolor="#BFFFBF"
             type="rectangle" x="521" y="758" width="46" height="17"/>
    </entry>
    <entry id="88" name="hsa:6155" type="gene"
        link="http://www.kegg.jp/dbget-bin/www_bget?hsa:6155">
        <graphics name="RPL27, DBA16, L27" fgcolor="#000000" bgcolor="#BFFFBF"
             type="rectangle" x="573" y="758" width="46" height="17"/>
    </entry>
    <entry id="89" name="hsa:6159" type="gene"
        link="http://www.kegg.jp/dbget-bin/www_bget?hsa:6159">
        <graphics name="RPL29, HIP, HUMRPL29, L29, RPL29P10, RPL29_3_370" fgcolor="#000000" bgcolor="#BFFFBF"
             type="rectangle" x="677" y="758" width="46" height="17"/>
    </entry>
    <entry id="90" name="hsa:25873" type="gene"
        link="http://www.kegg.jp/dbget-bin/www_bget?hsa:25873">
        <graphics name="RPL36, L36" fgcolor="#000000" bgcolor="#BFFFBF"
             type="rectangle" x="729" y="758" width="46" height="17"/>
    </entry>
    <entry id="91" name="hsa:6169" type="gene"
        link="http://www.kegg.jp/dbget-bin/www_bget?hsa:6169">
        <graphics name="RPL38, L38" fgcolor="#000000" bgcolor="#BFFFBF"
             type="rectangle" x="781" y="758" width="46" height="17"/>
    </entry>
    <entry id="92" name="hsa:6124" type="gene"
        link="http://www.kegg.jp/dbget-bin/www_bget?hsa:6124">
        <graphics name="RPL4, L4" fgcolor="#000000" bgcolor="#BFFFBF"
             type="rectangle" x="555" y="219" width="46" height="17"/>
    </entry>
    <entry id="93" name="hsa:6130" type="gene"
        link="http://www.kegg.jp/dbget-bin/www_bget?hsa:6130">
        <graphics name="RPL7A, L7A, SURF3, TRUP" fgcolor="#000000" bgcolor="#BFFFBF"
             type="rectangle" x="614" y="462" width="46" height="17"/>
    </entry>
    <entry id="94" name="hsa:140801 hsa:6134" type="gene"
        link="http://www.kegg.jp/dbget-bin/www_bget?hsa:140801+hsa:6134">
        <graphics name="RPL10L, RPL10_5_1358..." fgcolor="#000000" bgcolor="#BFFFBF"
             type="rectangle" x="417" y="670" width="46" height="17"/>
    </entry>
    <entry id="95" name="hsa:9045" type="gene"
        link="http://www.kegg.jp/dbget-bin/www_bget?hsa:9045">
        <graphics name="RPL14, CAG-ISL-7, CTG-B33, L14, RL14, hRL14" fgcolor="#000000" bgcolor="#BFFFBF"
             type="rectangle" x="463" y="378" width="46" height="17"/>
    </entry>
    <entry id="96" name="hsa:51073" type="gene"
        link="http://www.kegg.jp/dbget-bin/www_bget?hsa:51073">
        <graphics name="MRPL4, CGI-28, L4mt" fgcolor="#000000" bgcolor="#BFFFBF"
             type="rectangle" x="555" y="202" width="46" height="17"/>
    </entry>
    <entry id="97" name="hsa:65005" type="gene"
        link="http://www.kegg.jp/dbget-bin/www_bget?hsa:65005">
        <graphics name="MRPL9, L9mt" fgcolor="#000000" bgcolor="#BFFFBF"
             type="rectangle" x="964" y="539" width="46" height="17"/>
    </entry>
    <entry id="98" name="hsa:6182" type="gene"
        link="http://www.kegg.jp/dbget-bin/www_bget?hsa:6182">
        <graphics name="MRPL12, 5c5-2, L12mt, MRP-L31/34, MRPL7, MRPL7/L12, RPML12" fgcolor="#000000" bgcolor="#BFFFBF"
             type="rectangle" x="705" y="453" width="46" height="17"/>
    </entry>
    <entry id="99" name="ko:K02869" type="ortholog"
        link="http://www.kegg.jp/dbget-bin/www_bget?K02869">
        <graphics name="K02869" fgcolor="#000000" bgcolor="#FFFFFF"
             type="rectangle" x="751" y="453" width="46" height="17"/>
    </entry>
    <entry id="100" name="hsa:6176 hsa:6181" type="gene"
        link="http://www.kegg.jp/dbget-bin/www_bget?hsa:6176+hsa:6181">
        <graphics name="RPLP1, LP1, P1, RPP1..." fgcolor="#000000" bgcolor="#BFFFBF"
             type="rectangle" x="751" y="470" width="46" height="17"/>
    </entry>
    <entry id="101" name="hsa:54948" type="gene"
        link="http://www.kegg.jp/dbget-bin/www_bget?hsa:54948">
        <graphics name="MRPL16, L16mt, MRP-L16, PNAS-111" fgcolor="#000000" bgcolor="#BFFFBF"
             type="rectangle" x="831" y="202" width="46" height="17"/>
    </entry>
    <entry id="102" name="hsa:63875" type="gene"
        link="http://www.kegg.jp/dbget-bin/www_bget?hsa:63875">
        <graphics name="MRPL17, L17mt, LIP2, MRP-L17, MRP-L26, RPL17L, RPML26" fgcolor="#000000" bgcolor="#BFFFBF"
             type="rectangle" x="792" y="361" width="46" height="17"/>
    </entry>
    <entry id="103" name="hsa:9801" type="gene"
        link="http://www.kegg.jp/dbget-bin/www_bget?hsa:9801">
        <graphics name="MRPL19, L19mt, MRP-L15, MRP-L19, MRPL15, RLX1, RPML15" fgcolor="#000000" bgcolor="#BFFFBF"
             type="rectangle" x="741" y="611" width="46" height="17"/>
    </entry>
    <entry id="104" name="hsa:55052" type="gene"
        link="http://www.kegg.jp/dbget-bin/www_bget?hsa:55052">
        <graphics name="MRPL20, L20mt, MRP-L20" fgcolor="#000000" bgcolor="#BFFFBF"
             type="rectangle" x="686" y="539" width="46" height="17"/>
    </entry>
    <entry id="105" name="hsa:219927" type="gene"
        link="http://www.kegg.jp/dbget-bin/www_bget?hsa:219927">
        <graphics name="MRPL21, L21mt, MRP-L21" fgcolor="#000000" bgcolor="#BFFFBF"
             type="rectangle" x="531" y="611" width="46" height="17"/>
    </entry>
    <entry id="106" name="ko:K02897" type="ortholog"
        link="http://www.kegg.jp/dbget-bin/www_bget?K02897">
        <graphics name="K02897" fgcolor="#000000" bgcolor="#FFFFFF"
             type="rectangle" x="993" y="611" width="46" height="17"/>
    </entry>
    <entry id="107" name="hsa:51264" type="gene"
        link="http://www.kegg.jp/dbget-bin/www_bget?hsa:51264">
        <graphics name="MRPL27, L27mt" fgcolor="#000000" bgcolor="#BFFFBF"
             type="rectangle" x="577" y="611" width="46" height="17"/>
    </entry>
    <entry id="108" name="hsa:10573" type="gene"
        link="http://www.kegg.jp/dbget-bin/www_bget?hsa:10573">
        <graphics name="MRPL28, MAAT1, p15" fgcolor="#000000" bgcolor="#BFFFBF"
             type="rectangle" x="417" y="611" width="46" height="17"/>
    </entry>
    <entry id="109" name="ko:K02909" type="ortholog"
        link="http://www.kegg.jp/dbget-bin/www_bget?K02909">
        <graphics name="K02909" fgcolor="#000000" bgcolor="#FFFFFF"
             type="rectangle" x="828" y="539" width="46" height="17"/>
    </entry>
    <entry id="110" name="hsa:64983" type="gene"
        link="http://www.kegg.jp/dbget-bin/www_bget?hsa:64983">
        <graphics name="MRPL32, HSPC283, L32mt, MRP-L32, bMRP-59b" fgcolor="#000000" bgcolor="#BFFFBF"
             type="rectangle" x="896" y="539" width="46" height="17"/>
    </entry>
    <entry id="111" name="hsa:9553" type="gene"
        link="http://www.kegg.jp/dbget-bin/www_bget?hsa:9553">
        <graphics name="MRPL33, C2orf1, L33mt, MRP-L33, RPL33L" fgcolor="#000000" bgcolor="#BFFFBF"
             type="rectangle" x="463" y="611" width="46" height="17"/>
    </entry>
    <entry id="112" name="hsa:64981" type="gene"
        link="http://www.kegg.jp/dbget-bin/www_bget?hsa:64981">
        <graphics name="MRPL34, L34mt" fgcolor="#000000" bgcolor="#BFFFBF"
             type="rectangle" x="732" y="539" width="46" height="17"/>
    </entry>
    <entry id="113" name="hsa:51318" type="gene"
        link="http://www.kegg.jp/dbget-bin/www_bget?hsa:51318">
        <graphics name="MRPL35, L35mt, MRP-L35" fgcolor="#000000" bgcolor="#BFFFBF"
             type="rectangle" x="640" y="539" width="46" height="17"/>
    </entry>
    <entry id="114" name="hsa:64979" type="gene"
        link="http://www.kegg.jp/dbget-bin/www_bget?hsa:64979">
        <graphics name="MRPL36, BRIP1, L36mt, MRP-L36, PRPL36, RPMJ" fgcolor="#000000" bgcolor="#BFFFBF"
             type="rectangle" x="531" y="361" width="46" height="17"/>
    </entry>
    <entry id="115" name="ko:K01977" type="ortholog"
        link="http://www.kegg.jp/dbget-bin/www_bget?K01977">
        <graphics name="K01977" fgcolor="#000000" bgcolor="#FFFFFF"
             type="rectangle" x="647" y="89" width="46" height="17"/>
    </entry>
    <entry id="116" name="hsa:4549" type="gene"
        link="http://www.kegg.jp/dbget-bin/www_bget?hsa:4549">
        <graphics name="RNR1, MTRNR1, MT-RNR1" fgcolor="#000000" bgcolor="#BFFFBF"
             type="rectangle" x="647" y="106" width="46" height="17"/>
    </entry>
    <entry id="117" name="ko:K02982" type="ortholog"
        link="http://www.kegg.jp/dbget-bin/www_bget?K02982">
        <graphics name="K02982" fgcolor="#000000" bgcolor="#FFFFFF"
             type="rectangle" x="785" y="202" width="46" height="17"/>
    </entry>
    <entry id="118" name="ko:K02986" type="ortholog"
        link="http://www.kegg.jp/dbget-bin/www_bget?K02986">
        <graphics name="K02986" fgcolor="#000000" bgcolor="#FFFFFF"
             type="rectangle" x="669" y="361" width="46" height="17"/>
    </entry>
    <entry id="119" name="hsa:64969" type="gene"
        link="http://www.kegg.jp/dbget-bin/www_bget?hsa:64969">
        <graphics name="MRPS5, MRP-S5, S5mt" fgcolor="#000000" bgcolor="#BFFFBF"
             type="rectangle" x="923" y="277" width="46" height="17"/>
    </entry>
    <entry id="120" name="hsa:51081" type="gene"
        link="http://www.kegg.jp/dbget-bin/www_bget?hsa:51081">
        <graphics name="MRPS7, COXPD34, MRP-S, MRP-S7, RP-S7, RPMS7, S7mt, bMRP27a" fgcolor="#000000" bgcolor="#BFFFBF"
             type="rectangle" x="471" y="445" width="46" height="17"/>
    </entry>
    <entry id="121" name="ko:K02994" type="ortholog"
        link="http://www.kegg.jp/dbget-bin/www_bget?K02994">
        <graphics name="K02994" fgcolor="#000000" bgcolor="#FFFFFF"
             type="rectangle" x="693" y="277" width="46" height="17"/>
    </entry>
    <entry id="122" name="hsa:64965" type="gene"
        link="http://www.kegg.jp/dbget-bin/www_bget?hsa:64965">
        <graphics name="MRPS9, MRP-S9, RPMS9, S9mt" fgcolor="#000000" bgcolor="#BFFFBF"
             type="rectangle" x="884" y="361" width="46" height="17"/>
    </entry>
    <entry id="123" name="hsa:55173" type="gene"
        link="http://www.kegg.jp/dbget-bin/www_bget?hsa:55173">
        <graphics name="MRPS10, MRP-S10, PNAS-122" fgcolor="#000000" bgcolor="#BFFFBF"
             type="rectangle" x="463" y="202" width="46" height="17"/>
    </entry>
    <entry id="124" name="hsa:6187" type="gene"
        link="http://www.kegg.jp/dbget-bin/www_bget?hsa:6187">
        <graphics name="RPS2, LLREP3, S2" fgcolor="#000000" bgcolor="#BFFFBF"
             type="rectangle" x="923" y="294" width="46" height="17"/>
    </entry>
    <entry id="125" name="hsa:6193" type="gene"
        link="http://www.kegg.jp/dbget-bin/www_bget?hsa:6193">
        <graphics name="RPS5, S5" fgcolor="#000000" bgcolor="#BFFFBF"
             type="rectangle" x="471" y="462" width="46" height="17"/>
    </entry>
    <entry id="126" name="hsa:6210" type="gene"
        link="http://www.kegg.jp/dbget-bin/www_bget?hsa:6210">
        <graphics name="RPS15A, DBA20, S15a" fgcolor="#000000" bgcolor="#BFFFBF"
             type="rectangle" x="693" y="294" width="46" height="17"/>
    </entry>
    <entry id="127" name="hsa:6217" type="gene"
        link="http://www.kegg.jp/dbget-bin/www_bget?hsa:6217">
        <graphics name="RPS16, S16" fgcolor="#000000" bgcolor="#BFFFBF"
             type="rectangle" x="884" y="378" width="46" height="17"/>
    </entry>
    <entry id="128" name="hsa:6224" type="gene"
        link="http://www.kegg.jp/dbget-bin/www_bget?hsa:6224">
        <graphics name="RPS20, S20, uS10" fgcolor="#000000" bgcolor="#BFFFBF"
             type="rectangle" x="463" y="219" width="46" height="17"/>
    </entry>
    <entry id="129" name="hsa:3921" type="gene"
        link="http://www.kegg.jp/dbget-bin/www_bget?hsa:3921">
        <graphics name="RPSA, 37LRP, 67LR, ICAS, LAMBR, LAMR1, LBP, LBP/p40, LRP, LRP/LR, NEM/1CHD4, SA, lamR, p40" fgcolor="#000000" bgcolor="#BFFFBF"
             type="rectangle" x="417" y="556" width="46" height="17"/>
    </entry>
    <entry id="130" name="hsa:6188" type="gene"
        link="http://www.kegg.jp/dbget-bin/www_bget?hsa:6188">
        <graphics name="RPS3, S3" fgcolor="#000000" bgcolor="#BFFFBF"
             type="rectangle" x="785" y="219" width="46" height="17"/>
    </entry>
    <entry id="131" name="hsa:64963" type="gene"
        link="http://www.kegg.jp/dbget-bin/www_bget?hsa:64963">
        <graphics name="MRPS11, HCC-2, MRP-S11, S11mt" fgcolor="#000000" bgcolor="#BFFFBF"
             type="rectangle" x="623" y="361" width="46" height="17"/>
    </entry>
    <entry id="132" name="hsa:6183" type="gene"
        link="http://www.kegg.jp/dbget-bin/www_bget?hsa:6183">
        <graphics name="MRPS12, MPR-S12, MT-RPS12, RPMS12, RPS12, RPSM12" fgcolor="#000000" bgcolor="#BFFFBF"
             type="rectangle" x="517" y="445" width="46" height="17"/>
    </entry>
    <entry id="133" name="ko:K02952" type="ortholog"
        link="http://www.kegg.jp/dbget-bin/www_bget?K02952">
        <graphics name="K02952" fgcolor="#000000" bgcolor="#FFFFFF"
             type="rectangle" x="577" y="361" width="46" height="17"/>
    </entry>
    <entry id="134" name="hsa:63931" type="gene"
        link="http://www.kegg.jp/dbget-bin/www_bget?hsa:63931">
        <graphics name="MRPS14, COXPD38, DJ262D12.2, HSMRPS14, MRP-S14, S14mt" fgcolor="#000000" bgcolor="#BFFFBF"
             type="rectangle" x="647" y="277" width="46" height="17"/>
    </entry>
    <entry id="135" name="hsa:64960" type="gene"
        link="http://www.kegg.jp/dbget-bin/www_bget?hsa:64960">
        <graphics name="MRPS15, DC37, MPR-S15, RPMS15, S15mt" fgcolor="#000000" bgcolor="#BFFFBF"
             type="rectangle" x="546" y="539" width="46" height="17"/>
    </entry>
    <entry id="136" name="hsa:51373" type="gene"
        link="http://www.kegg.jp/dbget-bin/www_bget?hsa:51373">
        <graphics name="MRPS17, HSPC011, MRP-S17, RPMS17, S17mt" fgcolor="#000000" bgcolor="#BFFFBF"
             type="rectangle" x="417" y="277" width="46" height="17"/>
    </entry>
    <entry id="137" name="ko:K02965" type="ortholog"
        link="http://www.kegg.jp/dbget-bin/www_bget?K02965">
        <graphics name="K02965" fgcolor="#000000" bgcolor="#FFFFFF"
             type="rectangle" x="693" y="202" width="46" height="17"/>
    </entry>
    <entry id="138" name="ko:K02945" type="ortholog"
        link="http://www.kegg.jp/dbget-bin/www_bget?K02945">
        <graphics name="K02945" fgcolor="#000000" bgcolor="#FFFFFF"
             type="rectangle" x="808" y="611" width="46" height="17"/>
    </entry>
    <entry id="139" name="hsa:64968" type="gene"
        link="http://www.kegg.jp/dbget-bin/www_bget?hsa:64968">
        <graphics name="MRPS6, C21orf101, MRP-S6, RPMS6, S6mt" fgcolor="#000000" bgcolor="#BFFFBF"
             type="rectangle" x="1056" y="539" width="46" height="17"/>
    </entry>
    <entry id="140" name="hsa:51021" type="gene"
        link="http://www.kegg.jp/dbget-bin/www_bget?hsa:51021">
        <graphics name="MRPS16, CGI-132, COXPD2, MRP-S16, RPMS16" fgcolor="#000000" bgcolor="#BFFFBF"
             type="rectangle" x="695" y="611" width="46" height="17"/>
    </entry>
    <entry id="141" name="hsa:51023 hsa:55168" type="gene"
        link="http://www.kegg.jp/dbget-bin/www_bget?hsa:51023+hsa:55168">
        <graphics name="MRPS18C, CGI-134, MRP-S18-1, MRP-S18-c, MRPS18-1, S18mt-c, mrps18-c..." fgcolor="#000000" bgcolor="#BFFFBF"
             type="rectangle" x="1010" y="539" width="46" height="17"/>
    </entry>
    <entry id="142" name="ko:K02968" type="ortholog"
        link="http://www.kegg.jp/dbget-bin/www_bget?K02968">
        <graphics name="K02968" fgcolor="#000000" bgcolor="#FFFFFF"
             type="rectangle" x="870" y="611" width="46" height="17"/>
    </entry>
    <entry id="143" name="hsa:54460" type="gene"
        link="http://www.kegg.jp/dbget-bin/www_bget?hsa:54460">
        <graphics name="MRPS21, MDS016, MRP-S21, RPMS21" fgcolor="#000000" bgcolor="#BFFFBF"
             type="rectangle" x="931" y="611" width="46" height="17"/>
    </entry>
    <entry id="144" name="hsa:6203" type="gene"
        link="http://www.kegg.jp/dbget-bin/www_bget?hsa:6203">
        <graphics name="RPS9, S9" fgcolor="#000000" bgcolor="#BFFFBF"
             type="rectangle" x="669" y="378" width="46" height="17"/>
    </entry>
    <entry id="145" name="hsa:51116" type="gene"
        link="http://www.kegg.jp/dbget-bin/www_bget?hsa:51116">
        <graphics name="MRPS2, CGI-91, COXPD36, MRP-S2, S2mt" fgcolor="#000000" bgcolor="#BFFFBF"
             type="rectangle" x="417" y="539" width="46" height="17"/>
    </entry>
    <entry id="146" name="ko:K02944" type="ortholog"
        link="http://www.kegg.jp/dbget-bin/www_bget?K02944">
        <graphics name="K02944" fgcolor="#000000" bgcolor="#FFFFFF"
             type="rectangle" x="1041" y="713" width="46" height="17"/>
    </entry>
    <entry id="147" name="hsa:65008" type="gene"
        link="http://www.kegg.jp/dbget-bin/www_bget?hsa:65008">
        <graphics name="MRPL1, BM022, L1MT, MRP-L1" fgcolor="#000000" bgcolor="#BFFFBF"
             type="rectangle" x="843" y="453" width="46" height="17"/>
    </entry>
    <entry id="148" name="path:hsa03010" type="map"
        link="http://www.kegg.jp/dbget-bin/www_bget?hsa03010">
        <graphics name="TITLE:Ribosome" fgcolor="#000000" bgcolor="#FFFFFF"
             type="roundrectangle" x="88" y="58" width="95" height="25"/>
    </entry>
</pathway>
