<?xml version="1.0"?>
<!DOCTYPE pathway SYSTEM "http://www.kegg.jp/kegg/xml/KGML_v0.7.2_.dtd">
<!-- Creation date: Jan 28, 2019 15:28:34 +0900 (GMT+9) -->
<pathway name="path:hsa04713" org="hsa" number="04713"
         title="Circadian entrainment"
         image="http://www.kegg.jp/kegg/pathway/hsa/hsa04713.png"
         link="http://www.kegg.jp/kegg-bin/show_pathway?hsa04713">
    <entry id="13" name="path:hsa04713" type="map"
        link="http://www.kegg.jp/dbget-bin/www_bget?hsa04713">
        <graphics name="TITLE:Circadian entrainment" fgcolor="#000000" bgcolor="#FFFFFF"
             type="roundrectangle" x="145" y="58" width="209" height="25"/>
    </entry>
    <entry id="14" name="hsa:2902 hsa:2903 hsa:2904 hsa:2905 hsa:2906" type="gene"
        link="http://www.kegg.jp/dbget-bin/www_bget?hsa:2902+hsa:2903+hsa:2904+hsa:2905+hsa:2906">
        <graphics name="GRIN1, GluN1, MRD8, NDHMSD, NDHMSR, NMD-R1, NMDA1, NMDAR1, NR1..." fgcolor="#000000" bgcolor="#BFFFBF"
             type="rectangle" x="332" y="206" width="46" height="17"/>
    </entry>
    <entry id="15" name="cpd:C00076" type="compound"
        link="http://www.kegg.jp/dbget-bin/www_bget?C00076">
        <graphics name="C00076" fgcolor="#000000" bgcolor="#FFFFFF"
             type="circle" x="471" y="205" width="8" height="8"/>
    </entry>
    <entry id="17" name="hsa:163688 hsa:51806 hsa:801 hsa:805 hsa:808 hsa:810 hsa:91860" type="gene"
        link="http://www.kegg.jp/dbget-bin/www_bget?hsa:163688+hsa:51806+hsa:801+hsa:805+hsa:808+hsa:810+hsa:91860">
        <graphics name="CALML6, CAGLP..." fgcolor="#000000" bgcolor="#BFFFBF"
             type="rectangle" x="544" y="147" width="46" height="17"/>
    </entry>
    <entry id="18" name="hsa:815 hsa:816 hsa:817 hsa:818" type="gene"
        link="http://www.kegg.jp/dbget-bin/www_bget?hsa:815+hsa:816+hsa:817+hsa:818">
        <graphics name="CAMK2A, CAMKA, CaMKIINalpha, MRD53, MRT63..." fgcolor="#000000" bgcolor="#BFFFBF"
             type="rectangle" x="617" y="147" width="46" height="17"/>
    </entry>
    <entry id="19" name="hsa:4842" type="gene"
        link="http://www.kegg.jp/dbget-bin/www_bget?hsa:4842">
        <graphics name="NOS1, IHPS1, N-NOS, NC-NOS, NOS, bNOS, nNOS" fgcolor="#000000" bgcolor="#BFFFBF"
             type="rectangle" x="708" y="206" width="46" height="17"/>
    </entry>
    <entry id="20" name="cpd:C00533" type="compound"
        link="http://www.kegg.jp/dbget-bin/www_bget?C00533">
        <graphics name="C00533" fgcolor="#000000" bgcolor="#FFFFFF"
             type="circle" x="764" y="205" width="8" height="8"/>
    </entry>
    <entry id="22" name="hsa:2977 hsa:2982 hsa:2983" type="gene"
        link="http://www.kegg.jp/dbget-bin/www_bget?hsa:2977+hsa:2982+hsa:2983">
        <graphics name="GUCY1A2, GC-SA2, GUC1A2..." fgcolor="#000000" bgcolor="#BFFFBF"
             type="rectangle" x="830" y="437" width="46" height="17"/>
    </entry>
    <entry id="23" name="cpd:C00942" type="compound"
        link="http://www.kegg.jp/dbget-bin/www_bget?C00942">
        <graphics name="C00942" fgcolor="#000000" bgcolor="#FFFFFF"
             type="circle" x="884" y="436" width="8" height="8"/>
    </entry>
    <entry id="24" name="hsa:5592 hsa:5593" type="gene"
        link="http://www.kegg.jp/dbget-bin/www_bget?hsa:5592+hsa:5593">
        <graphics name="PRKG1, AAT8, PKG, PKG1, PRKG1B, PRKGR1B, cGK, cGK_1, cGK1, cGKI, cGKI-BETA, cGKI-alpha..." fgcolor="#000000" bgcolor="#BFFFBF"
             type="rectangle" x="938" y="437" width="46" height="17"/>
    </entry>
    <entry id="25" name="hsa:4544" type="gene"
        link="http://www.kegg.jp/dbget-bin/www_bget?hsa:4544">
        <graphics name="MTNR1B, FGQTL2, MEL-1B-R, MT2" fgcolor="#000000" bgcolor="#BFFFBF"
             type="rectangle" x="332" y="740" width="46" height="17"/>
    </entry>
    <entry id="26" name="hsa:23236 hsa:5330 hsa:5331 hsa:5332" type="gene"
        link="http://www.kegg.jp/dbget-bin/www_bget?hsa:23236+hsa:5330+hsa:5331+hsa:5332">
        <graphics name="PLCB1, EIEE12, PI-PLC, PLC-154, PLC-I, PLC-beta-1, PLC154, PLCB1A, PLCB1B..." fgcolor="#000000" bgcolor="#BFFFBF"
             type="rectangle" x="562" y="765" width="46" height="17"/>
    </entry>
    <entry id="27" name="cpd:C00165" type="compound"
        link="http://www.kegg.jp/dbget-bin/www_bget?C00165">
        <graphics name="C00165" fgcolor="#000000" bgcolor="#FFFFFF"
             type="circle" x="647" y="764" width="8" height="8"/>
    </entry>
    <entry id="28" name="hsa:5578 hsa:5579 hsa:5582" type="gene"
        link="http://www.kegg.jp/dbget-bin/www_bget?hsa:5578+hsa:5579+hsa:5582">
        <graphics name="PRKCA, AAG6, PKC-alpha, PKCA, PKCI+/-, PKCalpha, PRKACA..." fgcolor="#000000" bgcolor="#BFFFBF"
             type="rectangle" x="732" y="765" width="46" height="17"/>
    </entry>
    <entry id="30" name="hsa:10681 hsa:2776 hsa:2782 hsa:2783 hsa:2784 hsa:2785 hsa:2786 hsa:2787 hsa:2788 hsa:2790 hsa:2791 hsa:2792 hsa:2793 hsa:51764 hsa:54331 hsa:55970 hsa:59345 hsa:94235" type="gene"
        link="http://www.kegg.jp/dbget-bin/www_bget?hsa:10681+hsa:2776+hsa:2782+hsa:2783+hsa:2784+hsa:2785+hsa:2786+hsa:2787+hsa:2788+hsa:2790+hsa:2791+hsa:2792+hsa:2793+hsa:51764+hsa:54331+hsa:55970+hsa:59345+hsa:94235">
        <graphics name="GNB5, GB5, IDDCA, LADCI..." fgcolor="#000000" bgcolor="#BFFFBF"
             type="rectangle" x="432" y="765" width="46" height="17"/>
    </entry>
    <entry id="31" name="cpd:C01598" type="compound"
        link="http://www.kegg.jp/dbget-bin/www_bget?C01598">
        <graphics name="C01598" fgcolor="#000000" bgcolor="#FFFFFF"
             type="circle" x="187" y="749" width="8" height="8"/>
    </entry>
    <entry id="34" name="hsa:8911 hsa:8912 hsa:8913" type="gene"
        link="http://www.kegg.jp/dbget-bin/www_bget?hsa:8911+hsa:8912+hsa:8913">
        <graphics name="CACNA1I, Cav3.3, ca(v)3.3..." fgcolor="#000000" bgcolor="#BFFFBF"
             type="rectangle" x="332" y="260" width="46" height="17"/>
    </entry>
    <entry id="35" name="hsa:3708 hsa:3710" type="gene"
        link="http://www.kegg.jp/dbget-bin/www_bget?hsa:3708+hsa:3710">
        <graphics name="ITPR1, ACV, CLA4, INSP3R1, IP3R, IP3R1, PPP1R94, SCA15, SCA16, SCA29..." fgcolor="#000000" bgcolor="#BFFFBF"
             type="rectangle" x="447" y="270" width="46" height="17"/>
    </entry>
    <entry id="37" name="hsa:6261 hsa:6262 hsa:6263" type="gene"
        link="http://www.kegg.jp/dbget-bin/www_bget?hsa:6261+hsa:6262+hsa:6263">
        <graphics name="RYR1, CCO, MHS, MHS1, PPP1R137, RYDR, RYR, RYR-1, SKRR..." fgcolor="#000000" bgcolor="#BFFFBF"
             type="rectangle" x="496" y="270" width="46" height="17"/>
    </entry>
    <entry id="48" name="hsa:2890 hsa:2891 hsa:2892 hsa:2893" type="gene"
        link="http://www.kegg.jp/dbget-bin/www_bget?hsa:2890+hsa:2891+hsa:2892+hsa:2893">
        <graphics name="GRIA1, GLUH1, GLUR1, GLURA, GluA1, HBGR1..." fgcolor="#000000" bgcolor="#BFFFBF"
             type="rectangle" x="332" y="152" width="46" height="17"/>
    </entry>
    <entry id="50" name="cpd:C01330" type="compound"
        link="http://www.kegg.jp/dbget-bin/www_bget?C01330">
        <graphics name="C01330" fgcolor="#000000" bgcolor="#FFFFFF"
             type="circle" x="379" y="151" width="8" height="8"/>
    </entry>
    <entry id="53" name="hsa:5594 hsa:5595" type="gene"
        link="http://www.kegg.jp/dbget-bin/www_bget?hsa:5594+hsa:5595">
        <graphics name="MAPK1, ERK, ERK-2, ERK2, ERT1, MAPK2, P42MAPK, PRKM1, PRKM2, p38, p40, p41, p41mapk, p42-MAPK..." fgcolor="#000000" bgcolor="#BFFFBF"
             type="rectangle" x="902" y="206" width="46" height="17"/>
    </entry>
    <entry id="57" name="hsa:117" type="gene"
        link="http://www.kegg.jp/dbget-bin/www_bget?hsa:117">
        <graphics name="ADCYAP1R1, PAC1, PAC1R, PACAPR, PACAPRI" fgcolor="#000000" bgcolor="#BFFFBF"
             type="rectangle" x="332" y="341" width="46" height="17"/>
    </entry>
    <entry id="58" name="hsa:107 hsa:108 hsa:109 hsa:111 hsa:112 hsa:113 hsa:114 hsa:115 hsa:196883 hsa:55811" type="gene"
        link="http://www.kegg.jp/dbget-bin/www_bget?hsa:107+hsa:108+hsa:109+hsa:111+hsa:112+hsa:113+hsa:114+hsa:115+hsa:196883+hsa:55811">
        <graphics name="ADCY1, AC1, DFNB44..." fgcolor="#000000" bgcolor="#BFFFBF"
             type="rectangle" x="562" y="341" width="46" height="17"/>
    </entry>
    <entry id="59" name="cpd:C00575" type="compound"
        link="http://www.kegg.jp/dbget-bin/www_bget?C00575">
        <graphics name="C00575" fgcolor="#000000" bgcolor="#FFFFFF"
             type="circle" x="647" y="340" width="8" height="8"/>
    </entry>
    <entry id="60" name="hsa:5566 hsa:5567 hsa:5568" type="gene"
        link="http://www.kegg.jp/dbget-bin/www_bget?hsa:5566+hsa:5567+hsa:5568">
        <graphics name="PRKACA, PKACA, PPNAD4..." fgcolor="#000000" bgcolor="#BFFFBF"
             type="rectangle" x="732" y="341" width="46" height="17"/>
    </entry>
    <entry id="65" name="hsa:10681 hsa:2778 hsa:2782 hsa:2783 hsa:2784 hsa:2785 hsa:2786 hsa:2787 hsa:2788 hsa:2790 hsa:2791 hsa:2792 hsa:2793 hsa:51764 hsa:54331 hsa:55970 hsa:59345 hsa:94235" type="gene"
        link="http://www.kegg.jp/dbget-bin/www_bget?hsa:10681+hsa:2778+hsa:2782+hsa:2783+hsa:2784+hsa:2785+hsa:2786+hsa:2787+hsa:2788+hsa:2790+hsa:2791+hsa:2792+hsa:2793+hsa:51764+hsa:54331+hsa:55970+hsa:59345+hsa:94235">
        <graphics name="GNB5, GB5, IDDCA, LADCI..." fgcolor="#000000" bgcolor="#BFFFBF"
             type="rectangle" x="432" y="341" width="46" height="17"/>
    </entry>
    <entry id="67" name="hsa:51655" type="gene"
        link="http://www.kegg.jp/dbget-bin/www_bget?hsa:51655">
        <graphics name="RASD1, AGS1, DEXRAS1, MGC:26290" fgcolor="#000000" bgcolor="#BFFFBF"
             type="rectangle" x="784" y="276" width="46" height="17"/>
    </entry>
    <entry id="72" name="hsa:2902 hsa:2903 hsa:2904 hsa:2905 hsa:2906" type="gene"
        link="http://www.kegg.jp/dbget-bin/www_bget?hsa:2902+hsa:2903+hsa:2904+hsa:2905+hsa:2906">
        <graphics name="GRIN1, GluN1, MRD8, NDHMSD, NDHMSR, NMD-R1, NMDA1, NMDAR1, NR1..." fgcolor="#000000" bgcolor="#BFFFBF"
             type="rectangle" x="332" y="511" width="46" height="17"/>
    </entry>
    <entry id="73" name="cpd:C00076" type="compound"
        link="http://www.kegg.jp/dbget-bin/www_bget?C00076">
        <graphics name="C00076" fgcolor="#000000" bgcolor="#FFFFFF"
             type="circle" x="471" y="510" width="8" height="8"/>
    </entry>
    <entry id="74" name="hsa:163688 hsa:51806 hsa:801 hsa:805 hsa:808 hsa:810 hsa:91860" type="gene"
        link="http://www.kegg.jp/dbget-bin/www_bget?hsa:163688+hsa:51806+hsa:801+hsa:805+hsa:808+hsa:810+hsa:91860">
        <graphics name="CALML6, CAGLP..." fgcolor="#000000" bgcolor="#BFFFBF"
             type="rectangle" x="544" y="452" width="46" height="17"/>
    </entry>
    <entry id="75" name="hsa:815 hsa:816 hsa:817 hsa:818" type="gene"
        link="http://www.kegg.jp/dbget-bin/www_bget?hsa:815+hsa:816+hsa:817+hsa:818">
        <graphics name="CAMK2A, CAMKA, CaMKIINalpha, MRD53, MRT63..." fgcolor="#000000" bgcolor="#BFFFBF"
             type="rectangle" x="617" y="452" width="46" height="17"/>
    </entry>
    <entry id="76" name="hsa:4842" type="gene"
        link="http://www.kegg.jp/dbget-bin/www_bget?hsa:4842">
        <graphics name="NOS1, IHPS1, N-NOS, NC-NOS, NOS, bNOS, nNOS" fgcolor="#000000" bgcolor="#BFFFBF"
             type="rectangle" x="708" y="511" width="46" height="17"/>
    </entry>
    <entry id="81" name="hsa:2890 hsa:2891 hsa:2892 hsa:2893" type="gene"
        link="http://www.kegg.jp/dbget-bin/www_bget?hsa:2890+hsa:2891+hsa:2892+hsa:2893">
        <graphics name="GRIA1, GLUH1, GLUR1, GLURA, GluA1, HBGR1..." fgcolor="#000000" bgcolor="#BFFFBF"
             type="rectangle" x="332" y="457" width="46" height="17"/>
    </entry>
    <entry id="82" name="cpd:C01330" type="compound"
        link="http://www.kegg.jp/dbget-bin/www_bget?C01330">
        <graphics name="C01330" fgcolor="#000000" bgcolor="#FFFFFF"
             type="circle" x="379" y="456" width="8" height="8"/>
    </entry>
    <entry id="86" name="hsa:117" type="gene"
        link="http://www.kegg.jp/dbget-bin/www_bget?hsa:117">
        <graphics name="ADCYAP1R1, PAC1, PAC1R, PACAPR, PACAPRI" fgcolor="#000000" bgcolor="#BFFFBF"
             type="rectangle" x="332" y="633" width="46" height="17"/>
    </entry>
    <entry id="87" name="hsa:107 hsa:108 hsa:109 hsa:111 hsa:112 hsa:113 hsa:114 hsa:115 hsa:196883 hsa:55811" type="gene"
        link="http://www.kegg.jp/dbget-bin/www_bget?hsa:107+hsa:108+hsa:109+hsa:111+hsa:112+hsa:113+hsa:114+hsa:115+hsa:196883+hsa:55811">
        <graphics name="ADCY1, AC1, DFNB44..." fgcolor="#000000" bgcolor="#BFFFBF"
             type="rectangle" x="562" y="633" width="46" height="17"/>
    </entry>
    <entry id="88" name="cpd:C00575" type="compound"
        link="http://www.kegg.jp/dbget-bin/www_bget?C00575">
        <graphics name="C00575" fgcolor="#000000" bgcolor="#FFFFFF"
             type="circle" x="647" y="632" width="8" height="8"/>
    </entry>
    <entry id="89" name="hsa:5566 hsa:5567 hsa:5568" type="gene"
        link="http://www.kegg.jp/dbget-bin/www_bget?hsa:5566+hsa:5567+hsa:5568">
        <graphics name="PRKACA, PKACA, PPNAD4..." fgcolor="#000000" bgcolor="#BFFFBF"
             type="rectangle" x="732" y="633" width="46" height="17"/>
    </entry>
    <entry id="95" name="hsa:51655" type="gene"
        link="http://www.kegg.jp/dbget-bin/www_bget?hsa:51655">
        <graphics name="RASD1, AGS1, DEXRAS1, MGC:26290" fgcolor="#000000" bgcolor="#BFFFBF"
             type="rectangle" x="719" y="577" width="46" height="17"/>
    </entry>
    <entry id="96" name="hsa:775 hsa:776" type="gene"
        link="http://www.kegg.jp/dbget-bin/www_bget?hsa:775+hsa:776">
        <graphics name="CACNA1C, CACH2, CACN2, CACNL1A1, CCHL1A1, CaV1.2, LQT8, TS, TS._LQT8..." fgcolor="#000000" bgcolor="#BFFFBF"
             type="rectangle" x="332" y="565" width="46" height="17"/>
    </entry>
    <entry id="97" name="cpd:C00533" type="compound"
        link="http://www.kegg.jp/dbget-bin/www_bget?C00533">
        <graphics name="C00533" fgcolor="#000000" bgcolor="#FFFFFF"
             type="circle" x="764" y="510" width="8" height="8"/>
    </entry>
    <entry id="99" name="hsa:5594 hsa:5595" type="gene"
        link="http://www.kegg.jp/dbget-bin/www_bget?hsa:5594+hsa:5595">
        <graphics name="MAPK1, ERK, ERK-2, ERK2, ERT1, MAPK2, P42MAPK, PRKM1, PRKM2, p38, p40, p41, p41mapk, p42-MAPK..." fgcolor="#000000" bgcolor="#BFFFBF"
             type="rectangle" x="902" y="511" width="46" height="17"/>
    </entry>
    <entry id="104" name="hsa:2778" type="gene"
        link="http://www.kegg.jp/dbget-bin/www_bget?hsa:2778">
        <graphics name="GNAS, AHO, C20orf45, GNAS1, GPSA, GSA, GSP, NESP, PITA3, POH, SCG6, SgVI" fgcolor="#000000" bgcolor="#BFFFBF"
             type="rectangle" x="432" y="633" width="46" height="17"/>
    </entry>
    <entry id="105" name="hsa:10681 hsa:2782 hsa:2783 hsa:2784 hsa:2785 hsa:2786 hsa:2787 hsa:2788 hsa:2790 hsa:2791 hsa:2792 hsa:2793 hsa:51764 hsa:54331 hsa:55970 hsa:59345 hsa:94235" type="gene"
        link="http://www.kegg.jp/dbget-bin/www_bget?hsa:10681+hsa:2782+hsa:2783+hsa:2784+hsa:2785+hsa:2786+hsa:2787+hsa:2788+hsa:2790+hsa:2791+hsa:2792+hsa:2793+hsa:51764+hsa:54331+hsa:55970+hsa:59345+hsa:94235">
        <graphics name="GNB5, GB5, IDDCA, LADCI..." fgcolor="#000000" bgcolor="#BFFFBF"
             type="rectangle" x="432" y="593" width="46" height="17"/>
    </entry>
    <entry id="110" name="path:hsa04010" type="map"
        link="http://www.kegg.jp/dbget-bin/www_bget?hsa04010">
        <graphics name="MAPK signaling pathway" fgcolor="#000000" bgcolor="#FFFFFF"
             type="roundrectangle" x="891" y="477" width="113" height="34"/>
    </entry>
    <entry id="112" name="hsa:9722" type="gene"
        link="http://www.kegg.jp/dbget-bin/www_bget?hsa:9722">
        <graphics name="NOS1AP, 6330408P19Rik, CAPON" fgcolor="#000000" bgcolor="#BFFFBF"
             type="rectangle" x="733" y="241" width="46" height="17"/>
    </entry>
    <entry id="116" name="path:hsa04010" type="map"
        link="http://www.kegg.jp/dbget-bin/www_bget?hsa04010">
        <graphics name="MAPK signaling pathway" fgcolor="#000000" bgcolor="#FFFFFF"
             type="roundrectangle" x="893" y="167" width="113" height="34"/>
    </entry>
    <entry id="117" name="hsa:10681 hsa:2770 hsa:2771 hsa:2773 hsa:2775 hsa:2782 hsa:2783 hsa:2784 hsa:2785 hsa:2786 hsa:2787 hsa:2788 hsa:2790 hsa:2791 hsa:2792 hsa:2793 hsa:51764 hsa:54331 hsa:55970 hsa:59345 hsa:94235" type="gene"
        link="http://www.kegg.jp/dbget-bin/www_bget?hsa:10681+hsa:2770+hsa:2771+hsa:2773+hsa:2775+hsa:2782+hsa:2783+hsa:2784+hsa:2785+hsa:2786+hsa:2787+hsa:2788+hsa:2790+hsa:2791+hsa:2792+hsa:2793+hsa:51764+hsa:54331+hsa:55970+hsa:59345+hsa:94235">
        <graphics name="GNB5, GB5, IDDCA, LADCI..." fgcolor="#000000" bgcolor="#BFFFBF"
             type="rectangle" x="840" y="241" width="46" height="17"/>
    </entry>
    <entry id="119" name="hsa:9252" type="gene"
        link="http://www.kegg.jp/dbget-bin/www_bget?hsa:9252">
        <graphics name="RPS6KA5, MSK1, MSPK1, RLPK" fgcolor="#000000" bgcolor="#BFFFBF"
             type="rectangle" x="1020" y="511" width="46" height="17"/>
    </entry>
    <entry id="121" name="hsa:9252" type="gene"
        link="http://www.kegg.jp/dbget-bin/www_bget?hsa:9252">
        <graphics name="RPS6KA5, MSK1, MSPK1, RLPK" fgcolor="#000000" bgcolor="#BFFFBF"
             type="rectangle" x="1020" y="206" width="46" height="17"/>
    </entry>
    <entry id="128" name="hsa:1385" type="gene"
        link="http://www.kegg.jp/dbget-bin/www_bget?hsa:1385">
        <graphics name="CREB1, CREB, CREB-1" fgcolor="#000000" bgcolor="#BFFFBF"
             type="rectangle" x="1111" y="511" width="46" height="17"/>
    </entry>
    <entry id="130" name="hsa:1385" type="gene"
        link="http://www.kegg.jp/dbget-bin/www_bget?hsa:1385">
        <graphics name="CREB1, CREB, CREB-1" fgcolor="#000000" bgcolor="#BFFFBF"
             type="rectangle" x="1113" y="206" width="46" height="17"/>
    </entry>
    <entry id="134" name="hsa:4543" type="gene"
        link="http://www.kegg.jp/dbget-bin/www_bget?hsa:4543">
        <graphics name="MTNR1A, MEL-1A-R, MT1" fgcolor="#000000" bgcolor="#BFFFBF"
             type="rectangle" x="332" y="760" width="46" height="17"/>
    </entry>
    <entry id="135" name="hsa:10681 hsa:2770 hsa:2771 hsa:2773 hsa:2782 hsa:2783 hsa:2784 hsa:2785 hsa:2786 hsa:2787 hsa:2788 hsa:2790 hsa:2791 hsa:2792 hsa:2793 hsa:51764 hsa:54331 hsa:55970 hsa:59345 hsa:94235" type="gene"
        link="http://www.kegg.jp/dbget-bin/www_bget?hsa:10681+hsa:2770+hsa:2771+hsa:2773+hsa:2782+hsa:2783+hsa:2784+hsa:2785+hsa:2786+hsa:2787+hsa:2788+hsa:2790+hsa:2791+hsa:2792+hsa:2793+hsa:51764+hsa:54331+hsa:55970+hsa:59345+hsa:94235">
        <graphics name="GNB5, GB5, IDDCA, LADCI..." fgcolor="#000000" bgcolor="#BFFFBF"
             type="rectangle" x="432" y="730" width="46" height="17"/>
    </entry>
    <entry id="141" name="hsa:3760 hsa:3762 hsa:3763 hsa:3765" type="gene"
        link="http://www.kegg.jp/dbget-bin/www_bget?hsa:3760+hsa:3762+hsa:3763+hsa:3765">
        <graphics name="KCNJ3, GIRK1, KGA, KIR3.1..." fgcolor="#000000" bgcolor="#BFFFBF"
             type="rectangle" x="332" y="844" width="46" height="17"/>
    </entry>
    <entry id="143" name="cpd:C00238" type="compound"
        link="http://www.kegg.jp/dbget-bin/www_bget?C00238">
        <graphics name="C00238" fgcolor="#000000" bgcolor="#FFFFFF"
             type="circle" x="378" y="844" width="8" height="8"/>
    </entry>
    <entry id="146" name="hsa:10681 hsa:2770 hsa:2771 hsa:2773 hsa:2782 hsa:2783 hsa:2784 hsa:2785 hsa:2786 hsa:2787 hsa:2788 hsa:2790 hsa:2791 hsa:2792 hsa:2793 hsa:51764 hsa:54331 hsa:55970 hsa:59345 hsa:94235" type="gene"
        link="http://www.kegg.jp/dbget-bin/www_bget?hsa:10681+hsa:2770+hsa:2771+hsa:2773+hsa:2782+hsa:2783+hsa:2784+hsa:2785+hsa:2786+hsa:2787+hsa:2788+hsa:2790+hsa:2791+hsa:2792+hsa:2793+hsa:51764+hsa:54331+hsa:55970+hsa:59345+hsa:94235">
        <graphics name="GNB5, GB5, IDDCA, LADCI..." fgcolor="#000000" bgcolor="#BFFFBF"
             type="rectangle" x="432" y="805" width="46" height="17"/>
    </entry>
    <entry id="148" name="path:hsa04710" type="map"
        link="http://www.kegg.jp/dbget-bin/www_bget?hsa04710">
        <graphics name="Circadian rhythm" fgcolor="#000000" bgcolor="#FFFFFF"
             type="roundrectangle" x="1273" y="315" width="113" height="34"/>
    </entry>
    <entry id="153" name="hsa:5187 hsa:8863 hsa:8864" type="gene"
        link="http://www.kegg.jp/dbget-bin/www_bget?hsa:5187+hsa:8863+hsa:8864">
        <graphics name="PER1, PER, RIGUI, hPER..." fgcolor="#000000" bgcolor="#BFFFBF"
             type="rectangle" x="1246" y="350" width="46" height="17"/>
    </entry>
    <entry id="154" name="hsa:2353" type="gene"
        link="http://www.kegg.jp/dbget-bin/www_bget?hsa:2353">
        <graphics name="FOS, AP-1, C-FOS, p55" fgcolor="#000000" bgcolor="#BFFFBF"
             type="rectangle" x="1246" y="375" width="46" height="17"/>
    </entry>
    <entry id="178" name="cpd:C00025" type="compound"
        link="http://www.kegg.jp/dbget-bin/www_bget?C00025">
        <graphics name="C00025" fgcolor="#000000" bgcolor="#FFFFFF"
             type="circle" x="187" y="351" width="8" height="8"/>
    </entry>
    <entry id="187" name="hsa:116" type="gene"
        link="http://www.kegg.jp/dbget-bin/www_bget?hsa:116">
        <graphics name="ADCYAP1, PACAP" fgcolor="#000000" bgcolor="#BFFFBF"
             type="rectangle" x="189" y="492" width="46" height="17"/>
    </entry>
    <relation entry1="14" entry2="19" type="PPrel">
        <subtype name="compound" value="15"/>
    </relation>
    <relation entry1="14" entry2="17" type="PPrel">
        <subtype name="compound" value="15"/>
    </relation>
    <relation entry1="34" entry2="19" type="PPrel">
        <subtype name="compound" value="15"/>
    </relation>
    <relation entry1="34" entry2="17" type="PPrel">
        <subtype name="compound" value="15"/>
    </relation>
    <relation entry1="35" entry2="19" type="PPrel">
        <subtype name="compound" value="15"/>
    </relation>
    <relation entry1="35" entry2="17" type="PPrel">
        <subtype name="compound" value="15"/>
    </relation>
    <relation entry1="37" entry2="19" type="PPrel">
        <subtype name="compound" value="15"/>
    </relation>
    <relation entry1="37" entry2="17" type="PPrel">
        <subtype name="compound" value="15"/>
    </relation>
    <relation entry1="58" entry2="60" type="PPrel">
        <subtype name="compound" value="59"/>
    </relation>
    <relation entry1="72" entry2="74" type="PPrel">
        <subtype name="compound" value="73"/>
    </relation>
    <relation entry1="96" entry2="74" type="PPrel">
        <subtype name="compound" value="73"/>
    </relation>
    <relation entry1="87" entry2="89" type="PPrel">
        <subtype name="compound" value="88"/>
    </relation>
    <relation entry1="26" entry2="28" type="PPrel">
        <subtype name="compound" value="27"/>
    </relation>
    <relation entry1="76" entry2="22" type="PPrel">
        <subtype name="compound" value="97"/>
    </relation>
    <relation entry1="22" entry2="24" type="PPrel">
        <subtype name="compound" value="23"/>
    </relation>
    <relation entry1="72" entry2="76" type="PPrel">
        <subtype name="compound" value="73"/>
    </relation>
    <relation entry1="96" entry2="76" type="PPrel">
        <subtype name="compound" value="73"/>
    </relation>
    <relation entry1="76" entry2="99" type="PPrel">
        <subtype name="compound" value="97"/>
    </relation>
    <relation entry1="19" entry2="53" type="PPrel">
        <subtype name="compound" value="20"/>
    </relation>
    <relation entry1="19" entry2="67" type="PPrel">
        <subtype name="compound" value="20"/>
    </relation>
    <relation entry1="178" entry2="48" type="PCrel">
    </relation>
    <relation entry1="178" entry2="14" type="PCrel">
    </relation>
    <relation entry1="178" entry2="81" type="PCrel">
    </relation>
    <relation entry1="178" entry2="72" type="PCrel">
    </relation>
    <relation entry1="31" entry2="25" type="PCrel">
    </relation>
    <relation entry1="31" entry2="134" type="PCrel">
    </relation>
    <relation entry1="17" entry2="18" type="PPrel">
        <subtype name="activation" value="--&gt;"/>
    </relation>
    <relation entry1="18" entry2="19" type="PPrel">
        <subtype name="activation" value="--&gt;"/>
        <subtype name="phosphorylation" value="+p"/>
    </relation>
    <relation entry1="18" entry2="53" type="PPrel">
        <subtype name="activation" value="--&gt;"/>
        <subtype name="indirect effect" value="..&gt;"/>
    </relation>
    <relation entry1="53" entry2="121" type="PPrel">
        <subtype name="activation" value="--&gt;"/>
        <subtype name="phosphorylation" value="+p"/>
    </relation>
    <relation entry1="121" entry2="130" type="PPrel">
        <subtype name="activation" value="--&gt;"/>
        <subtype name="phosphorylation" value="+p"/>
    </relation>
    <relation entry1="60" entry2="130" type="PPrel">
        <subtype name="activation" value="--&gt;"/>
        <subtype name="phosphorylation" value="+p"/>
    </relation>
    <relation entry1="67" entry2="117" type="PPrel">
        <subtype name="activation" value="--&gt;"/>
    </relation>
    <relation entry1="117" entry2="53" type="PPrel">
        <subtype name="activation" value="--&gt;"/>
        <subtype name="indirect effect" value="..&gt;"/>
    </relation>
    <relation entry1="60" entry2="121" type="PPrel">
        <subtype name="activation" value="--&gt;"/>
        <subtype name="indirect effect" value="..&gt;"/>
    </relation>
    <relation entry1="57" entry2="65" type="PPrel">
        <subtype name="activation" value="--&gt;"/>
    </relation>
    <relation entry1="65" entry2="58" type="PPrel">
        <subtype name="activation" value="--&gt;"/>
    </relation>
    <relation entry1="74" entry2="75" type="PPrel">
        <subtype name="activation" value="--&gt;"/>
    </relation>
    <relation entry1="75" entry2="76" type="PPrel">
        <subtype name="activation" value="--&gt;"/>
        <subtype name="phosphorylation" value="+p"/>
    </relation>
    <relation entry1="99" entry2="119" type="PPrel">
        <subtype name="activation" value="--&gt;"/>
        <subtype name="phosphorylation" value="+p"/>
    </relation>
    <relation entry1="119" entry2="128" type="PPrel">
        <subtype name="activation" value="--&gt;"/>
        <subtype name="phosphorylation" value="+p"/>
    </relation>
    <relation entry1="89" entry2="128" type="PPrel">
        <subtype name="activation" value="--&gt;"/>
        <subtype name="phosphorylation" value="+p"/>
    </relation>
    <relation entry1="24" entry2="128" type="PPrel">
        <subtype name="activation" value="--&gt;"/>
        <subtype name="indirect effect" value="..&gt;"/>
    </relation>
    <relation entry1="89" entry2="119" type="PPrel">
        <subtype name="activation" value="--&gt;"/>
        <subtype name="indirect effect" value="..&gt;"/>
    </relation>
    <relation entry1="105" entry2="99" type="PPrel">
        <subtype name="activation" value="--&gt;"/>
        <subtype name="indirect effect" value="..&gt;"/>
    </relation>
    <relation entry1="86" entry2="104" type="PPrel">
        <subtype name="activation" value="--&gt;"/>
    </relation>
    <relation entry1="104" entry2="87" type="PPrel">
        <subtype name="activation" value="--&gt;"/>
    </relation>
    <relation entry1="25" entry2="135" type="PPrel">
        <subtype name="activation" value="--&gt;"/>
    </relation>
    <relation entry1="25" entry2="30" type="PPrel">
        <subtype name="activation" value="--&gt;"/>
    </relation>
    <relation entry1="134" entry2="135" type="PPrel">
        <subtype name="activation" value="--&gt;"/>
    </relation>
    <relation entry1="134" entry2="146" type="PPrel">
        <subtype name="activation" value="--&gt;"/>
    </relation>
    <relation entry1="146" entry2="141" type="PPrel">
        <subtype name="activation" value="--&gt;"/>
    </relation>
    <relation entry1="30" entry2="26" type="PPrel">
        <subtype name="activation" value="--&gt;"/>
    </relation>
    <relation entry1="135" entry2="58" type="PPrel">
        <subtype name="inhibition" value="--|"/>
    </relation>
    <relation entry1="135" entry2="87" type="PPrel">
        <subtype name="inhibition" value="--|"/>
    </relation>
    <relation entry1="95" entry2="105" type="PPrel">
        <subtype name="inhibition" value="--|"/>
        <subtype name="indirect effect" value="..&gt;"/>
    </relation>
    <relation entry1="95" entry2="89" type="PPrel">
        <subtype name="inhibition" value="--|"/>
        <subtype name="indirect effect" value="..&gt;"/>
    </relation>
    <relation entry1="104" entry2="105" type="PPrel">
        <subtype name="dissociation" value="-+-"/>
    </relation>
    <relation entry1="19" entry2="112" type="PPrel">
        <subtype name="binding/association" value="---"/>
    </relation>
    <relation entry1="112" entry2="67" type="PPrel">
        <subtype name="binding/association" value="---"/>
    </relation>
    <relation entry1="130" entry2="153" type="GErel">
        <subtype name="expression" value="--&gt;"/>
    </relation>
    <relation entry1="130" entry2="154" type="GErel">
        <subtype name="expression" value="--&gt;"/>
    </relation>
    <relation entry1="128" entry2="153" type="GErel">
        <subtype name="expression" value="--&gt;"/>
    </relation>
    <relation entry1="128" entry2="154" type="GErel">
        <subtype name="expression" value="--&gt;"/>
    </relation>
    <relation entry1="48" entry2="14" type="PPrel">
        <subtype name="activation" value="--&gt;"/>
        <subtype name="indirect effect" value="..&gt;"/>
    </relation>
    <relation entry1="14" entry2="34" type="PPrel">
        <subtype name="activation" value="--&gt;"/>
        <subtype name="indirect effect" value="..&gt;"/>
    </relation>
    <relation entry1="81" entry2="72" type="PPrel">
        <subtype name="activation" value="--&gt;"/>
        <subtype name="indirect effect" value="..&gt;"/>
    </relation>
    <relation entry1="72" entry2="96" type="PPrel">
        <subtype name="activation" value="--&gt;"/>
        <subtype name="indirect effect" value="..&gt;"/>
    </relation>
    <relation entry1="187" entry2="57" type="PPrel">
        <subtype name="activation" value="--&gt;"/>
    </relation>
    <relation entry1="187" entry2="86" type="PPrel">
        <subtype name="activation" value="--&gt;"/>
    </relation>
</pathway>
