<?xml version="1.0"?>
<!DOCTYPE pathway SYSTEM "http://www.kegg.jp/kegg/xml/KGML_v0.7.2_.dtd">
<!-- Creation date: Dec 18, 2017 16:15:13 +0900 (GMT+9) -->
<pathway name="path:hsa03030" org="hsa" number="03030"
         title="DNA replication"
         image="http://www.kegg.jp/kegg/pathway/hsa/hsa03030.png"
         link="http://www.kegg.jp/kegg-bin/show_pathway?hsa03030">
    <entry id="4" name="hsa:3978" type="gene"
        link="http://www.kegg.jp/dbget-bin/www_bget?hsa:3978">
        <graphics name="LIG1" fgcolor="#000000" bgcolor="#BFFFBF"
             type="rectangle" x="1158" y="1231" width="46" height="17"/>
    </entry>
    <entry id="5" name="hsa:2237" type="gene"
        link="http://www.kegg.jp/dbget-bin/www_bget?hsa:2237">
        <graphics name="FEN1, FEN-1, MF1, RAD2" fgcolor="#000000" bgcolor="#BFFFBF"
             type="rectangle" x="1081" y="1231" width="46" height="17"/>
    </entry>
    <entry id="6" name="hsa:1763" type="gene"
        link="http://www.kegg.jp/dbget-bin/www_bget?hsa:1763">
        <graphics name="DNA2, DNA2L, hDNA2" fgcolor="#000000" bgcolor="#BFFFBF"
             type="rectangle" x="1003" y="1230" width="46" height="17"/>
    </entry>
    <entry id="7" name="hsa:10535" type="gene"
        link="http://www.kegg.jp/dbget-bin/www_bget?hsa:10535">
        <graphics name="RNASEH2A, AGS4, JUNB, RNASEHI, RNHIA, RNHL, THSD8" fgcolor="#000000" bgcolor="#BFFFBF"
             type="rectangle" x="1067" y="1174" width="46" height="17"/>
    </entry>
    <entry id="8" name="hsa:79621" type="gene"
        link="http://www.kegg.jp/dbget-bin/www_bget?hsa:79621">
        <graphics name="RNASEH2B, AGS2, DLEU8" fgcolor="#000000" bgcolor="#BFFFBF"
             type="rectangle" x="1113" y="1174" width="46" height="17"/>
    </entry>
    <entry id="9" name="hsa:5982 hsa:5984" type="gene"
        link="http://www.kegg.jp/dbget-bin/www_bget?hsa:5982+hsa:5984">
        <graphics name="RFC2, RFC40..." fgcolor="#000000" bgcolor="#BFFFBF"
             type="rectangle" x="1113" y="1116" width="46" height="17"/>
    </entry>
    <entry id="10" name="hsa:84153" type="gene"
        link="http://www.kegg.jp/dbget-bin/www_bget?hsa:84153">
        <graphics name="RNASEH2C, AGS3, AYP1" fgcolor="#000000" bgcolor="#BFFFBF"
             type="rectangle" x="1159" y="1174" width="46" height="17"/>
    </entry>
    <entry id="11" name="hsa:5983 hsa:5985" type="gene"
        link="http://www.kegg.jp/dbget-bin/www_bget?hsa:5983+hsa:5985">
        <graphics name="RFC3, RFC38..." fgcolor="#000000" bgcolor="#BFFFBF"
             type="rectangle" x="1159" y="1116" width="46" height="17"/>
    </entry>
    <entry id="12" name="hsa:5111" type="gene"
        link="http://www.kegg.jp/dbget-bin/www_bget?hsa:5111">
        <graphics name="PCNA, ATLD2" fgcolor="#000000" bgcolor="#BFFFBF"
             type="rectangle" x="1003" y="1116" width="46" height="17"/>
    </entry>
    <entry id="13" name="hsa:6119" type="gene"
        link="http://www.kegg.jp/dbget-bin/www_bget?hsa:6119">
        <graphics name="RPA3, REPA3, RP-A_p14" fgcolor="#000000" bgcolor="#BFFFBF"
             type="rectangle" x="1159" y="1065" width="46" height="17"/>
    </entry>
    <entry id="14" name="hsa:4174" type="gene"
        link="http://www.kegg.jp/dbget-bin/www_bget?hsa:4174">
        <graphics name="MCM5, CDC46, MGORS8, P1-CDC46" fgcolor="#000000" bgcolor="#BFFFBF"
             type="rectangle" x="1068" y="1048" width="46" height="17"/>
    </entry>
    <entry id="15" name="hsa:57804" type="gene"
        link="http://www.kegg.jp/dbget-bin/www_bget?hsa:57804">
        <graphics name="POLD4, POLDS, p12" fgcolor="#000000" bgcolor="#BFFFBF"
             type="rectangle" x="1159" y="918" width="46" height="17"/>
    </entry>
    <entry id="16" name="hsa:10714" type="gene"
        link="http://www.kegg.jp/dbget-bin/www_bget?hsa:10714">
        <graphics name="POLD3, P66, P68, PPP1R128" fgcolor="#000000" bgcolor="#BFFFBF"
             type="rectangle" x="1113" y="918" width="46" height="17"/>
    </entry>
    <entry id="17" name="hsa:56655" type="gene"
        link="http://www.kegg.jp/dbget-bin/www_bget?hsa:56655">
        <graphics name="POLE4, YHHQ1, p12" fgcolor="#000000" bgcolor="#BFFFBF"
             type="rectangle" x="1159" y="976" width="46" height="17"/>
    </entry>
    <entry id="18" name="hsa:54107" type="gene"
        link="http://www.kegg.jp/dbget-bin/www_bget?hsa:54107">
        <graphics name="POLE3, CHARAC17, CHRAC17, CHRAC2, YBL1, p17" fgcolor="#000000" bgcolor="#BFFFBF"
             type="rectangle" x="1113" y="976" width="46" height="17"/>
    </entry>
    <entry id="19" name="hsa:6742" type="gene"
        link="http://www.kegg.jp/dbget-bin/www_bget?hsa:6742">
        <graphics name="SSBP1, Mt-SSB, SOSS-B1, SSBP, mtSSB" fgcolor="#000000" bgcolor="#BFFFBF"
             type="rectangle" x="1158" y="309" width="46" height="17"/>
    </entry>
    <entry id="20" name="ko:K02316" type="ortholog"
        link="http://www.kegg.jp/dbget-bin/www_bget?K02316">
        <graphics name="K02316" fgcolor="#000000" bgcolor="#FFFFFF"
             type="rectangle" x="1081" y="309" width="46" height="17"/>
    </entry>
    <entry id="21" name="path:hsa03030" type="map"
        link="http://www.kegg.jp/dbget-bin/www_bget?hsa03030">
        <graphics name="TITLE:DNA replication" fgcolor="#000000" bgcolor="#FFFFFF"
             type="roundrectangle" x="116" y="58" width="151" height="25"/>
    </entry>
    <entry id="22" name="ko:K02337 ko:K03763" type="ortholog"
        link="http://www.kegg.jp/dbget-bin/www_bget?K02337+K03763">
        <graphics name="K02337..." fgcolor="#000000" bgcolor="#FFFFFF"
             type="rectangle" x="1095" y="201" width="46" height="17"/>
    </entry>
    <entry id="23" name="ko:K02342 ko:K14159" type="ortholog"
        link="http://www.kegg.jp/dbget-bin/www_bget?K02342+K14159">
        <graphics name="K02342..." fgcolor="#000000" bgcolor="#FFFFFF"
             type="rectangle" x="1095" y="184" width="46" height="17"/>
    </entry>
    <entry id="24" name="ko:K02345" type="ortholog"
        link="http://www.kegg.jp/dbget-bin/www_bget?K02345">
        <graphics name="K02345" fgcolor="#000000" bgcolor="#FFFFFF"
             type="rectangle" x="1095" y="167" width="46" height="17"/>
    </entry>
    <entry id="25" name="ko:K02343" type="ortholog"
        link="http://www.kegg.jp/dbget-bin/www_bget?K02343">
        <graphics name="K02343" fgcolor="#000000" bgcolor="#FFFFFF"
             type="rectangle" x="1095" y="218" width="46" height="17"/>
    </entry>
    <entry id="26" name="ko:K02341" type="ortholog"
        link="http://www.kegg.jp/dbget-bin/www_bget?K02341">
        <graphics name="K02341" fgcolor="#000000" bgcolor="#FFFFFF"
             type="rectangle" x="1095" y="235" width="46" height="17"/>
    </entry>
    <entry id="27" name="ko:K02340" type="ortholog"
        link="http://www.kegg.jp/dbget-bin/www_bget?K02340">
        <graphics name="K02340" fgcolor="#000000" bgcolor="#FFFFFF"
             type="rectangle" x="1095" y="252" width="46" height="17"/>
    </entry>
    <entry id="28" name="ko:K02339" type="ortholog"
        link="http://www.kegg.jp/dbget-bin/www_bget?K02339">
        <graphics name="K02339" fgcolor="#000000" bgcolor="#FFFFFF"
             type="rectangle" x="1049" y="252" width="46" height="17"/>
    </entry>
    <entry id="29" name="ko:K02344" type="ortholog"
        link="http://www.kegg.jp/dbget-bin/www_bget?K02344">
        <graphics name="K02344" fgcolor="#000000" bgcolor="#FFFFFF"
             type="rectangle" x="1049" y="235" width="46" height="17"/>
    </entry>
    <entry id="30" name="ko:K02338" type="ortholog"
        link="http://www.kegg.jp/dbget-bin/www_bget?K02338">
        <graphics name="K02338" fgcolor="#000000" bgcolor="#FFFFFF"
             type="rectangle" x="1003" y="252" width="46" height="17"/>
    </entry>
    <entry id="31" name="hsa:246243" type="gene"
        link="http://www.kegg.jp/dbget-bin/www_bget?hsa:246243">
        <graphics name="RNASEH1, H1RNA, PEOB2, RNH1" fgcolor="#000000" bgcolor="#BFFFBF"
             type="rectangle" x="1003" y="366" width="46" height="17"/>
    </entry>
    <entry id="32" name="ko:K01972" type="ortholog"
        link="http://www.kegg.jp/dbget-bin/www_bget?K01972">
        <graphics name="K01972" fgcolor="#000000" bgcolor="#FFFFFF"
             type="rectangle" x="1158" y="366" width="46" height="17"/>
    </entry>
    <entry id="33" name="hsa:4171" type="gene"
        link="http://www.kegg.jp/dbget-bin/www_bget?hsa:4171">
        <graphics name="MCM2, BM28, CCNL1, CDCL1, D3S3194, DFNA70, MITOTIN, cdc19" fgcolor="#000000" bgcolor="#BFFFBF"
             type="rectangle" x="1022" y="1031" width="46" height="17"/>
    </entry>
    <entry id="34" name="hsa:4172" type="gene"
        link="http://www.kegg.jp/dbget-bin/www_bget?hsa:4172">
        <graphics name="MCM3, HCC5, P1-MCM3, P1.h, RLFB" fgcolor="#000000" bgcolor="#BFFFBF"
             type="rectangle" x="1068" y="1031" width="46" height="17"/>
    </entry>
    <entry id="35" name="hsa:4173" type="gene"
        link="http://www.kegg.jp/dbget-bin/www_bget?hsa:4173">
        <graphics name="MCM4, CDC21, CDC54, IMD54, NKCD, NKGCD, P1-CDC21, hCdc21" fgcolor="#000000" bgcolor="#BFFFBF"
             type="rectangle" x="1022" y="1048" width="46" height="17"/>
    </entry>
    <entry id="36" name="hsa:5422" type="gene"
        link="http://www.kegg.jp/dbget-bin/www_bget?hsa:5422">
        <graphics name="POLA1, NSX, POLA, p180" fgcolor="#000000" bgcolor="#BFFFBF"
             type="rectangle" x="1021" y="862" width="46" height="17"/>
    </entry>
    <entry id="37" name="hsa:23649" type="gene"
        link="http://www.kegg.jp/dbget-bin/www_bget?hsa:23649">
        <graphics name="POLA2" fgcolor="#000000" bgcolor="#BFFFBF"
             type="rectangle" x="1067" y="862" width="46" height="17"/>
    </entry>
    <entry id="38" name="hsa:5557" type="gene"
        link="http://www.kegg.jp/dbget-bin/www_bget?hsa:5557">
        <graphics name="PRIM1, p49" fgcolor="#000000" bgcolor="#BFFFBF"
             type="rectangle" x="1113" y="862" width="46" height="17"/>
    </entry>
    <entry id="39" name="hsa:5558" type="gene"
        link="http://www.kegg.jp/dbget-bin/www_bget?hsa:5558">
        <graphics name="PRIM2, PRIM2A, p58" fgcolor="#000000" bgcolor="#BFFFBF"
             type="rectangle" x="1159" y="862" width="46" height="17"/>
    </entry>
    <entry id="40" name="hsa:5424" type="gene"
        link="http://www.kegg.jp/dbget-bin/www_bget?hsa:5424">
        <graphics name="POLD1, CDC2, CRCS10, MDPL, POLD" fgcolor="#000000" bgcolor="#BFFFBF"
             type="rectangle" x="1021" y="918" width="46" height="17"/>
    </entry>
    <entry id="41" name="hsa:5425" type="gene"
        link="http://www.kegg.jp/dbget-bin/www_bget?hsa:5425">
        <graphics name="POLD2" fgcolor="#000000" bgcolor="#BFFFBF"
             type="rectangle" x="1067" y="918" width="46" height="17"/>
    </entry>
    <entry id="42" name="hsa:5426" type="gene"
        link="http://www.kegg.jp/dbget-bin/www_bget?hsa:5426">
        <graphics name="POLE, CRCS12, FILS, IMAGEI, POLE1" fgcolor="#000000" bgcolor="#BFFFBF"
             type="rectangle" x="1021" y="976" width="46" height="17"/>
    </entry>
    <entry id="43" name="hsa:5427" type="gene"
        link="http://www.kegg.jp/dbget-bin/www_bget?hsa:5427">
        <graphics name="POLE2, DPE2" fgcolor="#000000" bgcolor="#BFFFBF"
             type="rectangle" x="1067" y="976" width="46" height="17"/>
    </entry>
    <entry id="44" name="hsa:4175" type="gene"
        link="http://www.kegg.jp/dbget-bin/www_bget?hsa:4175">
        <graphics name="MCM6, MCG40308, Mis5, P105MCM" fgcolor="#000000" bgcolor="#BFFFBF"
             type="rectangle" x="1022" y="1065" width="46" height="17"/>
    </entry>
    <entry id="45" name="hsa:4176" type="gene"
        link="http://www.kegg.jp/dbget-bin/www_bget?hsa:4176">
        <graphics name="MCM7, CDC47, MCM2, P1.1-MCM3, P1CDC47, P85MCM, PNAS146, PPP1R104" fgcolor="#000000" bgcolor="#BFFFBF"
             type="rectangle" x="1068" y="1065" width="46" height="17"/>
    </entry>
    <entry id="46" name="hsa:6117" type="gene"
        link="http://www.kegg.jp/dbget-bin/www_bget?hsa:6117">
        <graphics name="RPA1, HSSB, MST075, REPA1, RF-A, RP-A, RPA70" fgcolor="#000000" bgcolor="#BFFFBF"
             type="rectangle" x="1159" y="1031" width="46" height="17"/>
    </entry>
    <entry id="47" name="hsa:29935 hsa:6118" type="gene"
        link="http://www.kegg.jp/dbget-bin/www_bget?hsa:29935+hsa:6118">
        <graphics name="RPA4, HSU24186..." fgcolor="#000000" bgcolor="#BFFFBF"
             type="rectangle" x="1159" y="1048" width="46" height="17"/>
    </entry>
    <entry id="48" name="hsa:5981" type="gene"
        link="http://www.kegg.jp/dbget-bin/www_bget?hsa:5981">
        <graphics name="RFC1, A1, CANVAS, MHCBFB, PO-GA, RECC1, RFC, RFC140" fgcolor="#000000" bgcolor="#BFFFBF"
             type="rectangle" x="1067" y="1116" width="46" height="17"/>
    </entry>
    <entry id="49" name="ko:K02335" type="ortholog"
        link="http://www.kegg.jp/dbget-bin/www_bget?K02335">
        <graphics name="K02335" fgcolor="#000000" bgcolor="#FFFFFF"
             type="rectangle" x="1081" y="366" width="46" height="17"/>
    </entry>
    <entry id="50" name="ko:K02314" type="ortholog"
        link="http://www.kegg.jp/dbget-bin/www_bget?K02314">
        <graphics name="K02314" fgcolor="#000000" bgcolor="#FFFFFF"
             type="rectangle" x="1003" y="309" width="46" height="17"/>
    </entry>
    <entry id="90" name="ko:K02319" type="ortholog"
        link="http://www.kegg.jp/dbget-bin/www_bget?K02319">
        <graphics name="K02319" fgcolor="#000000" bgcolor="#FFFFFF"
             type="rectangle" x="1003" y="536" width="46" height="17"/>
    </entry>
    <entry id="91" name="ko:K02323" type="ortholog"
        link="http://www.kegg.jp/dbget-bin/www_bget?K02323">
        <graphics name="K02323" fgcolor="#000000" bgcolor="#FFFFFF"
             type="rectangle" x="1081" y="536" width="46" height="17"/>
    </entry>
    <entry id="92" name="ko:K02322" type="ortholog"
        link="http://www.kegg.jp/dbget-bin/www_bget?K02322">
        <graphics name="K02322" fgcolor="#000000" bgcolor="#FFFFFF"
             type="rectangle" x="1081" y="553" width="46" height="17"/>
    </entry>
    <entry id="93" name="ko:K10726" type="ortholog"
        link="http://www.kegg.jp/dbget-bin/www_bget?K10726">
        <graphics name="K10726" fgcolor="#000000" bgcolor="#FFFFFF"
             type="rectangle" x="1003" y="609" width="46" height="17"/>
    </entry>
    <entry id="94" name="ko:K18882" type="ortholog"
        link="http://www.kegg.jp/dbget-bin/www_bget?K18882">
        <graphics name="K18882" fgcolor="#000000" bgcolor="#FFFFFF"
             type="rectangle" x="1081" y="626" width="46" height="17"/>
    </entry>
    <entry id="95" name="ko:K02683" type="ortholog"
        link="http://www.kegg.jp/dbget-bin/www_bget?K02683">
        <graphics name="K02683" fgcolor="#000000" bgcolor="#FFFFFF"
             type="rectangle" x="1081" y="609" width="46" height="17"/>
    </entry>
    <entry id="96" name="hsa:6117" type="gene"
        link="http://www.kegg.jp/dbget-bin/www_bget?hsa:6117">
        <graphics name="RPA1, HSSB, MST075, REPA1, RF-A, RP-A, RPA70" fgcolor="#000000" bgcolor="#BFFFBF"
             type="rectangle" x="1158" y="609" width="46" height="17"/>
    </entry>
    <entry id="97" name="hsa:5111" type="gene"
        link="http://www.kegg.jp/dbget-bin/www_bget?hsa:5111">
        <graphics name="PCNA, ATLD2" fgcolor="#000000" bgcolor="#BFFFBF"
             type="rectangle" x="1003" y="679" width="46" height="17"/>
    </entry>
    <entry id="98" name="ko:K04801" type="ortholog"
        link="http://www.kegg.jp/dbget-bin/www_bget?K04801">
        <graphics name="K04801" fgcolor="#000000" bgcolor="#FFFFFF"
             type="rectangle" x="1081" y="679" width="46" height="17"/>
    </entry>
    <entry id="99" name="hsa:246243" type="gene"
        link="http://www.kegg.jp/dbget-bin/www_bget?hsa:246243">
        <graphics name="RNASEH1, H1RNA, PEOB2, RNH1" fgcolor="#000000" bgcolor="#BFFFBF"
             type="rectangle" x="1158" y="679" width="46" height="17"/>
    </entry>
    <entry id="100" name="hsa:3978" type="gene"
        link="http://www.kegg.jp/dbget-bin/www_bget?hsa:3978">
        <graphics name="LIG1" fgcolor="#000000" bgcolor="#BFFFBF"
             type="rectangle" x="1158" y="753" width="46" height="17"/>
    </entry>
    <entry id="101" name="hsa:2237" type="gene"
        link="http://www.kegg.jp/dbget-bin/www_bget?hsa:2237">
        <graphics name="FEN1, FEN-1, MF1, RAD2" fgcolor="#000000" bgcolor="#BFFFBF"
             type="rectangle" x="1081" y="753" width="46" height="18"/>
    </entry>
    <entry id="102" name="ko:K04800" type="ortholog"
        link="http://www.kegg.jp/dbget-bin/www_bget?K04800">
        <graphics name="K04800" fgcolor="#000000" bgcolor="#FFFFFF"
             type="rectangle" x="1081" y="696" width="46" height="17"/>
    </entry>
    <entry id="103" name="hsa:1763" type="gene"
        link="http://www.kegg.jp/dbget-bin/www_bget?hsa:1763">
        <graphics name="DNA2, DNA2L, hDNA2" fgcolor="#000000" bgcolor="#BFFFBF"
             type="rectangle" x="1003" y="753" width="46" height="17"/>
    </entry>
    <entry id="105" name="hsa:246243" type="gene"
        link="http://www.kegg.jp/dbget-bin/www_bget?hsa:246243">
        <graphics name="RNASEH1, H1RNA, PEOB2, RNH1" fgcolor="#000000" bgcolor="#BFFFBF"
             type="rectangle" x="1003" y="1174" width="46" height="17"/>
    </entry>
    <entry id="106" name="ko:K03470" type="ortholog"
        link="http://www.kegg.jp/dbget-bin/www_bget?K03470">
        <graphics name="K03470" fgcolor="#000000" bgcolor="#FFFFFF"
             type="rectangle" x="1158" y="700" width="46" height="17"/>
    </entry>
    <entry id="107" name="ko:K03470" type="ortholog"
        link="http://www.kegg.jp/dbget-bin/www_bget?K03470">
        <graphics name="K03470" fgcolor="#000000" bgcolor="#FFFFFF"
             type="rectangle" x="1003" y="389" width="46" height="17"/>
    </entry>
    <entry id="108" name="ko:K03471" type="ortholog"
        link="http://www.kegg.jp/dbget-bin/www_bget?K03471">
        <graphics name="K03471" fgcolor="#000000" bgcolor="#FFFFFF"
             type="rectangle" x="1004" y="411" width="46" height="17"/>
    </entry>
</pathway>
