<?xml version="1.0"?>
<!DOCTYPE pathway SYSTEM "http://www.kegg.jp/kegg/xml/KGML_v0.7.2_.dtd">
<!-- Creation date: Feb 5, 2019 13:13:15 +0900 (GMT+9) -->
<pathway name="path:hsa04915" org="hsa" number="04915"
         title="Estrogen signaling pathway"
         image="http://www.kegg.jp/kegg/pathway/hsa/hsa04915.png"
         link="http://www.kegg.jp/kegg-bin/show_pathway?hsa04915">
    <entry id="4" name="path:hsa04915" type="map"
        link="http://www.kegg.jp/dbget-bin/www_bget?hsa04915">
        <graphics name="TITLE:Estrogen signaling pathway" fgcolor="#000000" bgcolor="#FFFFFF"
             type="roundrectangle" x="180" y="58" width="279" height="25"/>
    </entry>
    <entry id="8" name="hsa:2099 hsa:2100" type="gene"
        link="http://www.kegg.jp/dbget-bin/www_bget?hsa:2099+hsa:2100">
        <graphics name="ESR1, ER, ESR, ESRA, ESTRR, Era, NR3A1..." fgcolor="#000000" bgcolor="#BFFFBF"
             type="rectangle" x="596" y="162" width="46" height="17"/>
    </entry>
    <entry id="9" name="hsa:2099 hsa:2100" type="gene"
        link="http://www.kegg.jp/dbget-bin/www_bget?hsa:2099+hsa:2100">
        <graphics name="ESR1, ER, ESR, ESRA, ESTRR, Era, NR3A1..." fgcolor="#000000" bgcolor="#BFFFBF"
             type="rectangle" x="857" y="162" width="46" height="17"/>
    </entry>
    <entry id="11" name="cpd:C00951" type="compound"
        link="http://www.kegg.jp/dbget-bin/www_bget?C00951">
        <graphics name="C00951" fgcolor="#000000" bgcolor="#FFFFFF"
             type="circle" x="127" y="164" width="8" height="8"/>
    </entry>
    <entry id="14" name="hsa:2852" type="gene"
        link="http://www.kegg.jp/dbget-bin/www_bget?hsa:2852">
        <graphics name="GPER1, CEPR, CMKRL2, DRY12, FEG-1, GPCR-Br, GPER, GPR30, LERGU, LERGU2, LyGPR, mER" fgcolor="#000000" bgcolor="#BFFFBF"
             type="rectangle" x="476" y="204" width="46" height="17"/>
    </entry>
    <entry id="15" name="hsa:6714" type="gene"
        link="http://www.kegg.jp/dbget-bin/www_bget?hsa:6714">
        <graphics name="SRC, ASV, SRC1, THC6, c-SRC, p60-Src" fgcolor="#000000" bgcolor="#BFFFBF"
             type="rectangle" x="282" y="238" width="46" height="17"/>
    </entry>
    <entry id="16" name="hsa:4313 hsa:4318" type="gene"
        link="http://www.kegg.jp/dbget-bin/www_bget?hsa:4313+hsa:4318">
        <graphics name="MMP2, CLG4, CLG4A, MMP-2, MMP-II, MONA, TBE-1..." fgcolor="#000000" bgcolor="#BFFFBF"
             type="rectangle" x="154" y="238" width="46" height="17"/>
    </entry>
    <entry id="17" name="hsa:1839" type="gene"
        link="http://www.kegg.jp/dbget-bin/www_bget?hsa:1839">
        <graphics name="HBEGF, DTR, DTS, DTSF, HEGFL" fgcolor="#000000" bgcolor="#BFFFBF"
             type="rectangle" x="204" y="284" width="46" height="17"/>
    </entry>
    <entry id="18" name="hsa:1956" type="gene"
        link="http://www.kegg.jp/dbget-bin/www_bget?hsa:1956">
        <graphics name="EGFR, ERBB, ERBB1, HER1, NISBD2, PIG61, mENA" fgcolor="#000000" bgcolor="#BFFFBF"
             type="rectangle" x="204" y="381" width="46" height="17"/>
    </entry>
    <entry id="19" name="hsa:1839" type="gene"
        link="http://www.kegg.jp/dbget-bin/www_bget?hsa:1839">
        <graphics name="HBEGF, DTR, DTS, DTSF, HEGFL" fgcolor="#000000" bgcolor="#BFFFBF"
             type="rectangle" x="111" y="381" width="46" height="17"/>
    </entry>
    <entry id="26" name="cpd:C00951" type="compound"
        link="http://www.kegg.jp/dbget-bin/www_bget?C00951">
        <graphics name="C00951" fgcolor="#000000" bgcolor="#FFFFFF"
             type="circle" x="856" y="123" width="8" height="8"/>
    </entry>
    <entry id="28" name="hsa:2099 hsa:2100" type="gene"
        link="http://www.kegg.jp/dbget-bin/www_bget?hsa:2099+hsa:2100">
        <graphics name="ESR1, ER, ESR, ESRA, ESTRR, Era, NR3A1..." fgcolor="#000000" bgcolor="#BFFFBF"
             type="rectangle" x="857" y="254" width="46" height="17"/>
    </entry>
    <entry id="29" name="cpd:C00951" type="compound"
        link="http://www.kegg.jp/dbget-bin/www_bget?C00951">
        <graphics name="C00951" fgcolor="#000000" bgcolor="#FFFFFF"
             type="circle" x="857" y="215" width="8" height="8"/>
    </entry>
    <entry id="31" name="hsa:2353 hsa:3725 hsa:6667" type="gene"
        link="http://www.kegg.jp/dbget-bin/www_bget?hsa:2353+hsa:3725+hsa:6667">
        <graphics name="FOS, AP-1, C-FOS, p55..." fgcolor="#000000" bgcolor="#BFFFBF"
             type="rectangle" x="857" y="308" width="46" height="17"/>
    </entry>
    <entry id="35" name="cpd:C00575" type="compound"
        link="http://www.kegg.jp/dbget-bin/www_bget?C00575">
        <graphics name="C00575" fgcolor="#000000" bgcolor="#FFFFFF"
             type="circle" x="362" y="338" width="8" height="8"/>
    </entry>
    <entry id="36" name="hsa:5566 hsa:5567 hsa:5568" type="gene"
        link="http://www.kegg.jp/dbget-bin/www_bget?hsa:5566+hsa:5567+hsa:5568">
        <graphics name="PRKACA, PKACA, PPNAD4..." fgcolor="#000000" bgcolor="#BFFFBF"
             type="rectangle" x="471" y="341" width="46" height="17"/>
    </entry>
    <entry id="40" name="hsa:3265 hsa:3845 hsa:4893" type="gene"
        link="http://www.kegg.jp/dbget-bin/www_bget?hsa:3265+hsa:3845+hsa:4893">
        <graphics name="HRAS, C-BAS/HAS, C-H-RAS, C-HA-RAS1, CTLO, H-RASIDX, HAMSV, HRAS1, KRAS, KRAS2, Ki-Ras, RASH1, RASK2, c-K-ras, c-Ki-ras, p21ras..." fgcolor="#000000" bgcolor="#BFFFBF"
             type="rectangle" x="506" y="381" width="46" height="17"/>
    </entry>
    <entry id="41" name="hsa:5894" type="gene"
        link="http://www.kegg.jp/dbget-bin/www_bget?hsa:5894">
        <graphics name="RAF1, CMD1NN, CRAF, NS5, Raf-1, c-Raf" fgcolor="#000000" bgcolor="#BFFFBF"
             type="rectangle" x="581" y="381" width="46" height="17"/>
    </entry>
    <entry id="42" name="hsa:5604 hsa:5605" type="gene"
        link="http://www.kegg.jp/dbget-bin/www_bget?hsa:5604+hsa:5605">
        <graphics name="MAP2K1, CFC3, MAPKK1, MEK1, MKK1, PRKMK1..." fgcolor="#000000" bgcolor="#BFFFBF"
             type="rectangle" x="656" y="381" width="46" height="17"/>
    </entry>
    <entry id="43" name="hsa:5594 hsa:5595" type="gene"
        link="http://www.kegg.jp/dbget-bin/www_bget?hsa:5594+hsa:5595">
        <graphics name="MAPK1, ERK, ERK-2, ERK2, ERT1, MAPK2, P42MAPK, PRKM1, PRKM2, p38, p40, p41, p41mapk, p42-MAPK..." fgcolor="#000000" bgcolor="#BFFFBF"
             type="rectangle" x="732" y="380" width="46" height="16"/>
    </entry>
    <entry id="44" name="hsa:10488 hsa:1385 hsa:1386 hsa:1388 hsa:148327 hsa:468 hsa:64764 hsa:84699 hsa:90993 hsa:9586" type="gene"
        link="http://www.kegg.jp/dbget-bin/www_bget?hsa:10488+hsa:1385+hsa:1386+hsa:1388+hsa:148327+hsa:468+hsa:64764+hsa:84699+hsa:90993+hsa:9586">
        <graphics name="CREB3, LUMAN, LZIP, sLZIP..." fgcolor="#000000" bgcolor="#BFFFBF"
             type="rectangle" x="857" y="339" width="46" height="17"/>
    </entry>
    <entry id="51" name="hsa:2099 hsa:2100" type="gene"
        link="http://www.kegg.jp/dbget-bin/www_bget?hsa:2099+hsa:2100">
        <graphics name="ESR1, ER, ESR, ESRA, ESTRR, Era, NR3A1..." fgcolor="#000000" bgcolor="#BFFFBF"
             type="rectangle" x="204" y="784" width="46" height="17"/>
    </entry>
    <entry id="52" name="hsa:2776" type="gene"
        link="http://www.kegg.jp/dbget-bin/www_bget?hsa:2776">
        <graphics name="GNAQ, CMC1, G-ALPHA-q, GAQ, SWS" fgcolor="#000000" bgcolor="#BFFFBF"
             type="rectangle" x="281" y="670" width="46" height="17"/>
    </entry>
    <entry id="53" name="hsa:23236 hsa:5330 hsa:5331 hsa:5332" type="gene"
        link="http://www.kegg.jp/dbget-bin/www_bget?hsa:23236+hsa:5330+hsa:5331+hsa:5332">
        <graphics name="PLCB1, EIEE12, PI-PLC, PLC-154, PLC-I, PLC-beta-1, PLC154, PLCB1A, PLCB1B..." fgcolor="#000000" bgcolor="#BFFFBF"
             type="rectangle" x="357" y="670" width="46" height="17"/>
    </entry>
    <entry id="54" name="hsa:5580" type="gene"
        link="http://www.kegg.jp/dbget-bin/www_bget?hsa:5580">
        <graphics name="PRKCD, ALPS3, CVID9, MAY1, PKCD, nPKC-delta" fgcolor="#000000" bgcolor="#BFFFBF"
             type="rectangle" x="356" y="616" width="46" height="17"/>
    </entry>
    <entry id="55" name="hsa:107 hsa:108 hsa:109 hsa:111 hsa:112 hsa:113 hsa:114 hsa:115 hsa:196883" type="gene"
        link="http://www.kegg.jp/dbget-bin/www_bget?hsa:107+hsa:108+hsa:109+hsa:111+hsa:112+hsa:113+hsa:114+hsa:115+hsa:196883">
        <graphics name="ADCY1, AC1, DFNB44..." fgcolor="#000000" bgcolor="#BFFFBF"
             type="rectangle" x="204" y="589" width="46" height="17"/>
    </entry>
    <entry id="56" name="hsa:5566 hsa:5567 hsa:5568" type="gene"
        link="http://www.kegg.jp/dbget-bin/www_bget?hsa:5566+hsa:5567+hsa:5568">
        <graphics name="PRKACA, PKACA, PPNAD4..." fgcolor="#000000" bgcolor="#BFFFBF"
             type="rectangle" x="512" y="589" width="46" height="17"/>
    </entry>
    <entry id="57" name="hsa:3760 hsa:3762 hsa:3763 hsa:3765" type="gene"
        link="http://www.kegg.jp/dbget-bin/www_bget?hsa:3760+hsa:3762+hsa:3763+hsa:3765">
        <graphics name="KCNJ3, GIRK1, KGA, KIR3.1..." fgcolor="#000000" bgcolor="#BFFFBF"
             type="rectangle" x="204" y="510" width="46" height="17"/>
    </entry>
    <entry id="58" name="hsa:2550 hsa:9568" type="gene"
        link="http://www.kegg.jp/dbget-bin/www_bget?hsa:2550+hsa:9568">
        <graphics name="GABBR1, GABABR1, GABBR1-3, GB1, GPRC3A..." fgcolor="#000000" bgcolor="#BFFFBF"
             type="rectangle" x="204" y="466" width="46" height="17"/>
    </entry>
    <entry id="59" name="hsa:10488 hsa:1385 hsa:1386 hsa:1388 hsa:148327 hsa:468 hsa:64764 hsa:84699 hsa:90993 hsa:9586" type="gene"
        link="http://www.kegg.jp/dbget-bin/www_bget?hsa:10488+hsa:1385+hsa:1386+hsa:1388+hsa:148327+hsa:468+hsa:64764+hsa:84699+hsa:90993+hsa:9586">
        <graphics name="CREB3, LUMAN, LZIP, sLZIP..." fgcolor="#000000" bgcolor="#BFFFBF"
             type="rectangle" x="863" y="589" width="46" height="17"/>
    </entry>
    <entry id="60" name="cpd:C00951" type="compound"
        link="http://www.kegg.jp/dbget-bin/www_bget?C00951">
        <graphics name="C00951" fgcolor="#000000" bgcolor="#FFFFFF"
             type="circle" x="133" y="784" width="8" height="8"/>
    </entry>
    <entry id="61" name="path:hsa04010" type="map"
        link="http://www.kegg.jp/dbget-bin/www_bget?hsa04010">
        <graphics name="MAPK signaling pathway" fgcolor="#000000" bgcolor="#FFFFFF"
             type="roundrectangle" x="714" y="425" width="116" height="34"/>
    </entry>
    <entry id="66" name="cpd:C01245" type="compound"
        link="http://www.kegg.jp/dbget-bin/www_bget?C01245">
        <graphics name="C01245" fgcolor="#000000" bgcolor="#FFFFFF"
             type="circle" x="440" y="665" width="8" height="8"/>
    </entry>
    <entry id="67" name="cpd:C00165" type="compound"
        link="http://www.kegg.jp/dbget-bin/www_bget?C00165">
        <graphics name="C00165" fgcolor="#000000" bgcolor="#FFFFFF"
             type="circle" x="440" y="629" width="8" height="8"/>
    </entry>
    <entry id="74" name="cpd:C00575" type="compound"
        link="http://www.kegg.jp/dbget-bin/www_bget?C00575">
        <graphics name="C00575" fgcolor="#000000" bgcolor="#FFFFFF"
             type="circle" x="363" y="589" width="8" height="8"/>
    </entry>
    <entry id="76" name="hsa:6714" type="gene"
        link="http://www.kegg.jp/dbget-bin/www_bget?hsa:6714">
        <graphics name="SRC, ASV, SRC1, THC6, c-SRC, p60-Src" fgcolor="#000000" bgcolor="#BFFFBF"
             type="rectangle" x="280" y="784" width="46" height="17"/>
    </entry>
    <entry id="77" name="hsa:5290 hsa:5291 hsa:5293 hsa:5295 hsa:5296 hsa:8503" type="gene"
        link="http://www.kegg.jp/dbget-bin/www_bget?hsa:5290+hsa:5291+hsa:5293+hsa:5295+hsa:5296+hsa:8503">
        <graphics name="PIK3CA, CLAPO, CLOVE, CWS5, MCAP, MCM, MCMTC, PI3K, PI3K-alpha, p110-alpha..." fgcolor="#000000" bgcolor="#BFFFBF"
             type="rectangle" x="357" y="784" width="46" height="17"/>
    </entry>
    <entry id="78" name="hsa:10000 hsa:207 hsa:208" type="gene"
        link="http://www.kegg.jp/dbget-bin/www_bget?hsa:10000+hsa:207+hsa:208">
        <graphics name="AKT3, MPPH, MPPH2, PKB-GAMMA, PKBG, PRKBG, RAC-PK-gamma, RAC-gamma, STK-2..." fgcolor="#000000" bgcolor="#BFFFBF"
             type="rectangle" x="433" y="784" width="46" height="17"/>
    </entry>
    <entry id="79" name="hsa:4846" type="gene"
        link="http://www.kegg.jp/dbget-bin/www_bget?hsa:4846">
        <graphics name="NOS3, ECNOS, eNOS" fgcolor="#000000" bgcolor="#BFFFBF"
             type="rectangle" x="507" y="784" width="46" height="17"/>
    </entry>
    <entry id="80" name="hsa:10488 hsa:1385 hsa:1386 hsa:1388 hsa:148327 hsa:468 hsa:64764 hsa:84699 hsa:90993 hsa:9586" type="gene"
        link="http://www.kegg.jp/dbget-bin/www_bget?hsa:10488+hsa:1385+hsa:1386+hsa:1388+hsa:148327+hsa:468+hsa:64764+hsa:84699+hsa:90993+hsa:9586">
        <graphics name="CREB3, LUMAN, LZIP, sLZIP..." fgcolor="#000000" bgcolor="#BFFFBF"
             type="rectangle" x="863" y="785" width="46" height="17"/>
    </entry>
    <entry id="85" name="cpd:C00533" type="compound"
        link="http://www.kegg.jp/dbget-bin/www_bget?C00533">
        <graphics name="C00533" fgcolor="#000000" bgcolor="#FFFFFF"
             type="circle" x="566" y="784" width="8" height="8"/>
    </entry>
    <entry id="88" name="hsa:25759 hsa:399694 hsa:53358 hsa:6464" type="gene"
        link="http://www.kegg.jp/dbget-bin/www_bget?hsa:25759+hsa:399694+hsa:53358+hsa:6464">
        <graphics name="SHC2, SCK, SHCB, SLI..." fgcolor="#000000" bgcolor="#BFFFBF"
             type="rectangle" x="280" y="381" width="46" height="17"/>
    </entry>
    <entry id="89" name="hsa:2885" type="gene"
        link="http://www.kegg.jp/dbget-bin/www_bget?hsa:2885">
        <graphics name="GRB2, ASH, EGFRBP-GRB2, Grb3-3, MST084, MSTP084, NCKAP2" fgcolor="#000000" bgcolor="#BFFFBF"
             type="rectangle" x="356" y="381" width="46" height="17"/>
    </entry>
    <entry id="90" name="hsa:6654 hsa:6655" type="gene"
        link="http://www.kegg.jp/dbget-bin/www_bget?hsa:6654+hsa:6655">
        <graphics name="SOS1, GF1, GGF1, GINGF, HGF, NS4, SOS-1..." fgcolor="#000000" bgcolor="#BFFFBF"
             type="rectangle" x="431" y="381" width="46" height="17"/>
    </entry>
    <entry id="94" name="hsa:3320 hsa:3326 hsa:7184" type="gene"
        link="http://www.kegg.jp/dbget-bin/www_bget?hsa:3320+hsa:3326+hsa:7184">
        <graphics name="HSP90AA1, EL52, HEL-S-65p, HSP86, HSP89A, HSP90A, HSP90N, HSPC1, HSPCA, HSPCAL1, HSPCAL4, HSPN, Hsp103, Hsp89, Hsp90, LAP-2, LAP2..." fgcolor="#000000" bgcolor="#BFFFBF"
             type="rectangle" x="667" y="179" width="46" height="17"/>
    </entry>
    <entry id="95" name="hsa:2288 hsa:2289" type="gene"
        link="http://www.kegg.jp/dbget-bin/www_bget?hsa:2288+hsa:2289">
        <graphics name="FKBP4, FKBP51, FKBP52, FKBP59, HBI, Hsp56, PPIase, p52..." fgcolor="#000000" bgcolor="#BFFFBF"
             type="rectangle" x="667" y="196" width="46" height="17"/>
    </entry>
    <entry id="96" name="hsa:3303 hsa:3304 hsa:3305 hsa:3306 hsa:3310 hsa:3312" type="gene"
        link="http://www.kegg.jp/dbget-bin/www_bget?hsa:3303+hsa:3304+hsa:3305+hsa:3306+hsa:3310+hsa:3312">
        <graphics name="HSPA1A, HEL-S-103, HSP70-1, HSP70-1A, HSP70-2, HSP70.1, HSP70.2, HSP70I, HSP72, HSPA1..." fgcolor="#000000" bgcolor="#BFFFBF"
             type="rectangle" x="667" y="213" width="46" height="17"/>
    </entry>
    <entry id="99" name="path:hsa04151" type="map"
        link="http://www.kegg.jp/dbget-bin/www_bget?hsa04151">
        <graphics name="PI3K-Akt signaling pathway" fgcolor="#000000" bgcolor="#FFFFFF"
             type="roundrectangle" x="395" y="747" width="116" height="34"/>
    </entry>
    <entry id="100" name="path:hsa04020" type="map"
        link="http://www.kegg.jp/dbget-bin/www_bget?hsa04020">
        <graphics name="Calcium signaling pathway" fgcolor="#000000" bgcolor="#FFFFFF"
             type="roundrectangle" x="604" y="721" width="116" height="34"/>
    </entry>
    <entry id="102" name="hsa:2778" type="gene"
        link="http://www.kegg.jp/dbget-bin/www_bget?hsa:2778">
        <graphics name="GNAS, AHO, C20orf45, GNAS1, GPSA, GSA, GSP, NESP, PITA3, POH, SCG6, SgVI" fgcolor="#000000" bgcolor="#BFFFBF"
             type="rectangle" x="360" y="237" width="46" height="17"/>
    </entry>
    <entry id="103" name="hsa:2770 hsa:2771 hsa:2773 hsa:2775" type="gene"
        link="http://www.kegg.jp/dbget-bin/www_bget?hsa:2770+hsa:2771+hsa:2773+hsa:2775">
        <graphics name="GNAI1, Gi..." fgcolor="#000000" bgcolor="#BFFFBF"
             type="rectangle" x="290" y="552" width="46" height="17"/>
    </entry>
    <entry id="106" name="cpd:C00238" type="compound"
        link="http://www.kegg.jp/dbget-bin/www_bget?C00238">
        <graphics name="C00238" fgcolor="#000000" bgcolor="#FFFFFF"
             type="circle" x="248" y="508" width="8" height="8"/>
    </entry>
    <entry id="107" name="hsa:107 hsa:108 hsa:109 hsa:111 hsa:112 hsa:113 hsa:114 hsa:115 hsa:196883" type="gene"
        link="http://www.kegg.jp/dbget-bin/www_bget?hsa:107+hsa:108+hsa:109+hsa:111+hsa:112+hsa:113+hsa:114+hsa:115+hsa:196883">
        <graphics name="ADCY1, AC1, DFNB44..." fgcolor="#000000" bgcolor="#BFFFBF"
             type="rectangle" x="204" y="337" width="46" height="17"/>
    </entry>
    <entry id="113" name="hsa:3265 hsa:3845 hsa:4893" type="gene"
        link="http://www.kegg.jp/dbget-bin/www_bget?hsa:3265+hsa:3845+hsa:4893">
        <graphics name="HRAS, C-BAS/HAS, C-H-RAS, C-HA-RAS1, CTLO, H-RASIDX, HAMSV, HRAS1, KRAS, KRAS2, Ki-Ras, RASH1, RASK2, c-K-ras, c-Ki-ras, p21ras..." fgcolor="#000000" bgcolor="#BFFFBF"
             type="rectangle" x="431" y="875" width="46" height="17"/>
    </entry>
    <entry id="114" name="hsa:5894" type="gene"
        link="http://www.kegg.jp/dbget-bin/www_bget?hsa:5894">
        <graphics name="RAF1, CMD1NN, CRAF, NS5, Raf-1, c-Raf" fgcolor="#000000" bgcolor="#BFFFBF"
             type="rectangle" x="524" y="875" width="46" height="17"/>
    </entry>
    <entry id="115" name="hsa:5604 hsa:5605" type="gene"
        link="http://www.kegg.jp/dbget-bin/www_bget?hsa:5604+hsa:5605">
        <graphics name="MAP2K1, CFC3, MAPKK1, MEK1, MKK1, PRKMK1..." fgcolor="#000000" bgcolor="#BFFFBF"
             type="rectangle" x="617" y="875" width="46" height="17"/>
    </entry>
    <entry id="116" name="hsa:5594 hsa:5595" type="gene"
        link="http://www.kegg.jp/dbget-bin/www_bget?hsa:5594+hsa:5595">
        <graphics name="MAPK1, ERK, ERK-2, ERK2, ERT1, MAPK2, P42MAPK, PRKM1, PRKM2, p38, p40, p41, p41mapk, p42-MAPK..." fgcolor="#000000" bgcolor="#BFFFBF"
             type="rectangle" x="710" y="874" width="46" height="16"/>
    </entry>
    <entry id="117" name="hsa:10488 hsa:1385 hsa:1386 hsa:1388 hsa:148327 hsa:468 hsa:64764 hsa:84699 hsa:90993 hsa:9586" type="gene"
        link="http://www.kegg.jp/dbget-bin/www_bget?hsa:10488+hsa:1385+hsa:1386+hsa:1388+hsa:148327+hsa:468+hsa:64764+hsa:84699+hsa:90993+hsa:9586">
        <graphics name="CREB3, LUMAN, LZIP, sLZIP..." fgcolor="#000000" bgcolor="#BFFFBF"
             type="rectangle" x="863" y="875" width="46" height="17"/>
    </entry>
    <entry id="122" name="path:hsa04913" type="map"
        link="http://www.kegg.jp/dbget-bin/www_bget?hsa04913">
        <graphics name="Ovarian steroidogenesis" fgcolor="#000000" bgcolor="#FFFFFF"
             type="roundrectangle" x="93" y="119" width="103" height="34"/>
    </entry>
    <entry id="123" name="hsa:3708 hsa:3709 hsa:3710" type="gene"
        link="http://www.kegg.jp/dbget-bin/www_bget?hsa:3708+hsa:3709+hsa:3710">
        <graphics name="ITPR1, ACV, CLA4, INSP3R1, IP3R, IP3R1, PPP1R94, SCA15, SCA16, SCA29..." fgcolor="#000000" bgcolor="#BFFFBF"
             type="rectangle" x="547" y="670" width="46" height="17"/>
    </entry>
    <entry id="124" name="hsa:163688 hsa:51806 hsa:801 hsa:805 hsa:808 hsa:810 hsa:91860" type="gene"
        link="http://www.kegg.jp/dbget-bin/www_bget?hsa:163688+hsa:51806+hsa:801+hsa:805+hsa:808+hsa:810+hsa:91860">
        <graphics name="CALML6, CAGLP..." fgcolor="#000000" bgcolor="#BFFFBF"
             type="rectangle" x="507" y="740" width="46" height="17"/>
    </entry>
    <entry id="126" name="cpd:C00076" type="compound"
        link="http://www.kegg.jp/dbget-bin/www_bget?C00076">
        <graphics name="C00076" fgcolor="#000000" bgcolor="#FFFFFF"
             type="circle" x="505" y="704" width="8" height="8"/>
    </entry>
    <entry id="129" name="path:hsa04270" type="map"
        link="http://www.kegg.jp/dbget-bin/www_bget?hsa04270">
        <graphics name="Vascular smooth muscle contraction" fgcolor="#000000" bgcolor="#FFFFFF"
             type="roundrectangle" x="691" y="837" width="116" height="34"/>
    </entry>
    <entry id="133" name="hsa:5290 hsa:5291 hsa:5293 hsa:5295 hsa:5296 hsa:8503" type="gene"
        link="http://www.kegg.jp/dbget-bin/www_bget?hsa:5290+hsa:5291+hsa:5293+hsa:5295+hsa:5296+hsa:8503">
        <graphics name="PIK3CA, CLAPO, CLOVE, CWS5, MCAP, MCM, MCMTC, PI3K, PI3K-alpha, p110-alpha..." fgcolor="#000000" bgcolor="#BFFFBF"
             type="rectangle" x="324" y="427" width="46" height="17"/>
    </entry>
    <entry id="134" name="hsa:10000 hsa:207 hsa:208" type="gene"
        link="http://www.kegg.jp/dbget-bin/www_bget?hsa:10000+hsa:207+hsa:208">
        <graphics name="AKT3, MPPH, MPPH2, PKB-GAMMA, PKBG, PRKBG, RAC-PK-gamma, RAC-gamma, STK-2..." fgcolor="#000000" bgcolor="#BFFFBF"
             type="rectangle" x="432" y="427" width="46" height="17"/>
    </entry>
    <entry id="140" name="cpd:C00951" type="compound"
        link="http://www.kegg.jp/dbget-bin/www_bget?C00951">
        <graphics name="C00951" fgcolor="#000000" bgcolor="#FFFFFF"
             type="circle" x="376" y="201" width="8" height="8"/>
    </entry>
    <entry id="142" name="hsa:4988" type="gene"
        link="http://www.kegg.jp/dbget-bin/www_bget?hsa:4988">
        <graphics name="OPRM1, LMOR, M-OR-1, MOP, MOR, MOR1, OPRM" fgcolor="#000000" bgcolor="#BFFFBF"
             type="rectangle" x="204" y="552" width="46" height="17"/>
    </entry>
    <entry id="143" name="hsa:2770 hsa:2771 hsa:2773 hsa:2775" type="gene"
        link="http://www.kegg.jp/dbget-bin/www_bget?hsa:2770+hsa:2771+hsa:2773+hsa:2775">
        <graphics name="GNAI1, Gi..." fgcolor="#000000" bgcolor="#BFFFBF"
             type="rectangle" x="288" y="466" width="46" height="17"/>
    </entry>
    <entry id="144" name="cpd:C00334" type="compound"
        link="http://www.kegg.jp/dbget-bin/www_bget?C00334">
        <graphics name="C00334" fgcolor="#000000" bgcolor="#FFFFFF"
             type="circle" x="133" y="466" width="8" height="8"/>
    </entry>
    <entry id="149" name="path:hsa04727" type="map"
        link="http://www.kegg.jp/dbget-bin/www_bget?hsa04727">
        <graphics name="GABAergic synapse" fgcolor="#000000" bgcolor="#FFFFFF"
             type="roundrectangle" x="390" y="467" width="116" height="25"/>
    </entry>
    <entry id="150" name="hsa:2911" type="gene"
        link="http://www.kegg.jp/dbget-bin/www_bget?hsa:2911">
        <graphics name="GRM1, GPRC1A, MGLU1, MGLUR1, PPP1R85, SCA44, SCAR13" fgcolor="#000000" bgcolor="#BFFFBF"
             type="rectangle" x="204" y="723" width="46" height="17"/>
    </entry>
    <entry id="159" name="cpd:C00951" type="compound"
        link="http://www.kegg.jp/dbget-bin/www_bget?C00951">
        <graphics name="C00951" fgcolor="#000000" bgcolor="#FFFFFF"
             type="circle" x="133" y="670" width="8" height="8"/>
    </entry>
    <entry id="165" name="hsa:10499 hsa:8202 hsa:8648" type="gene"
        link="http://www.kegg.jp/dbget-bin/www_bget?hsa:10499+hsa:8202+hsa:8648">
        <graphics name="NCOA2, GRIP1, KAT13C, NCoA-2, SRC2, TIF2, bHLHe75..." fgcolor="#000000" bgcolor="#BFFFBF"
             type="rectangle" x="857" y="179" width="46" height="17"/>
    </entry>
    <entry id="166" name="hsa:10499 hsa:8202 hsa:8648" type="gene"
        link="http://www.kegg.jp/dbget-bin/www_bget?hsa:10499+hsa:8202+hsa:8648">
        <graphics name="NCOA2, GRIP1, KAT13C, NCoA-2, SRC2, TIF2, bHLHe75..." fgcolor="#000000" bgcolor="#BFFFBF"
             type="rectangle" x="857" y="271" width="46" height="17"/>
    </entry>
    <entry id="174" name="hsa:596" type="gene"
        link="http://www.kegg.jp/dbget-bin/www_bget?hsa:596">
        <graphics name="BCL2, Bcl-2, PPP1R50" fgcolor="#000000" bgcolor="#BFFFBF"
             type="rectangle" x="1019" y="158" width="46" height="17"/>
    </entry>
    <entry id="175" name="hsa:9166" type="gene"
        link="http://www.kegg.jp/dbget-bin/www_bget?hsa:9166">
        <graphics name="EBAG9, EB9, PDAF" fgcolor="#000000" bgcolor="#BFFFBF"
             type="rectangle" x="1071" y="158" width="46" height="17"/>
    </entry>
    <entry id="176" name="hsa:100653049 hsa:125115 hsa:147183 hsa:162605 hsa:192666 hsa:25984 hsa:342574 hsa:353288 hsa:3857 hsa:3858 hsa:3859 hsa:3860 hsa:3861 hsa:3866 hsa:3868 hsa:3872 hsa:3875 hsa:3880 hsa:3881 hsa:3882 hsa:3883 hsa:3884 hsa:3885 hsa:3886 hsa:390792 hsa:54474 hsa:8687 hsa:8688 hsa:8689" type="gene"
        link="http://www.kegg.jp/dbget-bin/www_bget?hsa:100653049+hsa:125115+hsa:147183+hsa:162605+hsa:192666+hsa:25984+hsa:342574+hsa:353288+hsa:3857+hsa:3858+hsa:3859+hsa:3860+hsa:3861+hsa:3866+hsa:3868+hsa:3872+hsa:3875+hsa:3880+hsa:3881+hsa:3882+hsa:3883+hsa:3884+hsa:3885+hsa:3886+hsa:390792+hsa:54474+hsa:8687+hsa:8688+hsa:8689">
        <graphics name="100653049..." fgcolor="#000000" bgcolor="#BFFFBF"
             type="rectangle" x="1019" y="183" width="46" height="17"/>
    </entry>
    <entry id="177" name="hsa:1509" type="gene"
        link="http://www.kegg.jp/dbget-bin/www_bget?hsa:1509">
        <graphics name="CTSD, CLN10, CPSD, HEL-S-130P" fgcolor="#000000" bgcolor="#BFFFBF"
             type="rectangle" x="1071" y="183" width="46" height="17"/>
    </entry>
    <entry id="178" name="hsa:7031" type="gene"
        link="http://www.kegg.jp/dbget-bin/www_bget?hsa:7031">
        <graphics name="TFF1, BCEI, D21S21, HP1.A, HPS2, pNR-2, pS2" fgcolor="#000000" bgcolor="#BFFFBF"
             type="rectangle" x="1019" y="222" width="46" height="17"/>
    </entry>
    <entry id="179" name="hsa:5241" type="gene"
        link="http://www.kegg.jp/dbget-bin/www_bget?hsa:5241">
        <graphics name="PGR, NR3C3, PR" fgcolor="#000000" bgcolor="#BFFFBF"
             type="rectangle" x="1071" y="222" width="46" height="17"/>
    </entry>
    <entry id="180" name="hsa:7039" type="gene"
        link="http://www.kegg.jp/dbget-bin/www_bget?hsa:7039">
        <graphics name="TGFA, TFGA" fgcolor="#000000" bgcolor="#BFFFBF"
             type="rectangle" x="1019" y="263" width="46" height="17"/>
    </entry>
    <entry id="181" name="hsa:5914" type="gene"
        link="http://www.kegg.jp/dbget-bin/www_bget?hsa:5914">
        <graphics name="RARA, NR1B1, RAR" fgcolor="#000000" bgcolor="#BFFFBF"
             type="rectangle" x="1071" y="263" width="46" height="17"/>
    </entry>
    <entry id="184" name="hsa:5443" type="gene"
        link="http://www.kegg.jp/dbget-bin/www_bget?hsa:5443">
        <graphics name="POMC, ACTH, CLIP, LPH, MSH, NPP, OBAIRH, POC" fgcolor="#000000" bgcolor="#BFFFBF"
             type="rectangle" x="111" y="552" width="46" height="17"/>
    </entry>
    <entry id="185" name="undefined" type="group">
        <graphics fgcolor="#000000" bgcolor="#FFFFFF"
             type="rectangle" x="857" y="170" width="46" height="34"/>
        <component id="165"/>
        <component id="9"/>
    </entry>
    <entry id="186" name="undefined" type="group">
        <graphics fgcolor="#000000" bgcolor="#FFFFFF"
             type="rectangle" x="857" y="262" width="46" height="34"/>
        <component id="166"/>
        <component id="28"/>
    </entry>
    <relation entry1="26" entry2="9" type="PCrel">
        <subtype name="binding/association" value="---"/>
    </relation>
    <relation entry1="29" entry2="28" type="PCrel">
        <subtype name="binding/association" value="---"/>
    </relation>
    <relation entry1="28" entry2="31" type="PPrel">
        <subtype name="binding/association" value="---"/>
    </relation>
    <relation entry1="140" entry2="14" type="PCrel">
        <subtype name="activation" value="--&gt;"/>
    </relation>
    <relation entry1="14" entry2="102" type="PPrel">
        <subtype name="activation" value="--&gt;"/>
    </relation>
    <relation entry1="102" entry2="15" type="PPrel">
        <subtype name="activation" value="--&gt;"/>
    </relation>
    <relation entry1="15" entry2="16" type="PPrel">
        <subtype name="activation" value="--&gt;"/>
    </relation>
    <relation entry1="16" entry2="17" type="PPrel">
        <subtype name="activation" value="--&gt;"/>
    </relation>
    <relation entry1="17" entry2="19" type="PPrel">
        <subtype name="activation" value="--&gt;"/>
    </relation>
    <relation entry1="102" entry2="107" type="PPrel">
        <subtype name="activation" value="--&gt;"/>
    </relation>
    <relation entry1="107" entry2="35" type="PCrel">
        <subtype name="activation" value="--&gt;"/>
    </relation>
    <relation entry1="35" entry2="36" type="PCrel">
        <subtype name="activation" value="--&gt;"/>
    </relation>
    <relation entry1="19" entry2="18" type="PPrel">
        <subtype name="activation" value="--&gt;"/>
    </relation>
    <relation entry1="18" entry2="88" type="PPrel">
        <subtype name="activation" value="--&gt;"/>
    </relation>
    <relation entry1="88" entry2="89" type="PPrel">
        <subtype name="activation" value="--&gt;"/>
    </relation>
    <relation entry1="89" entry2="90" type="PPrel">
        <subtype name="activation" value="--&gt;"/>
    </relation>
    <relation entry1="90" entry2="40" type="PPrel">
        <subtype name="activation" value="--&gt;"/>
    </relation>
    <relation entry1="40" entry2="41" type="PPrel">
        <subtype name="activation" value="--&gt;"/>
    </relation>
    <relation entry1="41" entry2="42" type="PPrel">
        <subtype name="activation" value="--&gt;"/>
    </relation>
    <relation entry1="42" entry2="43" type="PPrel">
        <subtype name="activation" value="--&gt;"/>
    </relation>
    <relation entry1="18" entry2="133" type="PPrel">
        <subtype name="activation" value="--&gt;"/>
    </relation>
    <relation entry1="144" entry2="58" type="PCrel">
        <subtype name="activation" value="--&gt;"/>
    </relation>
    <relation entry1="58" entry2="143" type="PPrel">
        <subtype name="activation" value="--&gt;"/>
    </relation>
    <relation entry1="143" entry2="57" type="PPrel">
        <subtype name="activation" value="--&gt;"/>
    </relation>
    <relation entry1="142" entry2="103" type="PPrel">
        <subtype name="activation" value="--&gt;"/>
    </relation>
    <relation entry1="103" entry2="57" type="PPrel">
        <subtype name="activation" value="--&gt;"/>
    </relation>
    <relation entry1="55" entry2="74" type="PCrel">
        <subtype name="activation" value="--&gt;"/>
    </relation>
    <relation entry1="74" entry2="56" type="PCrel">
        <subtype name="activation" value="--&gt;"/>
    </relation>
    <relation entry1="52" entry2="53" type="PPrel">
        <subtype name="activation" value="--&gt;"/>
    </relation>
    <relation entry1="53" entry2="67" type="PCrel">
        <subtype name="activation" value="--&gt;"/>
    </relation>
    <relation entry1="67" entry2="54" type="PCrel">
        <subtype name="activation" value="--&gt;"/>
    </relation>
    <relation entry1="54" entry2="55" type="PPrel">
        <subtype name="activation" value="--&gt;"/>
    </relation>
    <relation entry1="53" entry2="66" type="PCrel">
        <subtype name="activation" value="--&gt;"/>
    </relation>
    <relation entry1="66" entry2="123" type="PCrel">
        <subtype name="activation" value="--&gt;"/>
    </relation>
    <relation entry1="126" entry2="124" type="PCrel">
        <subtype name="activation" value="--&gt;"/>
    </relation>
    <relation entry1="124" entry2="79" type="PPrel">
        <subtype name="activation" value="--&gt;"/>
    </relation>
    <relation entry1="150" entry2="52" type="PPrel">
        <subtype name="activation" value="--&gt;"/>
    </relation>
    <relation entry1="60" entry2="51" type="PCrel">
        <subtype name="activation" value="--&gt;"/>
    </relation>
    <relation entry1="51" entry2="76" type="PPrel">
        <subtype name="activation" value="--&gt;"/>
    </relation>
    <relation entry1="76" entry2="77" type="PPrel">
        <subtype name="activation" value="--&gt;"/>
    </relation>
    <relation entry1="78" entry2="79" type="PPrel">
        <subtype name="activation" value="--&gt;"/>
    </relation>
    <relation entry1="79" entry2="85" type="PCrel">
        <subtype name="activation" value="--&gt;"/>
    </relation>
    <relation entry1="85" entry2="80" type="PCrel">
        <subtype name="activation" value="--&gt;"/>
    </relation>
    <relation entry1="76" entry2="113" type="PPrel">
        <subtype name="activation" value="--&gt;"/>
    </relation>
    <relation entry1="113" entry2="114" type="PPrel">
        <subtype name="activation" value="--&gt;"/>
    </relation>
    <relation entry1="114" entry2="115" type="PPrel">
        <subtype name="activation" value="--&gt;"/>
    </relation>
    <relation entry1="115" entry2="116" type="PPrel">
        <subtype name="activation" value="--&gt;"/>
    </relation>
    <relation entry1="36" entry2="41" type="PPrel">
        <subtype name="inhibition" value="--|"/>
    </relation>
    <relation entry1="56" entry2="57" type="PPrel">
        <subtype name="inhibition" value="--|"/>
    </relation>
    <relation entry1="133" entry2="134" type="PPrel">
        <subtype name="activation" value="--&gt;"/>
        <subtype name="indirect effect" value="..&gt;"/>
    </relation>
    <relation entry1="77" entry2="78" type="PPrel">
        <subtype name="activation" value="--&gt;"/>
        <subtype name="indirect effect" value="..&gt;"/>
    </relation>
    <relation entry1="43" entry2="9" type="PPrel">
        <subtype name="activation" value="--&gt;"/>
        <subtype name="phosphorylation" value="+p"/>
    </relation>
    <relation entry1="43" entry2="28" type="PPrel">
        <subtype name="activation" value="--&gt;"/>
        <subtype name="phosphorylation" value="+p"/>
    </relation>
    <relation entry1="43" entry2="44" type="PPrel">
        <subtype name="activation" value="--&gt;"/>
        <subtype name="phosphorylation" value="+p"/>
    </relation>
    <relation entry1="56" entry2="59" type="PPrel">
        <subtype name="activation" value="--&gt;"/>
        <subtype name="phosphorylation" value="+p"/>
    </relation>
    <relation entry1="116" entry2="117" type="PPrel">
        <subtype name="activation" value="--&gt;"/>
        <subtype name="phosphorylation" value="+p"/>
    </relation>
    <relation entry1="185" entry2="174" type="GErel">
        <subtype name="expression" value="--&gt;"/>
    </relation>
    <relation entry1="185" entry2="175" type="GErel">
        <subtype name="expression" value="--&gt;"/>
    </relation>
    <relation entry1="185" entry2="176" type="GErel">
        <subtype name="expression" value="--&gt;"/>
    </relation>
    <relation entry1="185" entry2="177" type="GErel">
        <subtype name="expression" value="--&gt;"/>
    </relation>
    <relation entry1="185" entry2="178" type="GErel">
        <subtype name="expression" value="--&gt;"/>
    </relation>
    <relation entry1="185" entry2="179" type="GErel">
        <subtype name="expression" value="--&gt;"/>
    </relation>
    <relation entry1="186" entry2="178" type="GErel">
        <subtype name="expression" value="--&gt;"/>
    </relation>
    <relation entry1="186" entry2="179" type="GErel">
        <subtype name="expression" value="--&gt;"/>
    </relation>
    <relation entry1="186" entry2="180" type="GErel">
        <subtype name="expression" value="--&gt;"/>
    </relation>
    <relation entry1="186" entry2="181" type="GErel">
        <subtype name="expression" value="--&gt;"/>
    </relation>
    <relation entry1="184" entry2="142" type="PPrel">
        <subtype name="activation" value="--&gt;"/>
    </relation>
</pathway>
