<?xml version="1.0"?>
<!DOCTYPE pathway SYSTEM "http://www.kegg.jp/kegg/xml/KGML_v0.7.2_.dtd">
<!-- Creation date: Oct 23, 2015 10:34:58 +0900 (GMT+9) -->
<pathway name="path:hsa05031" org="hsa" number="05031"
         title="Amphetamine addiction"
         image="http://www.kegg.jp/kegg/pathway/hsa/hsa05031.png"
         link="http://www.kegg.jp/kegg-bin/show_pathway?hsa05031">
    <entry id="49" name="path:hsa05031" type="map"
        link="http://www.kegg.jp/dbget-bin/www_bget?hsa05031">
        <graphics name="TITLE:Amphetamine addiction" fgcolor="#000000" bgcolor="#FFFFFF"
             type="roundrectangle" x="152" y="58" width="224" height="25"/>
    </entry>
    <entry id="53" name="hsa:6570 hsa:6571" type="gene"
        link="http://www.kegg.jp/dbget-bin/www_bget?hsa:6570+hsa:6571">
        <graphics name="SLC18A1, CGAT, VAT1, VMAT1..." fgcolor="#000000" bgcolor="#BFFFBF"
             type="rectangle" x="343" y="311" width="46" height="17"/>
    </entry>
    <entry id="64" name="path:hsa04728" type="map"
        link="http://www.kegg.jp/dbget-bin/www_bget?hsa04728">
        <graphics name="Dopaminergic synapse" fgcolor="#000000" bgcolor="#FFFFFF"
             type="roundrectangle" x="581" y="77" width="106" height="34"/>
    </entry>
    <entry id="68" name="hsa:6570 hsa:6571" type="gene"
        link="http://www.kegg.jp/dbget-bin/www_bget?hsa:6570+hsa:6571">
        <graphics name="SLC18A1, CGAT, VAT1, VMAT1..." fgcolor="#000000" bgcolor="#BFFFBF"
             type="rectangle" x="319" y="679" width="46" height="17"/>
    </entry>
    <entry id="76" name="hsa:775 hsa:776" type="gene"
        link="http://www.kegg.jp/dbget-bin/www_bget?hsa:775+hsa:776">
        <graphics name="CACNA1C, CACH2, CACN2, CACNL1A1, CCHL1A1, CaV1.2, LQT8, TS, TS._LQT8..." fgcolor="#000000" bgcolor="#BFFFBF"
             type="rectangle" x="642" y="191" width="46" height="17"/>
    </entry>
    <entry id="77" name="hsa:116443 hsa:116444 hsa:2902 hsa:2903 hsa:2904 hsa:2905 hsa:2906" type="gene"
        link="http://www.kegg.jp/dbget-bin/www_bget?hsa:116443+hsa:116444+hsa:2902+hsa:2903+hsa:2904+hsa:2905+hsa:2906">
        <graphics name="GRIN3A, GluN3A, NMDAR-L, NR3A..." fgcolor="#000000" bgcolor="#BFFFBF"
             type="rectangle" x="642" y="250" width="46" height="17"/>
    </entry>
    <entry id="78" name="hsa:2890 hsa:2891 hsa:2892 hsa:2893" type="gene"
        link="http://www.kegg.jp/dbget-bin/www_bget?hsa:2890+hsa:2891+hsa:2892+hsa:2893">
        <graphics name="GRIA1, GLUH1, GLUR1, GLURA, GluA1, HBGR1..." fgcolor="#000000" bgcolor="#BFFFBF"
             type="rectangle" x="642" y="297" width="46" height="17"/>
    </entry>
    <entry id="79" name="hsa:1812" type="gene"
        link="http://www.kegg.jp/dbget-bin/www_bget?hsa:1812">
        <graphics name="DRD1, DADR, DRD1A" fgcolor="#000000" bgcolor="#BFFFBF"
             type="rectangle" x="642" y="359" width="46" height="17"/>
    </entry>
    <entry id="80" name="hsa:6531" type="gene"
        link="http://www.kegg.jp/dbget-bin/www_bget?hsa:6531">
        <graphics name="SLC6A3, DAT, DAT1, PKDYS, PKDYS1" fgcolor="#000000" bgcolor="#BFFFBF"
             type="rectangle" x="527" y="260" width="46" height="17"/>
    </entry>
    <entry id="81" name="hsa:775 hsa:776" type="gene"
        link="http://www.kegg.jp/dbget-bin/www_bget?hsa:775+hsa:776">
        <graphics name="CACNA1C, CACH2, CACN2, CACNL1A1, CCHL1A1, CaV1.2, LQT8, TS, TS._LQT8..." fgcolor="#000000" bgcolor="#BFFFBF"
             type="rectangle" x="642" y="521" width="46" height="17"/>
    </entry>
    <entry id="82" name="hsa:116443 hsa:116444 hsa:2902 hsa:2903 hsa:2904 hsa:2905 hsa:2906" type="gene"
        link="http://www.kegg.jp/dbget-bin/www_bget?hsa:116443+hsa:116444+hsa:2902+hsa:2903+hsa:2904+hsa:2905+hsa:2906">
        <graphics name="GRIN3A, GluN3A, NMDAR-L, NR3A..." fgcolor="#000000" bgcolor="#BFFFBF"
             type="rectangle" x="642" y="561" width="46" height="17"/>
    </entry>
    <entry id="83" name="hsa:2890 hsa:2891 hsa:2892 hsa:2893" type="gene"
        link="http://www.kegg.jp/dbget-bin/www_bget?hsa:2890+hsa:2891+hsa:2892+hsa:2893">
        <graphics name="GRIA1, GLUH1, GLUR1, GLURA, GluA1, HBGR1..." fgcolor="#000000" bgcolor="#BFFFBF"
             type="rectangle" x="642" y="638" width="46" height="17"/>
    </entry>
    <entry id="84" name="hsa:1812" type="gene"
        link="http://www.kegg.jp/dbget-bin/www_bget?hsa:1812">
        <graphics name="DRD1, DADR, DRD1A" fgcolor="#000000" bgcolor="#BFFFBF"
             type="rectangle" x="642" y="726" width="46" height="17"/>
    </entry>
    <entry id="91" name="hsa:6570 hsa:6571" type="gene"
        link="http://www.kegg.jp/dbget-bin/www_bget?hsa:6570+hsa:6571">
        <graphics name="SLC18A1, CGAT, VAT1, VMAT1..." fgcolor="#000000" bgcolor="#BFFFBF"
             type="rectangle" x="411" y="729" width="46" height="17"/>
    </entry>
    <entry id="92" name="hsa:4128 hsa:4129" type="gene"
        link="http://www.kegg.jp/dbget-bin/www_bget?hsa:4128+hsa:4129">
        <graphics name="MAOA, BRNRS, MAO-A..." fgcolor="#000000" bgcolor="#BFFFBF"
             type="rectangle" x="434" y="565" width="46" height="17"/>
    </entry>
    <entry id="94" name="hsa:6531" type="gene"
        link="http://www.kegg.jp/dbget-bin/www_bget?hsa:6531">
        <graphics name="SLC6A3, DAT, DAT1, PKDYS, PKDYS1" fgcolor="#000000" bgcolor="#BFFFBF"
             type="rectangle" x="526" y="570" width="46" height="17"/>
    </entry>
    <entry id="95" name="hsa:6531" type="gene"
        link="http://www.kegg.jp/dbget-bin/www_bget?hsa:6531">
        <graphics name="SLC6A3, DAT, DAT1, PKDYS, PKDYS1" fgcolor="#000000" bgcolor="#BFFFBF"
             type="rectangle" x="527" y="628" width="46" height="17"/>
    </entry>
    <entry id="96" name="cpd:C00082" type="compound"
        link="http://www.kegg.jp/dbget-bin/www_bget?C00082">
        <graphics name="C00082" fgcolor="#000000" bgcolor="#FFFFFF"
             type="circle" x="125" y="628" width="8" height="8"/>
    </entry>
    <entry id="97" name="cpd:C00355" type="compound"
        link="http://www.kegg.jp/dbget-bin/www_bget?C00355">
        <graphics name="C00355" fgcolor="#000000" bgcolor="#FFFFFF"
             type="circle" x="194" y="629" width="8" height="8"/>
    </entry>
    <entry id="98" name="cpd:C03758" type="compound"
        link="http://www.kegg.jp/dbget-bin/www_bget?C03758">
        <graphics name="C03758" fgcolor="#000000" bgcolor="#FFFFFF"
             type="circle" x="264" y="629" width="8" height="8"/>
    </entry>
    <entry id="99" name="cpd:C03758" type="compound"
        link="http://www.kegg.jp/dbget-bin/www_bget?C03758">
        <graphics name="C03758" fgcolor="#000000" bgcolor="#FFFFFF"
             type="circle" x="361" y="727" width="8" height="8"/>
    </entry>
    <entry id="100" name="cpd:C03758" type="compound"
        link="http://www.kegg.jp/dbget-bin/www_bget?C03758">
        <graphics name="C03758" fgcolor="#000000" bgcolor="#FFFFFF"
             type="circle" x="405" y="593" width="8" height="8"/>
    </entry>
    <entry id="101" name="cpd:C01161" type="compound"
        link="http://www.kegg.jp/dbget-bin/www_bget?C01161">
        <graphics name="C01161" fgcolor="#000000" bgcolor="#FFFFFF"
             type="circle" x="384" y="531" width="8" height="8"/>
    </entry>
    <entry id="102" name="cpd:C00027" type="compound"
        link="http://www.kegg.jp/dbget-bin/www_bget?C00027">
        <graphics name="C00027" fgcolor="#000000" bgcolor="#FFFFFF"
             type="circle" x="428" y="530" width="8" height="8"/>
    </entry>
    <entry id="103" name="cpd:C00082" type="compound"
        link="http://www.kegg.jp/dbget-bin/www_bget?C00082">
        <graphics name="C00082" fgcolor="#000000" bgcolor="#FFFFFF"
             type="circle" x="125" y="275" width="8" height="8"/>
    </entry>
    <entry id="104" name="cpd:C00355" type="compound"
        link="http://www.kegg.jp/dbget-bin/www_bget?C00355">
        <graphics name="C00355" fgcolor="#000000" bgcolor="#FFFFFF"
             type="circle" x="197" y="275" width="8" height="8"/>
    </entry>
    <entry id="105" name="cpd:C03758" type="compound"
        link="http://www.kegg.jp/dbget-bin/www_bget?C03758">
        <graphics name="C03758" fgcolor="#000000" bgcolor="#FFFFFF"
             type="circle" x="266" y="275" width="8" height="8"/>
    </entry>
    <entry id="106" name="cpd:C03758" type="compound"
        link="http://www.kegg.jp/dbget-bin/www_bget?C03758">
        <graphics name="C03758" fgcolor="#000000" bgcolor="#FFFFFF"
             type="circle" x="408" y="234" width="8" height="8"/>
    </entry>
    <entry id="107" name="cpd:C01161" type="compound"
        link="http://www.kegg.jp/dbget-bin/www_bget?C01161">
        <graphics name="C01161" fgcolor="#000000" bgcolor="#FFFFFF"
             type="circle" x="387" y="187" width="8" height="8"/>
    </entry>
    <entry id="108" name="cpd:C00027" type="compound"
        link="http://www.kegg.jp/dbget-bin/www_bget?C00027">
        <graphics name="C00027" fgcolor="#000000" bgcolor="#FFFFFF"
             type="circle" x="428" y="188" width="8" height="8"/>
    </entry>
    <entry id="109" name="dr:D07445" type="compound"
        link="http://www.kegg.jp/dbget-bin/www_bget?D07445">
        <graphics name="D07445" fgcolor="#000000" bgcolor="#FFFFFF"
             type="circle" x="567" y="569" width="8" height="8"/>
    </entry>
    <entry id="110" name="hsa:7054" type="gene"
        link="http://www.kegg.jp/dbget-bin/www_bget?hsa:7054">
        <graphics name="TH, DYT14, DYT5b, TYH" fgcolor="#000000" bgcolor="#BFFFBF"
             type="rectangle" x="157" y="612" width="46" height="17"/>
    </entry>
    <entry id="111" name="hsa:1644" type="gene"
        link="http://www.kegg.jp/dbget-bin/www_bget?hsa:1644">
        <graphics name="DDC, AADC" fgcolor="#000000" bgcolor="#BFFFBF"
             type="rectangle" x="227" y="613" width="46" height="17"/>
    </entry>
    <entry id="115" name="dr:D07445" type="compound"
        link="http://www.kegg.jp/dbget-bin/www_bget?D07445">
        <graphics name="D07445" fgcolor="#000000" bgcolor="#FFFFFF"
             type="circle" x="236" y="660" width="8" height="8"/>
    </entry>
    <entry id="121" name="dr:D07445" type="compound"
        link="http://www.kegg.jp/dbget-bin/www_bget?D07445">
        <graphics name="D07445" fgcolor="#000000" bgcolor="#FFFFFF"
             type="circle" x="368" y="565" width="8" height="8"/>
    </entry>
    <entry id="129" name="hsa:7054" type="gene"
        link="http://www.kegg.jp/dbget-bin/www_bget?hsa:7054">
        <graphics name="TH, DYT14, DYT5b, TYH" fgcolor="#000000" bgcolor="#BFFFBF"
             type="rectangle" x="157" y="259" width="46" height="17"/>
    </entry>
    <entry id="130" name="hsa:1644" type="gene"
        link="http://www.kegg.jp/dbget-bin/www_bget?hsa:1644">
        <graphics name="DDC, AADC" fgcolor="#000000" bgcolor="#BFFFBF"
             type="rectangle" x="227" y="259" width="46" height="17"/>
    </entry>
    <entry id="133" name="hsa:4128 hsa:4129" type="gene"
        link="http://www.kegg.jp/dbget-bin/www_bget?hsa:4128+hsa:4129">
        <graphics name="MAOA, BRNRS, MAO-A..." fgcolor="#000000" bgcolor="#BFFFBF"
             type="rectangle" x="434" y="220" width="46" height="17"/>
    </entry>
    <entry id="162" name="cpd:C03758" type="compound"
        link="http://www.kegg.jp/dbget-bin/www_bget?C03758">
        <graphics name="C03758" fgcolor="#000000" bgcolor="#FFFFFF"
             type="circle" x="527" y="328" width="8" height="8"/>
    </entry>
    <entry id="163" name="cpd:C03758" type="compound"
        link="http://www.kegg.jp/dbget-bin/www_bget?C03758">
        <graphics name="C03758" fgcolor="#000000" bgcolor="#FFFFFF"
             type="circle" x="579" y="629" width="8" height="8"/>
    </entry>
    <entry id="164" name="cpd:C03758" type="compound"
        link="http://www.kegg.jp/dbget-bin/www_bget?C03758">
        <graphics name="C03758" fgcolor="#000000" bgcolor="#FFFFFF"
             type="circle" x="569" y="260" width="8" height="8"/>
    </entry>
    <entry id="178" name="hsa:163688 hsa:51806 hsa:801 hsa:805 hsa:808 hsa:810 hsa:91860" type="gene"
        link="http://www.kegg.jp/dbget-bin/www_bget?hsa:163688+hsa:51806+hsa:801+hsa:805+hsa:808+hsa:810+hsa:91860">
        <graphics name="CALML6, CAGLP..." fgcolor="#000000" bgcolor="#BFFFBF"
             type="rectangle" x="777" y="561" width="46" height="17"/>
    </entry>
    <entry id="179" name="hsa:814 hsa:815 hsa:816 hsa:817 hsa:818" type="gene"
        link="http://www.kegg.jp/dbget-bin/www_bget?hsa:814+hsa:815+hsa:816+hsa:817+hsa:818">
        <graphics name="CAMK4, CaMK_IV, CaMK-GR, CaMKIV, caMK..." fgcolor="#000000" bgcolor="#BFFFBF"
             type="rectangle" x="856" y="561" width="46" height="17"/>
    </entry>
    <entry id="180" name="hsa:84152" type="gene"
        link="http://www.kegg.jp/dbget-bin/www_bget?hsa:84152">
        <graphics name="PPP1R1B, DARPP-32, DARPP32" fgcolor="#000000" bgcolor="#BFFFBF"
             type="rectangle" x="785" y="655" width="46" height="17"/>
    </entry>
    <entry id="181" name="hsa:5566 hsa:5567 hsa:5568" type="gene"
        link="http://www.kegg.jp/dbget-bin/www_bget?hsa:5566+hsa:5567+hsa:5568">
        <graphics name="PRKACA, PKACA, PPNAD4..." fgcolor="#000000" bgcolor="#BFFFBF"
             type="rectangle" x="775" y="708" width="46" height="17"/>
    </entry>
    <entry id="182" name="hsa:2778" type="gene"
        link="http://www.kegg.jp/dbget-bin/www_bget?hsa:2778">
        <graphics name="GNAS, AHO, C20orf45, GNAS1, GPSA, GSA, GSP, NESP, PITA3, POH, SCG6, SgVI" fgcolor="#000000" bgcolor="#BFFFBF"
             type="rectangle" x="714" y="739" width="46" height="17"/>
    </entry>
    <entry id="183" name="hsa:111" type="gene"
        link="http://www.kegg.jp/dbget-bin/www_bget?hsa:111">
        <graphics name="ADCY5, AC5, FDFM" fgcolor="#000000" bgcolor="#BFFFBF"
             type="rectangle" x="667" y="768" width="46" height="17"/>
    </entry>
    <entry id="186" name="hsa:10488 hsa:1385 hsa:1386 hsa:1388 hsa:148327 hsa:468 hsa:64764 hsa:84699 hsa:90993 hsa:9586" type="gene"
        link="http://www.kegg.jp/dbget-bin/www_bget?hsa:10488+hsa:1385+hsa:1386+hsa:1388+hsa:148327+hsa:468+hsa:64764+hsa:84699+hsa:90993+hsa:9586">
        <graphics name="CREB3, LUMAN, LZIP, sLZIP..." fgcolor="#000000" bgcolor="#BFFFBF"
             type="rectangle" x="945" y="655" width="46" height="17"/>
    </entry>
    <entry id="188" name="cpd:C00575" type="compound"
        link="http://www.kegg.jp/dbget-bin/www_bget?C00575">
        <graphics name="C00575" fgcolor="#000000" bgcolor="#FFFFFF"
             type="circle" x="777" y="769" width="8" height="8"/>
    </entry>
    <entry id="193" name="cpd:C00076" type="compound"
        link="http://www.kegg.jp/dbget-bin/www_bget?C00076">
        <graphics name="C00076" fgcolor="#000000" bgcolor="#FFFFFF"
             type="circle" x="732" y="561" width="8" height="8"/>
    </entry>
    <entry id="198" name="hsa:5499 hsa:5500 hsa:5501" type="gene"
        link="http://www.kegg.jp/dbget-bin/www_bget?hsa:5499+hsa:5500+hsa:5501">
        <graphics name="PPP1CA, PP-1A, PP1A, PP1alpha, PPP1A..." fgcolor="#000000" bgcolor="#BFFFBF"
             type="rectangle" x="852" y="655" width="46" height="17"/>
    </entry>
    <entry id="209" name="cpd:C00025" type="compound"
        link="http://www.kegg.jp/dbget-bin/www_bget?C00025">
        <graphics name="C00025" fgcolor="#000000" bgcolor="#FFFFFF"
             type="circle" x="577" y="534" width="8" height="8"/>
    </entry>
    <entry id="212" name="hsa:775 hsa:776" type="gene"
        link="http://www.kegg.jp/dbget-bin/www_bget?hsa:775+hsa:776">
        <graphics name="CACNA1C, CACH2, CACN2, CACNL1A1, CCHL1A1, CaV1.2, LQT8, TS, TS._LQT8..." fgcolor="#000000" bgcolor="#BFFFBF"
             type="rectangle" x="642" y="873" width="46" height="17"/>
    </entry>
    <entry id="213" name="hsa:116443 hsa:116444 hsa:2902 hsa:2903 hsa:2904 hsa:2905 hsa:2906" type="gene"
        link="http://www.kegg.jp/dbget-bin/www_bget?hsa:116443+hsa:116444+hsa:2902+hsa:2903+hsa:2904+hsa:2905+hsa:2906">
        <graphics name="GRIN3A, GluN3A, NMDAR-L, NR3A..." fgcolor="#000000" bgcolor="#BFFFBF"
             type="rectangle" x="642" y="914" width="46" height="17"/>
    </entry>
    <entry id="214" name="hsa:2890 hsa:2891 hsa:2892 hsa:2893" type="gene"
        link="http://www.kegg.jp/dbget-bin/www_bget?hsa:2890+hsa:2891+hsa:2892+hsa:2893">
        <graphics name="GRIA1, GLUH1, GLUR1, GLURA, GluA1, HBGR1..." fgcolor="#000000" bgcolor="#BFFFBF"
             type="rectangle" x="642" y="992" width="46" height="17"/>
    </entry>
    <entry id="215" name="hsa:1812" type="gene"
        link="http://www.kegg.jp/dbget-bin/www_bget?hsa:1812">
        <graphics name="DRD1, DADR, DRD1A" fgcolor="#000000" bgcolor="#BFFFBF"
             type="rectangle" x="642" y="1085" width="46" height="17"/>
    </entry>
    <entry id="218" name="cpd:C00076" type="compound"
        link="http://www.kegg.jp/dbget-bin/www_bget?C00076">
        <graphics name="C00076" fgcolor="#000000" bgcolor="#FFFFFF"
             type="circle" x="734" y="914" width="8" height="8"/>
    </entry>
    <entry id="220" name="hsa:163688 hsa:51806 hsa:801 hsa:805 hsa:808 hsa:810 hsa:91860" type="gene"
        link="http://www.kegg.jp/dbget-bin/www_bget?hsa:163688+hsa:51806+hsa:801+hsa:805+hsa:808+hsa:810+hsa:91860">
        <graphics name="CALML6, CAGLP..." fgcolor="#000000" bgcolor="#BFFFBF"
             type="rectangle" x="778" y="916" width="46" height="17"/>
    </entry>
    <entry id="221" name="hsa:5530 hsa:5532 hsa:5533 hsa:5534 hsa:5535" type="gene"
        link="http://www.kegg.jp/dbget-bin/www_bget?hsa:5530+hsa:5532+hsa:5533+hsa:5534+hsa:5535">
        <graphics name="PPP3CA, ACCIID, CALN, CALNA, CALNA1, CCN1, CNA1, IECEE, IECEE1, PPP2B..." fgcolor="#000000" bgcolor="#BFFFBF"
             type="rectangle" x="778" y="962" width="46" height="17"/>
    </entry>
    <entry id="222" name="hsa:84152" type="gene"
        link="http://www.kegg.jp/dbget-bin/www_bget?hsa:84152">
        <graphics name="PPP1R1B, DARPP-32, DARPP32" fgcolor="#000000" bgcolor="#BFFFBF"
             type="rectangle" x="793" y="1009" width="46" height="17"/>
    </entry>
    <entry id="223" name="hsa:5499 hsa:5500 hsa:5501" type="gene"
        link="http://www.kegg.jp/dbget-bin/www_bget?hsa:5499+hsa:5500+hsa:5501">
        <graphics name="PPP1CA, PP-1A, PP1A, PP1alpha, PPP1A..." fgcolor="#000000" bgcolor="#BFFFBF"
             type="rectangle" x="860" y="1009" width="46" height="17"/>
    </entry>
    <entry id="224" name="hsa:10488 hsa:1385 hsa:1386 hsa:1388 hsa:148327 hsa:468 hsa:64764 hsa:84699 hsa:90993 hsa:9586" type="gene"
        link="http://www.kegg.jp/dbget-bin/www_bget?hsa:10488+hsa:1385+hsa:1386+hsa:1388+hsa:148327+hsa:468+hsa:64764+hsa:84699+hsa:90993+hsa:9586">
        <graphics name="CREB3, LUMAN, LZIP, sLZIP..." fgcolor="#000000" bgcolor="#BFFFBF"
             type="rectangle" x="945" y="1009" width="46" height="17"/>
    </entry>
    <entry id="233" name="hsa:2778" type="gene"
        link="http://www.kegg.jp/dbget-bin/www_bget?hsa:2778">
        <graphics name="GNAS, AHO, C20orf45, GNAS1, GPSA, GSA, GSP, NESP, PITA3, POH, SCG6, SgVI" fgcolor="#000000" bgcolor="#BFFFBF"
             type="rectangle" x="716" y="1101" width="46" height="17"/>
    </entry>
    <entry id="234" name="hsa:111" type="gene"
        link="http://www.kegg.jp/dbget-bin/www_bget?hsa:111">
        <graphics name="ADCY5, AC5, FDFM" fgcolor="#000000" bgcolor="#BFFFBF"
             type="rectangle" x="667" y="1129" width="46" height="17"/>
    </entry>
    <entry id="235" name="hsa:5566 hsa:5567 hsa:5568" type="gene"
        link="http://www.kegg.jp/dbget-bin/www_bget?hsa:5566+hsa:5567+hsa:5568">
        <graphics name="PRKACA, PKACA, PPNAD4..." fgcolor="#000000" bgcolor="#BFFFBF"
             type="rectangle" x="780" y="1064" width="46" height="17"/>
    </entry>
    <entry id="247" name="cpd:C00575" type="compound"
        link="http://www.kegg.jp/dbget-bin/www_bget?C00575">
        <graphics name="C00575" fgcolor="#000000" bgcolor="#FFFFFF"
             type="circle" x="778" y="1128" width="8" height="8"/>
    </entry>
    <entry id="269" name="cpd:C00082" type="compound"
        link="http://www.kegg.jp/dbget-bin/www_bget?C00082">
        <graphics name="C00082" fgcolor="#000000" bgcolor="#FFFFFF"
             type="circle" x="128" y="984" width="8" height="8"/>
    </entry>
    <entry id="270" name="cpd:C00355" type="compound"
        link="http://www.kegg.jp/dbget-bin/www_bget?C00355">
        <graphics name="C00355" fgcolor="#000000" bgcolor="#FFFFFF"
             type="circle" x="197" y="984" width="8" height="8"/>
    </entry>
    <entry id="271" name="cpd:C03758" type="compound"
        link="http://www.kegg.jp/dbget-bin/www_bget?C03758">
        <graphics name="C03758" fgcolor="#000000" bgcolor="#FFFFFF"
             type="circle" x="264" y="985" width="8" height="8"/>
    </entry>
    <entry id="272" name="cpd:C03758" type="compound"
        link="http://www.kegg.jp/dbget-bin/www_bget?C03758">
        <graphics name="C03758" fgcolor="#000000" bgcolor="#FFFFFF"
             type="circle" x="400" y="951" width="8" height="8"/>
    </entry>
    <entry id="273" name="cpd:C01161" type="compound"
        link="http://www.kegg.jp/dbget-bin/www_bget?C01161">
        <graphics name="C01161" fgcolor="#000000" bgcolor="#FFFFFF"
             type="circle" x="378" y="890" width="8" height="8"/>
    </entry>
    <entry id="274" name="cpd:C00027" type="compound"
        link="http://www.kegg.jp/dbget-bin/www_bget?C00027">
        <graphics name="C00027" fgcolor="#000000" bgcolor="#FFFFFF"
             type="circle" x="421" y="888" width="8" height="8"/>
    </entry>
    <entry id="275" name="dr:D07445" type="compound"
        link="http://www.kegg.jp/dbget-bin/www_bget?D07445">
        <graphics name="D07445" fgcolor="#000000" bgcolor="#FFFFFF"
             type="circle" x="359" y="929" width="8" height="8"/>
    </entry>
    <entry id="276" name="cpd:C03758" type="compound"
        link="http://www.kegg.jp/dbget-bin/www_bget?C03758">
        <graphics name="C03758" fgcolor="#000000" bgcolor="#FFFFFF"
             type="circle" x="361" y="1085" width="8" height="8"/>
    </entry>
    <entry id="277" name="hsa:7054" type="gene"
        link="http://www.kegg.jp/dbget-bin/www_bget?hsa:7054">
        <graphics name="TH, DYT14, DYT5b, TYH" fgcolor="#000000" bgcolor="#BFFFBF"
             type="rectangle" x="157" y="968" width="46" height="17"/>
    </entry>
    <entry id="278" name="hsa:1644" type="gene"
        link="http://www.kegg.jp/dbget-bin/www_bget?hsa:1644">
        <graphics name="DDC, AADC" fgcolor="#000000" bgcolor="#BFFFBF"
             type="rectangle" x="227" y="968" width="46" height="17"/>
    </entry>
    <entry id="279" name="hsa:4128 hsa:4129" type="gene"
        link="http://www.kegg.jp/dbget-bin/www_bget?hsa:4128+hsa:4129">
        <graphics name="MAOA, BRNRS, MAO-A..." fgcolor="#000000" bgcolor="#BFFFBF"
             type="rectangle" x="429" y="927" width="46" height="17"/>
    </entry>
    <entry id="280" name="hsa:6531" type="gene"
        link="http://www.kegg.jp/dbget-bin/www_bget?hsa:6531">
        <graphics name="SLC6A3, DAT, DAT1, PKDYS, PKDYS1" fgcolor="#000000" bgcolor="#BFFFBF"
             type="rectangle" x="527" y="987" width="46" height="17"/>
    </entry>
    <entry id="281" name="hsa:6531" type="gene"
        link="http://www.kegg.jp/dbget-bin/www_bget?hsa:6531">
        <graphics name="SLC6A3, DAT, DAT1, PKDYS, PKDYS1" fgcolor="#000000" bgcolor="#BFFFBF"
             type="rectangle" x="527" y="928" width="46" height="17"/>
    </entry>
    <entry id="282" name="hsa:6570 hsa:6571" type="gene"
        link="http://www.kegg.jp/dbget-bin/www_bget?hsa:6570+hsa:6571">
        <graphics name="SLC18A1, CGAT, VAT1, VMAT1..." fgcolor="#000000" bgcolor="#BFFFBF"
             type="rectangle" x="321" y="1035" width="46" height="17"/>
    </entry>
    <entry id="283" name="hsa:6570 hsa:6571" type="gene"
        link="http://www.kegg.jp/dbget-bin/www_bget?hsa:6570+hsa:6571">
        <graphics name="SLC18A1, CGAT, VAT1, VMAT1..." fgcolor="#000000" bgcolor="#BFFFBF"
             type="rectangle" x="412" y="1085" width="46" height="17"/>
    </entry>
    <entry id="287" name="hsa:6804" type="gene"
        link="http://www.kegg.jp/dbget-bin/www_bget?hsa:6804">
        <graphics name="STX1A, HPC-1, P35-1, STX1, SYN1A" fgcolor="#000000" bgcolor="#BFFFBF"
             type="rectangle" x="526" y="662" width="46" height="17"/>
    </entry>
    <entry id="288" name="hsa:5578 hsa:5579 hsa:5582" type="gene"
        link="http://www.kegg.jp/dbget-bin/www_bget?hsa:5578+hsa:5579+hsa:5582">
        <graphics name="PRKCA, AAG6, PKC-alpha, PKCA, PKCI+/-, PKCalpha, PRKACA..." fgcolor="#000000" bgcolor="#BFFFBF"
             type="rectangle" x="472" y="590" width="46" height="17"/>
    </entry>
    <entry id="289" name="hsa:815 hsa:816 hsa:817 hsa:818" type="gene"
        link="http://www.kegg.jp/dbget-bin/www_bget?hsa:815+hsa:816+hsa:817+hsa:818">
        <graphics name="CAMK2A, CAMKA, CaMKIINalpha, MRD53, MRT63..." fgcolor="#000000" bgcolor="#BFFFBF"
             type="rectangle" x="472" y="682" width="46" height="17"/>
    </entry>
    <entry id="293" name="dr:D07445" type="compound"
        link="http://www.kegg.jp/dbget-bin/www_bget?D07445">
        <graphics name="D07445" fgcolor="#000000" bgcolor="#FFFFFF"
             type="circle" x="492" y="718" width="8" height="8"/>
    </entry>
    <entry id="296" name="hsa:6804" type="gene"
        link="http://www.kegg.jp/dbget-bin/www_bget?hsa:6804">
        <graphics name="STX1A, HPC-1, P35-1, STX1, SYN1A" fgcolor="#000000" bgcolor="#BFFFBF"
             type="rectangle" x="527" y="1021" width="46" height="17"/>
    </entry>
    <entry id="297" name="hsa:5578 hsa:5579 hsa:5582" type="gene"
        link="http://www.kegg.jp/dbget-bin/www_bget?hsa:5578+hsa:5579+hsa:5582">
        <graphics name="PRKCA, AAG6, PKC-alpha, PKCA, PKCI+/-, PKCalpha, PRKACA..." fgcolor="#000000" bgcolor="#BFFFBF"
             type="rectangle" x="472" y="949" width="46" height="17"/>
    </entry>
    <entry id="298" name="hsa:815 hsa:816 hsa:817 hsa:818" type="gene"
        link="http://www.kegg.jp/dbget-bin/www_bget?hsa:815+hsa:816+hsa:817+hsa:818">
        <graphics name="CAMK2A, CAMKA, CaMKIINalpha, MRD53, MRT63..." fgcolor="#000000" bgcolor="#BFFFBF"
             type="rectangle" x="472" y="1041" width="46" height="17"/>
    </entry>
    <entry id="303" name="dr:D07445" type="compound"
        link="http://www.kegg.jp/dbget-bin/www_bget?D07445">
        <graphics name="D07445" fgcolor="#000000" bgcolor="#FFFFFF"
             type="circle" x="492" y="1077" width="8" height="8"/>
    </entry>
    <entry id="315" name="cpd:C00025" type="compound"
        link="http://www.kegg.jp/dbget-bin/www_bget?C00025">
        <graphics name="C00025" fgcolor="#000000" bgcolor="#FFFFFF"
             type="circle" x="577" y="886" width="8" height="8"/>
    </entry>
    <entry id="316" name="cpd:C03758" type="compound"
        link="http://www.kegg.jp/dbget-bin/www_bget?C03758">
        <graphics name="C03758" fgcolor="#000000" bgcolor="#FFFFFF"
             type="circle" x="577" y="989" width="8" height="8"/>
    </entry>
    <entry id="318" name="dr:D07445" type="compound"
        link="http://www.kegg.jp/dbget-bin/www_bget?D07445">
        <graphics name="D07445" fgcolor="#000000" bgcolor="#FFFFFF"
             type="circle" x="569" y="928" width="8" height="8"/>
    </entry>
    <entry id="321" name="dr:D07445" type="compound"
        link="http://www.kegg.jp/dbget-bin/www_bget?D07445">
        <graphics name="D07445" fgcolor="#000000" bgcolor="#FFFFFF"
             type="circle" x="238" y="1019" width="8" height="8"/>
    </entry>
    <entry id="332" name="cpd:C01330" type="compound"
        link="http://www.kegg.jp/dbget-bin/www_bget?C01330">
        <graphics name="C01330" fgcolor="#000000" bgcolor="#FFFFFF"
             type="circle" x="696" y="993" width="8" height="8"/>
    </entry>
    <entry id="333" name="cpd:C01330" type="compound"
        link="http://www.kegg.jp/dbget-bin/www_bget?C01330">
        <graphics name="C01330" fgcolor="#000000" bgcolor="#FFFFFF"
             type="circle" x="695" y="637" width="8" height="8"/>
    </entry>
    <entry id="336" name="hsa:5173" type="gene"
        link="http://www.kegg.jp/dbget-bin/www_bget?hsa:5173">
        <graphics name="PDYN, ADCA, PENKB, SCA23" fgcolor="#000000" bgcolor="#BFFFBF"
             type="rectangle" x="1058" y="643" width="46" height="17"/>
    </entry>
    <entry id="337" name="hsa:23237" type="gene"
        link="http://www.kegg.jp/dbget-bin/www_bget?hsa:23237">
        <graphics name="ARC, Arg3.1, hArc" fgcolor="#000000" bgcolor="#BFFFBF"
             type="rectangle" x="1110" y="643" width="46" height="17"/>
    </entry>
    <entry id="338" name="hsa:2353" type="gene"
        link="http://www.kegg.jp/dbget-bin/www_bget?hsa:2353">
        <graphics name="FOS, AP-1, C-FOS, p55" fgcolor="#000000" bgcolor="#BFFFBF"
             type="rectangle" x="1083" y="665" width="46" height="17"/>
    </entry>
    <entry id="339" name="hsa:2354" type="gene"
        link="http://www.kegg.jp/dbget-bin/www_bget?hsa:2354">
        <graphics name="FOSB, AP-1, G0S3, GOS3, GOSB" fgcolor="#000000" bgcolor="#BFFFBF"
             type="rectangle" x="1051" y="1009" width="46" height="17"/>
    </entry>
    <entry id="342" name="hsa:3065" type="gene"
        link="http://www.kegg.jp/dbget-bin/www_bget?hsa:3065">
        <graphics name="HDAC1, GON-10, HD1, KDAC1, RPD3, RPD3L1" fgcolor="#000000" bgcolor="#BFFFBF"
             type="rectangle" x="1025" y="1087" width="46" height="17"/>
    </entry>
    <entry id="344" name="hsa:2353" type="gene"
        link="http://www.kegg.jp/dbget-bin/www_bget?hsa:2353">
        <graphics name="FOS, AP-1, C-FOS, p55" fgcolor="#000000" bgcolor="#BFFFBF"
             type="rectangle" x="1148" y="1061" width="46" height="17"/>
    </entry>
    <entry id="353" name="dr:D07445" type="compound"
        link="http://www.kegg.jp/dbget-bin/www_bget?D07445">
        <graphics name="D07445" fgcolor="#000000" bgcolor="#FFFFFF"
             type="circle" x="409" y="655" width="8" height="8"/>
    </entry>
    <entry id="354" name="dr:D07445" type="compound"
        link="http://www.kegg.jp/dbget-bin/www_bget?D07445">
        <graphics name="D07445" fgcolor="#000000" bgcolor="#FFFFFF"
             type="circle" x="403" y="1014" width="8" height="8"/>
    </entry>
    <entry id="356" name="hsa:23411" type="gene"
        link="http://www.kegg.jp/dbget-bin/www_bget?hsa:23411">
        <graphics name="SIRT1, SIR2, SIR2L1, SIR2alpha" fgcolor="#000000" bgcolor="#BFFFBF"
             type="rectangle" x="980" y="1062" width="46" height="17"/>
    </entry>
    <entry id="358" name="dr:D07445" type="compound"
        link="http://www.kegg.jp/dbget-bin/www_bget?D07445">
        <graphics name="D07445" fgcolor="#000000" bgcolor="#FFFFFF"
             type="circle" x="153" y="659" width="8" height="8"/>
    </entry>
    <entry id="359" name="dr:D07445" type="compound"
        link="http://www.kegg.jp/dbget-bin/www_bget?D07445">
        <graphics name="D07445" fgcolor="#000000" bgcolor="#FFFFFF"
             type="circle" x="156" y="1015" width="8" height="8"/>
    </entry>
    <entry id="363" name="hsa:3725" type="gene"
        link="http://www.kegg.jp/dbget-bin/www_bget?hsa:3725">
        <graphics name="JUN, AP-1, AP1, c-Jun, p39" fgcolor="#000000" bgcolor="#BFFFBF"
             type="rectangle" x="1022" y="1036" width="46" height="17"/>
    </entry>
    <relation entry1="162" entry2="79" type="PCrel">
        <subtype name="activation" value="--&gt;"/>
    </relation>
    <relation entry1="358" entry2="110" type="PCrel">
        <subtype name="activation" value="--&gt;"/>
    </relation>
    <relation entry1="288" entry2="95" type="PPrel">
        <subtype name="activation" value="--&gt;"/>
    </relation>
    <relation entry1="293" entry2="289" type="PCrel">
        <subtype name="activation" value="--&gt;"/>
    </relation>
    <relation entry1="289" entry2="95" type="PPrel">
        <subtype name="activation" value="--&gt;"/>
    </relation>
    <relation entry1="209" entry2="82" type="PCrel">
        <subtype name="activation" value="--&gt;"/>
    </relation>
    <relation entry1="209" entry2="83" type="PCrel">
        <subtype name="activation" value="--&gt;"/>
    </relation>
    <relation entry1="178" entry2="179" type="PPrel">
        <subtype name="activation" value="--&gt;"/>
    </relation>
    <relation entry1="179" entry2="186" type="PPrel">
        <subtype name="activation" value="--&gt;"/>
    </relation>
    <relation entry1="163" entry2="84" type="PCrel">
        <subtype name="activation" value="--&gt;"/>
    </relation>
    <relation entry1="84" entry2="182" type="PPrel">
        <subtype name="activation" value="--&gt;"/>
    </relation>
    <relation entry1="182" entry2="183" type="PPrel">
        <subtype name="activation" value="--&gt;"/>
    </relation>
    <relation entry1="183" entry2="188" type="PCrel">
        <subtype name="activation" value="--&gt;"/>
    </relation>
    <relation entry1="188" entry2="181" type="PCrel">
        <subtype name="activation" value="--&gt;"/>
    </relation>
    <relation entry1="359" entry2="277" type="PCrel">
        <subtype name="activation" value="--&gt;"/>
    </relation>
    <relation entry1="297" entry2="280" type="PPrel">
        <subtype name="activation" value="--&gt;"/>
    </relation>
    <relation entry1="303" entry2="298" type="PCrel">
        <subtype name="activation" value="--&gt;"/>
    </relation>
    <relation entry1="298" entry2="280" type="PPrel">
        <subtype name="activation" value="--&gt;"/>
    </relation>
    <relation entry1="315" entry2="213" type="PCrel">
        <subtype name="activation" value="--&gt;"/>
    </relation>
    <relation entry1="315" entry2="214" type="PCrel">
        <subtype name="activation" value="--&gt;"/>
    </relation>
    <relation entry1="316" entry2="215" type="PCrel">
        <subtype name="activation" value="--&gt;"/>
    </relation>
    <relation entry1="215" entry2="233" type="PPrel">
        <subtype name="activation" value="--&gt;"/>
    </relation>
    <relation entry1="233" entry2="234" type="PPrel">
        <subtype name="activation" value="--&gt;"/>
    </relation>
    <relation entry1="234" entry2="247" type="PCrel">
        <subtype name="activation" value="--&gt;"/>
    </relation>
    <relation entry1="247" entry2="235" type="PCrel">
        <subtype name="activation" value="--&gt;"/>
    </relation>
    <relation entry1="220" entry2="221" type="PPrel">
        <subtype name="activation" value="--&gt;"/>
    </relation>
    <relation entry1="95" entry2="287" type="PPrel">
        <subtype name="binding/association" value="---"/>
    </relation>
    <relation entry1="280" entry2="296" type="PPrel">
        <subtype name="binding/association" value="---"/>
    </relation>
    <relation entry1="121" entry2="92" type="PCrel">
        <subtype name="inhibition" value="--|"/>
    </relation>
    <relation entry1="275" entry2="279" type="PCrel">
        <subtype name="inhibition" value="--|"/>
    </relation>
    <relation entry1="180" entry2="198" type="PPrel">
        <subtype name="inhibition" value="--|"/>
    </relation>
    <relation entry1="222" entry2="223" type="PPrel">
        <subtype name="inhibition" value="--|"/>
    </relation>
    <relation entry1="198" entry2="186" type="PPrel">
        <subtype name="inhibition" value="--|"/>
        <subtype name="dephosphorylation" value="-p"/>
    </relation>
    <relation entry1="223" entry2="224" type="PPrel">
        <subtype name="inhibition" value="--|"/>
        <subtype name="dephosphorylation" value="-p"/>
    </relation>
    <relation entry1="186" entry2="336" type="GErel">
        <subtype name="expression" value="--&gt;"/>
    </relation>
    <relation entry1="186" entry2="337" type="GErel">
        <subtype name="expression" value="--&gt;"/>
    </relation>
    <relation entry1="186" entry2="338" type="GErel">
        <subtype name="expression" value="--&gt;"/>
    </relation>
    <relation entry1="224" entry2="339" type="GErel">
        <subtype name="expression" value="--&gt;"/>
    </relation>
    <relation entry1="339" entry2="363" type="PPrel">
        <subtype name="binding/association" value="---"/>
    </relation>
    <relation entry1="339" entry2="344" type="GErel">
        <subtype name="repression" value="--|"/>
    </relation>
    <relation entry1="356" entry2="344" type="GErel">
        <subtype name="repression" value="--|"/>
    </relation>
    <relation entry1="342" entry2="344" type="GErel">
        <subtype name="repression" value="--|"/>
    </relation>
    <relation entry1="339" entry2="356" type="PPrel">
        <subtype name="binding/association" value="---"/>
    </relation>
    <relation entry1="339" entry2="342" type="PPrel">
        <subtype name="binding/association" value="---"/>
    </relation>
    <relation entry1="193" entry2="178" type="PCrel">
        <subtype name="binding/association" value="---"/>
    </relation>
    <relation entry1="218" entry2="220" type="PCrel">
        <subtype name="binding/association" value="---"/>
    </relation>
    <relation entry1="181" entry2="83" type="PPrel">
        <subtype name="activation" value="--&gt;"/>
        <subtype name="phosphorylation" value="+p"/>
    </relation>
    <relation entry1="181" entry2="82" type="PPrel">
        <subtype name="activation" value="--&gt;"/>
        <subtype name="phosphorylation" value="+p"/>
    </relation>
    <relation entry1="181" entry2="81" type="PPrel">
        <subtype name="activation" value="--&gt;"/>
        <subtype name="phosphorylation" value="+p"/>
    </relation>
    <relation entry1="235" entry2="213" type="PPrel">
        <subtype name="activation" value="--&gt;"/>
        <subtype name="phosphorylation" value="+p"/>
    </relation>
    <relation entry1="235" entry2="212" type="PPrel">
        <subtype name="activation" value="--&gt;"/>
        <subtype name="phosphorylation" value="+p"/>
    </relation>
</pathway>
