<?xml version="1.0"?>
<!DOCTYPE pathway SYSTEM "http://www.kegg.jp/kegg/xml/KGML_v0.7.2_.dtd">
<!-- Creation date: Feb 15, 2017 15:30:06 +0900 (GMT+9) -->
<pathway name="path:hsa04725" org="hsa" number="04725"
         title="Cholinergic synapse"
         image="http://www.kegg.jp/kegg/pathway/hsa/hsa04725.png"
         link="http://www.kegg.jp/kegg-bin/show_pathway?hsa04725">
    <entry id="17" name="path:hsa04975" type="map"
        link="http://www.kegg.jp/dbget-bin/www_bget?hsa04975">
        <graphics name="Fat digestion and absorption" fgcolor="#000000" bgcolor="#FFFFFF"
             type="roundrectangle" x="140" y="58" width="199" height="25"/>
    </entry>
    <entry id="24" name="hsa:1136 hsa:1137 hsa:1139 hsa:1141 hsa:1143 hsa:8973" type="gene"
        link="http://www.kegg.jp/dbget-bin/www_bget?hsa:1136+hsa:1137+hsa:1139+hsa:1141+hsa:1143+hsa:8973">
        <graphics name="CHRNA3, LNCR2, NACHRA3, PAOD2..." fgcolor="#000000" bgcolor="#BFFFBF"
             type="rectangle" x="781" y="668" width="46" height="17"/>
    </entry>
    <entry id="25" name="hsa:1128" type="gene"
        link="http://www.kegg.jp/dbget-bin/www_bget?hsa:1128">
        <graphics name="CHRM1, HM1, M1, M1R" fgcolor="#000000" bgcolor="#BFFFBF"
             type="rectangle" x="781" y="431" width="46" height="17"/>
    </entry>
    <entry id="26" name="hsa:1129" type="gene"
        link="http://www.kegg.jp/dbget-bin/www_bget?hsa:1129">
        <graphics name="CHRM2, HM2" fgcolor="#000000" bgcolor="#BFFFBF"
             type="rectangle" x="781" y="572" width="46" height="17"/>
    </entry>
    <entry id="27" name="hsa:1132" type="gene"
        link="http://www.kegg.jp/dbget-bin/www_bget?hsa:1132">
        <graphics name="CHRM4, HM4, M4R" fgcolor="#000000" bgcolor="#BFFFBF"
             type="rectangle" x="781" y="616" width="46" height="17"/>
    </entry>
    <entry id="28" name="hsa:43" type="gene"
        link="http://www.kegg.jp/dbget-bin/www_bget?hsa:43">
        <graphics name="ACHE, ACEE, ARACHE, N-ACHE, YT" fgcolor="#000000" bgcolor="#BFFFBF"
             type="rectangle" x="705" y="645" width="46" height="17"/>
    </entry>
    <entry id="32" name="hsa:6572" type="gene"
        link="http://www.kegg.jp/dbget-bin/www_bget?hsa:6572">
        <graphics name="SLC18A3, CMS21, VACHT" fgcolor="#000000" bgcolor="#BFFFBF"
             type="rectangle" x="292" y="455" width="46" height="17"/>
    </entry>
    <entry id="33" name="cpd:C00024" type="compound"
        link="http://www.kegg.jp/dbget-bin/www_bget?C00024">
        <graphics name="C00024" fgcolor="#000000" bgcolor="#FFFFFF"
             type="circle" x="199" y="624" width="8" height="8"/>
    </entry>
    <entry id="34" name="cpd:C01996" type="compound"
        link="http://www.kegg.jp/dbget-bin/www_bget?C01996">
        <graphics name="C01996" fgcolor="#000000" bgcolor="#FFFFFF"
             type="circle" x="244" y="453" width="8" height="8"/>
    </entry>
    <entry id="35" name="cpd:C01996" type="compound"
        link="http://www.kegg.jp/dbget-bin/www_bget?C01996">
        <graphics name="C01996" fgcolor="#000000" bgcolor="#FFFFFF"
             type="circle" x="469" y="385" width="8" height="8"/>
    </entry>
    <entry id="36" name="hsa:107 hsa:108 hsa:109 hsa:111 hsa:112 hsa:113 hsa:114 hsa:115 hsa:196883" type="gene"
        link="http://www.kegg.jp/dbget-bin/www_bget?hsa:107+hsa:108+hsa:109+hsa:111+hsa:112+hsa:113+hsa:114+hsa:115+hsa:196883">
        <graphics name="ADCY1, AC1, DFNB44..." fgcolor="#000000" bgcolor="#BFFFBF"
             type="rectangle" x="911" y="620" width="46" height="17"/>
    </entry>
    <entry id="37" name="hsa:5566 hsa:5567 hsa:5568" type="gene"
        link="http://www.kegg.jp/dbget-bin/www_bget?hsa:5566+hsa:5567+hsa:5568">
        <graphics name="PRKACA, PKACA, PPNAD4..." fgcolor="#000000" bgcolor="#BFFFBF"
             type="rectangle" x="1025" y="620" width="46" height="17"/>
    </entry>
    <entry id="38" name="hsa:2767 hsa:2776" type="gene"
        link="http://www.kegg.jp/dbget-bin/www_bget?hsa:2767+hsa:2776">
        <graphics name="GNA11, FBH, FBH2, FHH2, GNA-11, HHC2, HYPOC2..." fgcolor="#000000" bgcolor="#BFFFBF"
             type="rectangle" x="884" y="386" width="46" height="17"/>
    </entry>
    <entry id="39" name="hsa:23236 hsa:5330 hsa:5331 hsa:5332" type="gene"
        link="http://www.kegg.jp/dbget-bin/www_bget?hsa:23236+hsa:5330+hsa:5331+hsa:5332">
        <graphics name="PLCB1, EIEE12, PI-PLC, PLC-154, PLC-I, PLC-beta-1, PLC154, PLCB1A, PLCB1B..." fgcolor="#000000" bgcolor="#BFFFBF"
             type="rectangle" x="987" y="386" width="46" height="17"/>
    </entry>
    <entry id="40" name="cpd:C00575" type="compound"
        link="http://www.kegg.jp/dbget-bin/www_bget?C00575">
        <graphics name="C00575" fgcolor="#000000" bgcolor="#FFFFFF"
             type="circle" x="968" y="619" width="8" height="8"/>
    </entry>
    <entry id="45" name="cpd:C01245" type="compound"
        link="http://www.kegg.jp/dbget-bin/www_bget?C01245">
        <graphics name="C01245" fgcolor="#000000" bgcolor="#FFFFFF"
             type="circle" x="1057" y="373" width="8" height="8"/>
    </entry>
    <entry id="46" name="cpd:C00165" type="compound"
        link="http://www.kegg.jp/dbget-bin/www_bget?C00165">
        <graphics name="C00165" fgcolor="#000000" bgcolor="#FFFFFF"
             type="circle" x="1057" y="426" width="8" height="8"/>
    </entry>
    <entry id="49" name="hsa:3708 hsa:3709 hsa:3710" type="gene"
        link="http://www.kegg.jp/dbget-bin/www_bget?hsa:3708+hsa:3709+hsa:3710">
        <graphics name="ITPR1, ACV, CLA4, INSP3R1, IP3R, IP3R1, PPP1R94, SCA15, SCA16, SCA29..." fgcolor="#000000" bgcolor="#BFFFBF"
             type="rectangle" x="1119" y="347" width="46" height="17"/>
    </entry>
    <entry id="51" name="cpd:C00076" type="compound"
        link="http://www.kegg.jp/dbget-bin/www_bget?C00076">
        <graphics name="C00076" fgcolor="#000000" bgcolor="#FFFFFF"
             type="circle" x="1121" y="382" width="8" height="8"/>
    </entry>
    <entry id="52" name="hsa:5578 hsa:5579 hsa:5582" type="gene"
        link="http://www.kegg.jp/dbget-bin/www_bget?hsa:5578+hsa:5579+hsa:5582">
        <graphics name="PRKCA, AAG6, PKC-alpha, PKCA, PKCI+/-, PKCalpha, PRKACA..." fgcolor="#000000" bgcolor="#BFFFBF"
             type="rectangle" x="1121" y="428" width="46" height="17"/>
    </entry>
    <entry id="54" name="cpd:C01330 cpd:C00076" type="compound"
        link="http://www.kegg.jp/dbget-bin/www_bget?C01330+C00076">
        <graphics name="C01330..." fgcolor="#000000" bgcolor="#FFFFFF"
             type="circle" x="737" y="667" width="8" height="8"/>
    </entry>
    <entry id="56" name="hsa:1103" type="gene"
        link="http://www.kegg.jp/dbget-bin/www_bget?hsa:1103">
        <graphics name="CHAT, CHOACTASE, CMS1A, CMS1A2, CMS6" fgcolor="#000000" bgcolor="#BFFFBF"
             type="rectangle" x="193" y="549" width="46" height="17"/>
    </entry>
    <entry id="57" name="hsa:60482" type="gene"
        link="http://www.kegg.jp/dbget-bin/www_bget?hsa:60482">
        <graphics name="SLC5A7, CHT, CHT1, CMS20, HMN7A" fgcolor="#000000" bgcolor="#BFFFBF"
             type="rectangle" x="631" y="719" width="46" height="17"/>
    </entry>
    <entry id="58" name="cpd:C00114" type="compound"
        link="http://www.kegg.jp/dbget-bin/www_bget?C00114">
        <graphics name="C00114" fgcolor="#000000" bgcolor="#FFFFFF"
             type="circle" x="674" y="718" width="8" height="8"/>
    </entry>
    <entry id="65" name="hsa:773 hsa:774" type="gene"
        link="http://www.kegg.jp/dbget-bin/www_bget?hsa:773+hsa:774">
        <graphics name="CACNA1A, APCA, BI, CACNL1A4, CAV2.1, EA2, EIEE42, FHM, HPCA, MHP, MHP1, SCA6..." fgcolor="#000000" bgcolor="#BFFFBF"
             type="rectangle" x="631" y="392" width="46" height="17"/>
    </entry>
    <entry id="66" name="cpd:C00076" type="compound"
        link="http://www.kegg.jp/dbget-bin/www_bget?C00076">
        <graphics name="C00076" fgcolor="#000000" bgcolor="#FFFFFF"
             type="circle" x="675" y="391" width="8" height="8"/>
    </entry>
    <entry id="105" name="hsa:10681 hsa:2770 hsa:2771 hsa:2773 hsa:2775 hsa:2782 hsa:2783 hsa:2784 hsa:2785 hsa:2786 hsa:2787 hsa:2788 hsa:2790 hsa:2791 hsa:2792 hsa:2793 hsa:51764 hsa:54331 hsa:55970 hsa:59345 hsa:94235" type="gene"
        link="http://www.kegg.jp/dbget-bin/www_bget?hsa:10681+hsa:2770+hsa:2771+hsa:2773+hsa:2775+hsa:2782+hsa:2783+hsa:2784+hsa:2785+hsa:2786+hsa:2787+hsa:2788+hsa:2790+hsa:2791+hsa:2792+hsa:2793+hsa:51764+hsa:54331+hsa:55970+hsa:59345+hsa:94235">
        <graphics name="GNB5, GB5, IDDCA, LADCI..." fgcolor="#000000" bgcolor="#BFFFBF"
             type="rectangle" x="893" y="584" width="46" height="17"/>
    </entry>
    <entry id="107" name="cpd:C01996" type="compound"
        link="http://www.kegg.jp/dbget-bin/www_bget?C01996">
        <graphics name="C01996" fgcolor="#000000" bgcolor="#FFFFFF"
             type="circle" x="644" y="505" width="8" height="8"/>
    </entry>
    <entry id="108" name="hsa:1133" type="gene"
        link="http://www.kegg.jp/dbget-bin/www_bget?hsa:1133">
        <graphics name="CHRM5, HM5" fgcolor="#000000" bgcolor="#BFFFBF"
             type="rectangle" x="781" y="357" width="46" height="17"/>
    </entry>
    <entry id="109" name="hsa:1131" type="gene"
        link="http://www.kegg.jp/dbget-bin/www_bget?hsa:1131">
        <graphics name="CHRM3, EGBRS, HM3, PBS" fgcolor="#000000" bgcolor="#BFFFBF"
             type="rectangle" x="781" y="396" width="46" height="17"/>
    </entry>
    <entry id="114" name="cpd:C00114" type="compound"
        link="http://www.kegg.jp/dbget-bin/www_bget?C00114">
        <graphics name="C00114" fgcolor="#000000" bgcolor="#FFFFFF"
             type="circle" x="248" y="624" width="8" height="8"/>
    </entry>
    <entry id="115" name="hsa:1132" type="gene"
        link="http://www.kegg.jp/dbget-bin/www_bget?hsa:1132">
        <graphics name="CHRM4, HM4, M4R" fgcolor="#000000" bgcolor="#BFFFBF"
             type="rectangle" x="560" y="244" width="46" height="17"/>
    </entry>
    <entry id="117" name="cpd:C00033" type="compound"
        link="http://www.kegg.jp/dbget-bin/www_bget?C00033">
        <graphics name="C00033" fgcolor="#000000" bgcolor="#FFFFFF"
             type="circle" x="716" y="719" width="8" height="8"/>
    </entry>
    <entry id="118" name="cpd:C00010" type="compound"
        link="http://www.kegg.jp/dbget-bin/www_bget?C00010">
        <graphics name="C00010" fgcolor="#000000" bgcolor="#FFFFFF"
             type="circle" x="197" y="452" width="8" height="8"/>
    </entry>
    <entry id="122" name="cpd:C00114" type="compound"
        link="http://www.kegg.jp/dbget-bin/www_bget?C00114">
        <graphics name="C00114" fgcolor="#000000" bgcolor="#FFFFFF"
             type="circle" x="299" y="559" width="8" height="8"/>
    </entry>
    <entry id="123" name="cpd:C00033" type="compound"
        link="http://www.kegg.jp/dbget-bin/www_bget?C00033">
        <graphics name="C00033" fgcolor="#000000" bgcolor="#FFFFFF"
             type="circle" x="349" y="558" width="8" height="8"/>
    </entry>
    <entry id="124" name="hsa:43" type="gene"
        link="http://www.kegg.jp/dbget-bin/www_bget?hsa:43">
        <graphics name="ACHE, ACEE, ARACHE, N-ACHE, YT" fgcolor="#000000" bgcolor="#BFFFBF"
             type="rectangle" x="261" y="526" width="46" height="17"/>
    </entry>
    <entry id="125" name="hsa:3759 hsa:3761 hsa:3768 hsa:3770 hsa:3784 hsa:3785 hsa:3786 hsa:56479 hsa:9132" type="gene"
        link="http://www.kegg.jp/dbget-bin/www_bget?hsa:3759+hsa:3761+hsa:3768+hsa:3770+hsa:3784+hsa:3785+hsa:3786+hsa:56479+hsa:9132">
        <graphics name="KCNJ2, ATFB9, HHBIRK1, HHIRK1, IRK1, KIR2.1, LQT7, SQT3..." fgcolor="#000000" bgcolor="#BFFFBF"
             type="rectangle" x="781" y="476" width="46" height="17"/>
    </entry>
    <entry id="126" name="cpd:C00238" type="compound"
        link="http://www.kegg.jp/dbget-bin/www_bget?C00238">
        <graphics name="C00238" fgcolor="#000000" bgcolor="#FFFFFF"
             type="circle" x="828" y="475" width="8" height="8"/>
    </entry>
    <entry id="128" name="path:hsa00564" type="map"
        link="http://www.kegg.jp/dbget-bin/www_bget?hsa00564">
        <graphics name="Glycerophospholipid metabolism" fgcolor="#000000" bgcolor="#FFFFFF"
             type="roundrectangle" x="353" y="626" width="123" height="34"/>
    </entry>
    <entry id="129" name="path:hsa04721" type="map"
        link="http://www.kegg.jp/dbget-bin/www_bget?hsa04721">
        <graphics name="Synaptic vesicle cycle" fgcolor="#000000" bgcolor="#FFFFFF"
             type="roundrectangle" x="462" y="489" width="123" height="34"/>
    </entry>
    <entry id="134" name="hsa:5594 hsa:5595" type="gene"
        link="http://www.kegg.jp/dbget-bin/www_bget?hsa:5594+hsa:5595">
        <graphics name="MAPK1, ERK, ERK-2, ERK2, ERT1, MAPK2, P42MAPK, PRKM1, PRKM2, p38, p40, p41, p41mapk, p42-MAPK..." fgcolor="#000000" bgcolor="#BFFFBF"
             type="rectangle" x="1107" y="620" width="46" height="17"/>
    </entry>
    <entry id="135" name="hsa:10488 hsa:1385 hsa:148327 hsa:468 hsa:64764 hsa:84699 hsa:90993 hsa:9586" type="gene"
        link="http://www.kegg.jp/dbget-bin/www_bget?hsa:10488+hsa:1385+hsa:148327+hsa:468+hsa:64764+hsa:84699+hsa:90993+hsa:9586">
        <graphics name="CREB3, LUMAN, LZIP, sLZIP..." fgcolor="#000000" bgcolor="#BFFFBF"
             type="rectangle" x="1189" y="620" width="46" height="17"/>
    </entry>
    <entry id="137" name="hsa:814 hsa:815 hsa:816 hsa:817 hsa:818" type="gene"
        link="http://www.kegg.jp/dbget-bin/www_bget?hsa:814+hsa:815+hsa:816+hsa:817+hsa:818">
        <graphics name="CAMK4, CaMK_IV, CaMK-GR, CaMKIV, caMK..." fgcolor="#000000" bgcolor="#BFFFBF"
             type="rectangle" x="1013" y="651" width="46" height="17"/>
    </entry>
    <entry id="142" name="hsa:10681 hsa:2770 hsa:2771 hsa:2773 hsa:2775 hsa:2782 hsa:2783 hsa:2784 hsa:2785 hsa:2786 hsa:2787 hsa:2788 hsa:2790 hsa:2791 hsa:2792 hsa:2793 hsa:51764 hsa:54331 hsa:55970 hsa:59345 hsa:94235" type="gene"
        link="http://www.kegg.jp/dbget-bin/www_bget?hsa:10681+hsa:2770+hsa:2771+hsa:2773+hsa:2775+hsa:2782+hsa:2783+hsa:2784+hsa:2785+hsa:2786+hsa:2787+hsa:2788+hsa:2790+hsa:2791+hsa:2792+hsa:2793+hsa:51764+hsa:54331+hsa:55970+hsa:59345+hsa:94235">
        <graphics name="GNB5, GB5, IDDCA, LADCI..." fgcolor="#000000" bgcolor="#BFFFBF"
             type="rectangle" x="561" y="322" width="46" height="17"/>
    </entry>
    <entry id="147" name="hsa:1129" type="gene"
        link="http://www.kegg.jp/dbget-bin/www_bget?hsa:1129">
        <graphics name="CHRM2, HM2" fgcolor="#000000" bgcolor="#BFFFBF"
             type="rectangle" x="506" y="244" width="46" height="17"/>
    </entry>
    <entry id="149" name="path:hsa04020" type="map"
        link="http://www.kegg.jp/dbget-bin/www_bget?hsa04020">
        <graphics name="Calcium signaling pathway" fgcolor="#000000" bgcolor="#FFFFFF"
             type="roundrectangle" x="956" y="340" width="123" height="34"/>
    </entry>
    <entry id="150" name="hsa:5290 hsa:5291 hsa:5293 hsa:5295 hsa:5296 hsa:8503" type="gene"
        link="http://www.kegg.jp/dbget-bin/www_bget?hsa:5290+hsa:5291+hsa:5293+hsa:5295+hsa:5296+hsa:8503">
        <graphics name="PIK3CA, CLAPO, CLOVE, CWS5, MCAP, MCM, MCMTC, PI3K, PI3K-alpha, p110-alpha..." fgcolor="#000000" bgcolor="#BFFFBF"
             type="rectangle" x="919" y="745" width="46" height="17"/>
    </entry>
    <entry id="151" name="hsa:10000 hsa:207 hsa:208" type="gene"
        link="http://www.kegg.jp/dbget-bin/www_bget?hsa:10000+hsa:207+hsa:208">
        <graphics name="AKT3, MPPH, MPPH2, PKB-GAMMA, PKBG, PRKBG, RAC-PK-gamma, RAC-gamma, STK-2..." fgcolor="#000000" bgcolor="#BFFFBF"
             type="rectangle" x="995" y="745" width="46" height="17"/>
    </entry>
    <entry id="152" name="hsa:596" type="gene"
        link="http://www.kegg.jp/dbget-bin/www_bget?hsa:596">
        <graphics name="BCL2, Bcl-2, PPP1R50" fgcolor="#000000" bgcolor="#BFFFBF"
             type="rectangle" x="1070" y="745" width="46" height="17"/>
    </entry>
    <entry id="159" name="hsa:775 hsa:776 hsa:778 hsa:779" type="gene"
        link="http://www.kegg.jp/dbget-bin/www_bget?hsa:775+hsa:776+hsa:778+hsa:779">
        <graphics name="CACNA1C, CACH2, CACN2, CACNL1A1, CCHL1A1, CaV1.2, LQT8, TS, TS._LQT8..." fgcolor="#000000" bgcolor="#BFFFBF"
             type="rectangle" x="781" y="752" width="46" height="17"/>
    </entry>
    <entry id="160" name="cpd:C00076" type="compound"
        link="http://www.kegg.jp/dbget-bin/www_bget?C00076">
        <graphics name="C00076" fgcolor="#000000" bgcolor="#FFFFFF"
             type="circle" x="735" y="753" width="8" height="8"/>
    </entry>
    <entry id="162" name="hsa:1139" type="gene"
        link="http://www.kegg.jp/dbget-bin/www_bget?hsa:1139">
        <graphics name="CHRNA7, CHRNA7-2, NACHRA7" fgcolor="#000000" bgcolor="#BFFFBF"
             type="rectangle" x="697" y="156" width="46" height="17"/>
    </entry>
    <entry id="164" name="hsa:1128 hsa:1131 hsa:1133" type="gene"
        link="http://www.kegg.jp/dbget-bin/www_bget?hsa:1128+hsa:1131+hsa:1133">
        <graphics name="CHRM1, HM1, M1, M1R..." fgcolor="#000000" bgcolor="#BFFFBF"
             type="rectangle" x="756" y="156" width="46" height="17"/>
    </entry>
    <entry id="167" name="cpd:C00076" type="compound"
        link="http://www.kegg.jp/dbget-bin/www_bget?C00076">
        <graphics name="C00076" fgcolor="#000000" bgcolor="#FFFFFF"
             type="circle" x="927" y="83" width="8" height="8"/>
    </entry>
    <entry id="168" name="cpd:C00076" type="compound"
        link="http://www.kegg.jp/dbget-bin/www_bget?C00076">
        <graphics name="C00076" fgcolor="#000000" bgcolor="#FFFFFF"
             type="circle" x="698" y="203" width="8" height="8"/>
    </entry>
    <entry id="175" name="hsa:146850 hsa:23533 hsa:5294" type="gene"
        link="http://www.kegg.jp/dbget-bin/www_bget?hsa:146850+hsa:23533+hsa:5294">
        <graphics name="PIK3R6, C17orf38, HsT41028, p84_PIKAP, p87(PIKAP), p87PIKAP..." fgcolor="#000000" bgcolor="#BFFFBF"
             type="rectangle" x="975" y="564" width="46" height="17"/>
    </entry>
    <entry id="176" name="hsa:3265 hsa:3845 hsa:4893" type="gene"
        link="http://www.kegg.jp/dbget-bin/www_bget?hsa:3265+hsa:3845+hsa:4893">
        <graphics name="HRAS, C-BAS/HAS, C-H-RAS, C-HA-RAS1, CTLO, H-RASIDX, HAMSV, HRAS1, KRAS, KRAS2, Ki-Ras, RASH1, RASK2, c-K-ras, c-Ki-ras, p21ras..." fgcolor="#000000" bgcolor="#BFFFBF"
             type="rectangle" x="1050" y="564" width="46" height="17"/>
    </entry>
    <entry id="177" name="hsa:5604" type="gene"
        link="http://www.kegg.jp/dbget-bin/www_bget?hsa:5604">
        <graphics name="MAP2K1, CFC3, MAPKK1, MEK1, MKK1, PRKMK1" fgcolor="#000000" bgcolor="#BFFFBF"
             type="rectangle" x="1119" y="564" width="46" height="17"/>
    </entry>
    <entry id="178" name="hsa:5594 hsa:5595" type="gene"
        link="http://www.kegg.jp/dbget-bin/www_bget?hsa:5594+hsa:5595">
        <graphics name="MAPK1, ERK, ERK-2, ERK2, ERT1, MAPK2, P42MAPK, PRKM1, PRKM2, p38, p40, p41, p41mapk, p42-MAPK..." fgcolor="#000000" bgcolor="#BFFFBF"
             type="rectangle" x="1192" y="564" width="46" height="17"/>
    </entry>
    <entry id="179" name="hsa:2353" type="gene"
        link="http://www.kegg.jp/dbget-bin/www_bget?hsa:2353">
        <graphics name="FOS, AP-1, C-FOS, p55" fgcolor="#000000" bgcolor="#BFFFBF"
             type="rectangle" x="1265" y="564" width="46" height="17"/>
    </entry>
    <entry id="189" name="hsa:3717" type="gene"
        link="http://www.kegg.jp/dbget-bin/www_bget?hsa:3717">
        <graphics name="JAK2, JTK10, THCYT3" fgcolor="#000000" bgcolor="#BFFFBF"
             type="rectangle" x="853" y="718" width="46" height="17"/>
    </entry>
    <entry id="193" name="hsa:2534" type="gene"
        link="http://www.kegg.jp/dbget-bin/www_bget?hsa:2534">
        <graphics name="FYN, SLK, SYN, p59-FYN" fgcolor="#000000" bgcolor="#BFFFBF"
             type="rectangle" x="908" y="709" width="46" height="17"/>
    </entry>
    <entry id="195" name="hsa:3760 hsa:3763" type="gene"
        link="http://www.kegg.jp/dbget-bin/www_bget?hsa:3760+hsa:3763">
        <graphics name="KCNJ3, GIRK1, KGA, KIR3.1..." fgcolor="#000000" bgcolor="#BFFFBF"
             type="rectangle" x="781" y="517" width="46" height="17"/>
    </entry>
    <entry id="196" name="cpd:C00238" type="compound"
        link="http://www.kegg.jp/dbget-bin/www_bget?C00238">
        <graphics name="C00238" fgcolor="#000000" bgcolor="#FFFFFF"
             type="circle" x="828" y="518" width="8" height="8"/>
    </entry>
    <entry id="197" name="cpd:C04637" type="compound"
        link="http://www.kegg.jp/dbget-bin/www_bget?C04637">
        <graphics name="C04637" fgcolor="#000000" bgcolor="#FFFFFF"
             type="circle" x="947" y="402" width="8" height="8"/>
    </entry>
    <entry id="198" name="path:hsa04010" type="map"
        link="http://www.kegg.jp/dbget-bin/www_bget?hsa04010">
        <graphics name="MAPK signaling pathway" fgcolor="#000000" bgcolor="#FFFFFF"
             type="roundrectangle" x="1188" y="523" width="110" height="34"/>
    </entry>
    <relation entry1="107" entry2="147" type="PCrel">
        <subtype name="activation" value="--&gt;"/>
    </relation>
    <relation entry1="107" entry2="115" type="PCrel">
        <subtype name="activation" value="--&gt;"/>
    </relation>
    <relation entry1="147" entry2="142" type="PPrel">
        <subtype name="activation" value="--&gt;"/>
    </relation>
    <relation entry1="115" entry2="142" type="PPrel">
        <subtype name="activation" value="--&gt;"/>
    </relation>
    <relation entry1="107" entry2="162" type="PCrel">
        <subtype name="activation" value="--&gt;"/>
    </relation>
    <relation entry1="107" entry2="164" type="PCrel">
        <subtype name="activation" value="--&gt;"/>
    </relation>
    <relation entry1="107" entry2="108" type="PCrel">
        <subtype name="activation" value="--&gt;"/>
    </relation>
    <relation entry1="107" entry2="109" type="PCrel">
        <subtype name="activation" value="--&gt;"/>
    </relation>
    <relation entry1="107" entry2="25" type="PCrel">
        <subtype name="activation" value="--&gt;"/>
    </relation>
    <relation entry1="107" entry2="26" type="PCrel">
        <subtype name="activation" value="--&gt;"/>
    </relation>
    <relation entry1="107" entry2="27" type="PCrel">
        <subtype name="activation" value="--&gt;"/>
    </relation>
    <relation entry1="107" entry2="24" type="PCrel">
        <subtype name="activation" value="--&gt;"/>
    </relation>
    <relation entry1="108" entry2="38" type="PPrel">
        <subtype name="activation" value="--&gt;"/>
    </relation>
    <relation entry1="109" entry2="38" type="PPrel">
        <subtype name="activation" value="--&gt;"/>
    </relation>
    <relation entry1="25" entry2="38" type="PPrel">
        <subtype name="activation" value="--&gt;"/>
    </relation>
    <relation entry1="38" entry2="39" type="PPrel">
        <subtype name="activation" value="--&gt;"/>
    </relation>
    <relation entry1="39" entry2="45" type="PCrel">
        <subtype name="activation" value="--&gt;"/>
    </relation>
    <relation entry1="39" entry2="46" type="PCrel">
        <subtype name="activation" value="--&gt;"/>
    </relation>
    <relation entry1="45" entry2="49" type="PCrel">
        <subtype name="activation" value="--&gt;"/>
    </relation>
    <relation entry1="51" entry2="52" type="PCrel">
        <subtype name="activation" value="--&gt;"/>
    </relation>
    <relation entry1="46" entry2="52" type="PCrel">
        <subtype name="activation" value="--&gt;"/>
    </relation>
    <relation entry1="26" entry2="105" type="PPrel">
        <subtype name="activation" value="--&gt;"/>
    </relation>
    <relation entry1="27" entry2="105" type="PPrel">
        <subtype name="activation" value="--&gt;"/>
    </relation>
    <relation entry1="105" entry2="195" type="PPrel">
        <subtype name="activation" value="--&gt;"/>
    </relation>
    <relation entry1="105" entry2="175" type="PPrel">
        <subtype name="activation" value="--&gt;"/>
    </relation>
    <relation entry1="178" entry2="179" type="PPrel">
        <subtype name="activation" value="--&gt;"/>
    </relation>
    <relation entry1="36" entry2="40" type="PCrel">
        <subtype name="activation" value="--&gt;"/>
    </relation>
    <relation entry1="40" entry2="37" type="PCrel">
        <subtype name="activation" value="--&gt;"/>
    </relation>
    <relation entry1="37" entry2="54" type="PCrel">
        <subtype name="activation" value="--&gt;"/>
    </relation>
    <relation entry1="37" entry2="36" type="PPrel">
        <subtype name="activation" value="--&gt;"/>
    </relation>
    <relation entry1="54" entry2="137" type="PCrel">
        <subtype name="activation" value="--&gt;"/>
    </relation>
    <relation entry1="54" entry2="193" type="PCrel">
        <subtype name="activation" value="--&gt;"/>
    </relation>
    <relation entry1="193" entry2="150" type="PPrel">
        <subtype name="activation" value="--&gt;"/>
    </relation>
    <relation entry1="24" entry2="189" type="PPrel">
        <subtype name="activation" value="--&gt;"/>
    </relation>
    <relation entry1="189" entry2="150" type="PPrel">
        <subtype name="activation" value="--&gt;"/>
    </relation>
    <relation entry1="151" entry2="152" type="PPrel">
        <subtype name="activation" value="--&gt;"/>
    </relation>
    <relation entry1="37" entry2="134" type="PPrel">
        <subtype name="activation" value="--&gt;"/>
        <subtype name="indirect effect" value="..&gt;"/>
    </relation>
    <relation entry1="134" entry2="135" type="PPrel">
        <subtype name="activation" value="--&gt;"/>
        <subtype name="indirect effect" value="..&gt;"/>
    </relation>
    <relation entry1="142" entry2="65" type="PPrel">
        <subtype name="inhibition" value="--|"/>
    </relation>
    <relation entry1="105" entry2="36" type="PPrel">
        <subtype name="inhibition" value="--|"/>
    </relation>
    <relation entry1="137" entry2="134" type="PPrel">
        <subtype name="activation" value="--&gt;"/>
        <subtype name="indirect effect" value="..&gt;"/>
    </relation>
    <relation entry1="150" entry2="151" type="PPrel">
        <subtype name="activation" value="--&gt;"/>
        <subtype name="phosphorylation" value="+p"/>
    </relation>
    <relation entry1="175" entry2="176" type="PPrel">
        <subtype name="activation" value="--&gt;"/>
        <subtype name="indirect effect" value="..&gt;"/>
    </relation>
    <relation entry1="176" entry2="177" type="PPrel">
        <subtype name="activation" value="--&gt;"/>
        <subtype name="indirect effect" value="..&gt;"/>
    </relation>
    <relation entry1="177" entry2="178" type="PPrel">
        <subtype name="activation" value="--&gt;"/>
        <subtype name="phosphorylation" value="+p"/>
    </relation>
</pathway>
