<?xml version="1.0"?>
<!DOCTYPE pathway SYSTEM "http://www.kegg.jp/kegg/xml/KGML_v0.7.2_.dtd">
<!-- Creation date: Nov 30, 2010 16:57:14 +0900 (JST) -->
<pathway name="path:hsa03060" org="hsa" number="03060"
         title="Protein export"
         image="http://www.kegg.jp/kegg/pathway/hsa/hsa03060.png"
         link="http://www.kegg.jp/kegg-bin/show_pathway?hsa03060">
    <entry id="5" name="ko:K03425" type="ortholog"
        link="http://www.kegg.jp/dbget-bin/www_bget?K03425">
        <graphics name="K03425" fgcolor="#000000" bgcolor="#FFFFFF"
             type="rectangle" x="105" y="429" width="46" height="17"/>
    </entry>
    <entry id="6" name="ko:K01983" type="ortholog"
        link="http://www.kegg.jp/dbget-bin/www_bget?K01983">
        <graphics name="K01983" fgcolor="#000000" bgcolor="#FFFFFF"
             type="rectangle" x="154" y="257" width="46" height="17"/>
    </entry>
    <entry id="7" name="hsa:5018" type="gene"
        link="http://www.kegg.jp/dbget-bin/www_bget?hsa:5018">
        <graphics name="OXA1L, OXA1" fgcolor="#000000" bgcolor="#BFFFBF"
             type="rectangle" x="105" y="196" width="46" height="17"/>
    </entry>
    <entry id="8" name="ko:K03117" type="ortholog"
        link="http://www.kegg.jp/dbget-bin/www_bget?K03117">
        <graphics name="K03117" fgcolor="#000000" bgcolor="#FFFFFF"
             type="rectangle" x="150" y="412" width="46" height="17"/>
    </entry>
    <entry id="9" name="ko:K03118" type="ortholog"
        link="http://www.kegg.jp/dbget-bin/www_bget?K03118">
        <graphics name="K03118" fgcolor="#000000" bgcolor="#FFFFFF"
             type="rectangle" x="195" y="412" width="46" height="17"/>
    </entry>
    <entry id="10" name="ko:K03116" type="ortholog"
        link="http://www.kegg.jp/dbget-bin/www_bget?K03116">
        <graphics name="K03116" fgcolor="#000000" bgcolor="#FFFFFF"
             type="rectangle" x="105" y="412" width="46" height="17"/>
    </entry>
    <entry id="11" name="ko:K03070" type="ortholog"
        link="http://www.kegg.jp/dbget-bin/www_bget?K03070">
        <graphics name="K03070" fgcolor="#000000" bgcolor="#FFFFFF"
             type="rectangle" x="105" y="217" width="46" height="17"/>
    </entry>
    <entry id="12" name="ko:K03076" type="ortholog"
        link="http://www.kegg.jp/dbget-bin/www_bget?K03076">
        <graphics name="K03076" fgcolor="#000000" bgcolor="#FFFFFF"
             type="rectangle" x="105" y="154" width="46" height="17"/>
    </entry>
    <entry id="13" name="ko:K03073" type="ortholog"
        link="http://www.kegg.jp/dbget-bin/www_bget?K03073">
        <graphics name="K03073" fgcolor="#000000" bgcolor="#FFFFFF"
             type="rectangle" x="151" y="154" width="46" height="17"/>
    </entry>
    <entry id="14" name="ko:K03075" type="ortholog"
        link="http://www.kegg.jp/dbget-bin/www_bget?K03075">
        <graphics name="K03075" fgcolor="#000000" bgcolor="#FFFFFF"
             type="rectangle" x="197" y="154" width="46" height="17"/>
    </entry>
    <entry id="15" name="ko:K03072 ko:K03074 ko:K12257" type="ortholog"
        link="http://www.kegg.jp/dbget-bin/www_bget?K03072+K03074+K12257">
        <graphics name="K03072..." fgcolor="#000000" bgcolor="#FFFFFF"
             type="rectangle" x="105" y="175" width="46" height="17"/>
    </entry>
    <entry id="16" name="ko:K03210" type="ortholog"
        link="http://www.kegg.jp/dbget-bin/www_bget?K03210">
        <graphics name="K03210" fgcolor="#000000" bgcolor="#FFFFFF"
             type="rectangle" x="151" y="175" width="46" height="17"/>
    </entry>
    <entry id="17" name="ko:K03100" type="ortholog"
        link="http://www.kegg.jp/dbget-bin/www_bget?K03100">
        <graphics name="K03100" fgcolor="#000000" bgcolor="#FFFFFF"
             type="rectangle" x="103" y="513" width="46" height="17"/>
    </entry>
    <entry id="18" name="ko:K03101" type="ortholog"
        link="http://www.kegg.jp/dbget-bin/www_bget?K03101">
        <graphics name="K03101" fgcolor="#000000" bgcolor="#FFFFFF"
             type="rectangle" x="155" y="513" width="46" height="17"/>
    </entry>
    <entry id="19" name="hsa:6727" type="gene"
        link="http://www.kegg.jp/dbget-bin/www_bget?hsa:6727">
        <graphics name="SRP14, ALURBP" fgcolor="#000000" bgcolor="#BFFFBF"
             type="rectangle" x="297" y="274" width="46" height="17"/>
    </entry>
    <entry id="20" name="hsa:6731" type="gene"
        link="http://www.kegg.jp/dbget-bin/www_bget?hsa:6731">
        <graphics name="SRP72, BMFF, BMFS1, HEL103" fgcolor="#000000" bgcolor="#BFFFBF"
             type="rectangle" x="346" y="257" width="46" height="17"/>
    </entry>
    <entry id="21" name="hsa:6730" type="gene"
        link="http://www.kegg.jp/dbget-bin/www_bget?hsa:6730">
        <graphics name="SRP68" fgcolor="#000000" bgcolor="#BFFFBF"
             type="rectangle" x="346" y="274" width="46" height="17"/>
    </entry>
    <entry id="22" name="hsa:6729" type="gene"
        link="http://www.kegg.jp/dbget-bin/www_bget?hsa:6729">
        <graphics name="SRP54" fgcolor="#000000" bgcolor="#BFFFBF"
             type="rectangle" x="395" y="274" width="46" height="17"/>
    </entry>
    <entry id="23" name="hsa:6728" type="gene"
        link="http://www.kegg.jp/dbget-bin/www_bget?hsa:6728">
        <graphics name="SRP19" fgcolor="#000000" bgcolor="#BFFFBF"
             type="rectangle" x="395" y="257" width="46" height="17"/>
    </entry>
    <entry id="24" name="hsa:6734" type="gene"
        link="http://www.kegg.jp/dbget-bin/www_bget?hsa:6734">
        <graphics name="SRPRA, DP, SRPR, Sralpha" fgcolor="#000000" bgcolor="#BFFFBF"
             type="rectangle" x="297" y="305" width="46" height="17"/>
    </entry>
    <entry id="25" name="hsa:6726" type="gene"
        link="http://www.kegg.jp/dbget-bin/www_bget?hsa:6726">
        <graphics name="SRP9, ALURBP" fgcolor="#000000" bgcolor="#BFFFBF"
             type="rectangle" x="297" y="257" width="46" height="17"/>
    </entry>
    <entry id="26" name="ko:K03071" type="ortholog"
        link="http://www.kegg.jp/dbget-bin/www_bget?K03071">
        <graphics name="K03071" fgcolor="#000000" bgcolor="#FFFFFF"
             type="rectangle" x="154" y="217" width="46" height="17"/>
    </entry>
    <entry id="27" name="path:hsa03060" type="map"
        link="http://www.kegg.jp/dbget-bin/www_bget?hsa03060">
        <graphics name="TITLE:Protein export" fgcolor="#000000" bgcolor="#FFFFFF"
             type="roundrectangle" x="108" y="58" width="136" height="25"/>
    </entry>
    <entry id="29" name="hsa:6729" type="gene"
        link="http://www.kegg.jp/dbget-bin/www_bget?hsa:6729">
        <graphics name="SRP54" fgcolor="#000000" bgcolor="#BFFFBF"
             type="rectangle" x="105" y="257" width="46" height="17"/>
    </entry>
    <entry id="30" name="ko:K03110" type="ortholog"
        link="http://www.kegg.jp/dbget-bin/www_bget?K03110">
        <graphics name="K03110" fgcolor="#000000" bgcolor="#FFFFFF"
             type="rectangle" x="105" y="305" width="46" height="17"/>
    </entry>
    <entry id="31" name="hsa:7095" type="gene"
        link="http://www.kegg.jp/dbget-bin/www_bget?hsa:7095">
        <graphics name="SEC62, Dtrp1, HTP1, TLOC1, TP-1" fgcolor="#000000" bgcolor="#BFFFBF"
             type="rectangle" x="297" y="181" width="46" height="17"/>
    </entry>
    <entry id="32" name="hsa:11231" type="gene"
        link="http://www.kegg.jp/dbget-bin/www_bget?hsa:11231">
        <graphics name="SEC63, DNAJC23, ERdj2, PCLD2, PRO2507, SEC63L" fgcolor="#000000" bgcolor="#BFFFBF"
             type="rectangle" x="343" y="181" width="46" height="17"/>
    </entry>
    <entry id="33" name="hsa:28972" type="gene"
        link="http://www.kegg.jp/dbget-bin/www_bget?hsa:28972">
        <graphics name="SPCS1, HSPC033, SPC1, SPC12, YJR010C-A" fgcolor="#000000" bgcolor="#BFFFBF"
             type="rectangle" x="295" y="513" width="46" height="17"/>
    </entry>
    <entry id="34" name="hsa:9789" type="gene"
        link="http://www.kegg.jp/dbget-bin/www_bget?hsa:9789">
        <graphics name="SPCS2" fgcolor="#000000" bgcolor="#BFFFBF"
             type="rectangle" x="340" y="513" width="46" height="17"/>
    </entry>
    <entry id="35" name="hsa:29927 hsa:55176" type="gene"
        link="http://www.kegg.jp/dbget-bin/www_bget?hsa:29927+hsa:55176">
        <graphics name="SEC61A1, HNFJ4, HSEC61, SEC61, SEC61A..." fgcolor="#000000" bgcolor="#BFFFBF"
             type="rectangle" x="297" y="154" width="46" height="17"/>
    </entry>
    <entry id="36" name="hsa:60559" type="gene"
        link="http://www.kegg.jp/dbget-bin/www_bget?hsa:60559">
        <graphics name="SPCS3, PRO3567, SPC22/23, SPC3, YLR066W" fgcolor="#000000" bgcolor="#BFFFBF"
             type="rectangle" x="386" y="513" width="46" height="17"/>
    </entry>
    <entry id="37" name="hsa:23478 hsa:90701" type="gene"
        link="http://www.kegg.jp/dbget-bin/www_bget?hsa:23478+hsa:90701">
        <graphics name="SEC11A, 1810012E07Rik, SEC11L1, SPC18, SPCS4A, sid2895..." fgcolor="#000000" bgcolor="#BFFFBF"
             type="rectangle" x="432" y="513" width="46" height="17"/>
    </entry>
    <entry id="38" name="hsa:196294" type="gene"
        link="http://www.kegg.jp/dbget-bin/www_bget?hsa:196294">
        <graphics name="IMMP1L, IMMP1, IMP1, IMP1-LIKE" fgcolor="#000000" bgcolor="#BFFFBF"
             type="rectangle" x="295" y="535" width="46" height="17"/>
    </entry>
    <entry id="39" name="hsa:83943" type="gene"
        link="http://www.kegg.jp/dbget-bin/www_bget?hsa:83943">
        <graphics name="IMMP2L, IMMP2L-IT1, IMP2, IMP2-LIKE" fgcolor="#000000" bgcolor="#BFFFBF"
             type="rectangle" x="341" y="535" width="46" height="17"/>
    </entry>
    <entry id="40" name="hsa:58477" type="gene"
        link="http://www.kegg.jp/dbget-bin/www_bget?hsa:58477">
        <graphics name="SRPRB, APMCF1, SR-beta" fgcolor="#000000" bgcolor="#BFFFBF"
             type="rectangle" x="297" y="322" width="46" height="17"/>
    </entry>
    <entry id="41" name="hsa:10952" type="gene"
        link="http://www.kegg.jp/dbget-bin/www_bget?hsa:10952">
        <graphics name="SEC61B" fgcolor="#000000" bgcolor="#BFFFBF"
             type="rectangle" x="343" y="154" width="46" height="17"/>
    </entry>
    <entry id="42" name="hsa:23480" type="gene"
        link="http://www.kegg.jp/dbget-bin/www_bget?hsa:23480">
        <graphics name="SEC61G, SSS1" fgcolor="#000000" bgcolor="#BFFFBF"
             type="rectangle" x="389" y="154" width="46" height="17"/>
    </entry>
    <entry id="47" name="hsa:3309" type="gene"
        link="http://www.kegg.jp/dbget-bin/www_bget?hsa:3309">
        <graphics name="HSPA5, BIP, GRP78, HEL-S-89n, MIF2" fgcolor="#000000" bgcolor="#BFFFBF"
             type="rectangle" x="297" y="208" width="46" height="17"/>
    </entry>
    <entry id="51" name="ko:K13301" type="ortholog"
        link="http://www.kegg.jp/dbget-bin/www_bget?K13301">
        <graphics name="K13301" fgcolor="#000000" bgcolor="#FFFFFF"
             type="rectangle" x="203" y="217" width="46" height="17"/>
    </entry>
</pathway>
