<?xml version="1.0"?>
<!DOCTYPE pathway SYSTEM "http://www.kegg.jp/kegg/xml/KGML_v0.7.2_.dtd">
<!-- Creation date: May 28, 2019 11:22:47 +0900 (GMT+9) -->
<pathway name="path:hsa00360" org="hsa" number="00360"
         title="Phenylalanine metabolism"
         image="http://www.kegg.jp/kegg/pathway/hsa/hsa00360.png"
         link="http://www.kegg.jp/kegg-bin/show_pathway?hsa00360">
    <entry id="92" name="ko:K01666" type="ortholog" reaction="rn:R00750"
        link="http://www.kegg.jp/dbget-bin/www_bget?K01666">
        <graphics name="K01666" fgcolor="#000000" bgcolor="#FFFFFF"
             type="rectangle" x="868" y="712" width="46" height="17"/>
    </entry>
    <entry id="93" name="ko:K13064" type="ortholog" reaction="rn:R00697"
        link="http://www.kegg.jp/dbget-bin/www_bget?K13064">
        <graphics name="K13064" fgcolor="#000000" bgcolor="#FFFFFF"
             type="rectangle" x="735" y="161" width="46" height="17"/>
    </entry>
    <entry id="94" name="path:map00960" type="map"
        link="http://www.kegg.jp/dbget-bin/www_bget?map00960">
        <graphics name="Tropane, piperidine and pyridine alkaloid biosynthesis" fgcolor="#000000" bgcolor="#FFFFFF"
             type="roundrectangle" x="267" y="137" width="160" height="34"/>
    </entry>
    <entry id="95" name="hsa:218 hsa:220 hsa:221 hsa:222" type="gene" reaction="rn:R02536 rn:R02537"
        link="http://www.kegg.jp/dbget-bin/www_bget?hsa:218+hsa:220+hsa:221+hsa:222">
        <graphics name="ALDH3A1, ALDH3, ALDHIII..." fgcolor="#000000" bgcolor="#BFFFBF"
             type="rectangle" x="292" y="455" width="46" height="17"/>
    </entry>
    <entry id="96" name="ko:K01912" type="ortholog" reaction="rn:R02539"
        link="http://www.kegg.jp/dbget-bin/www_bget?K01912">
        <graphics name="K01912" fgcolor="#000000" bgcolor="#FFFFFF"
             type="rectangle" x="297" y="572" width="46" height="17"/>
    </entry>
    <entry id="98" name="ko:K02554" type="ortholog" reaction="rn:R02601"
        link="http://www.kegg.jp/dbget-bin/www_bget?K02554">
        <graphics name="K02554" fgcolor="#000000" bgcolor="#FFFFFF"
             type="rectangle" x="868" y="648" width="46" height="17"/>
    </entry>
    <entry id="99" name="ko:K05714" type="ortholog" reaction="rn:R02603"
        link="http://www.kegg.jp/dbget-bin/www_bget?K05714">
        <graphics name="K05714" fgcolor="#000000" bgcolor="#FFFFFF"
             type="rectangle" x="868" y="569" width="46" height="17"/>
    </entry>
    <entry id="100" name="ko:K05714" type="ortholog" reaction="rn:R06789"
        link="http://www.kegg.jp/dbget-bin/www_bget?K05714">
        <graphics name="K05714" fgcolor="#000000" bgcolor="#FFFFFF"
             type="rectangle" x="788" y="569" width="46" height="17"/>
    </entry>
    <entry id="101" name="ko:K05713" type="ortholog" reaction="rn:R04376"
        link="http://www.kegg.jp/dbget-bin/www_bget?K05713">
        <graphics name="K05713" fgcolor="#000000" bgcolor="#FFFFFF"
             type="rectangle" x="868" y="506" width="46" height="17"/>
    </entry>
    <entry id="102" name="ko:K05713" type="ortholog" reaction="rn:R06788"
        link="http://www.kegg.jp/dbget-bin/www_bget?K05713">
        <graphics name="K05713" fgcolor="#000000" bgcolor="#FFFFFF"
             type="rectangle" x="788" y="506" width="46" height="17"/>
    </entry>
    <entry id="103" name="ko:K10775" type="ortholog" reaction="rn:R00697"
        link="http://www.kegg.jp/dbget-bin/www_bget?K10775">
        <graphics name="K10775" fgcolor="#000000" bgcolor="#FFFFFF"
             type="rectangle" x="735" y="140" width="46" height="17"/>
    </entry>
    <entry id="104" name="ko:K05712" type="ortholog" reaction="rn:R06787"
        link="http://www.kegg.jp/dbget-bin/www_bget?K05712">
        <graphics name="K05712" fgcolor="#000000" bgcolor="#FFFFFF"
             type="rectangle" x="736" y="392" width="46" height="17"/>
    </entry>
    <entry id="105" name="hsa:1644" type="gene" reaction="rn:R00699"
        link="http://www.kegg.jp/dbget-bin/www_bget?hsa:1644">
        <graphics name="DDC, AADC" fgcolor="#000000" bgcolor="#BFFFBF"
             type="rectangle" x="268" y="250" width="46" height="17"/>
    </entry>
    <entry id="106" name="ko:K22427" type="ortholog" reaction="rn:R00699"
        link="http://www.kegg.jp/dbget-bin/www_bget?K22427">
        <graphics name="K22427" fgcolor="#000000" bgcolor="#FFFFFF"
             type="rectangle" x="318" y="250" width="46" height="17"/>
    </entry>
    <entry id="107" name="ko:K13371 ko:K13372" type="ortholog" reaction="rn:R02612"
        link="http://www.kegg.jp/dbget-bin/www_bget?K13371+K13372">
        <graphics name="K13371..." fgcolor="#000000" bgcolor="#FFFFFF"
             type="rectangle" x="318" y="367" width="46" height="17"/>
    </entry>
    <entry id="108" name="hsa:314 hsa:8639" type="gene" reaction="rn:R02613"
        link="http://www.kegg.jp/dbget-bin/www_bget?hsa:314+hsa:8639">
        <graphics name="AOC2, DAO2, RAO, SSAO..." fgcolor="#000000" bgcolor="#BFFFBF"
             type="rectangle" x="268" y="367" width="46" height="17"/>
    </entry>
    <entry id="109" name="hsa:4128 hsa:4129" type="gene" reaction="rn:R02613"
        link="http://www.kegg.jp/dbget-bin/www_bget?hsa:4128+hsa:4129">
        <graphics name="MAOA, BRNRS, MAO-A..." fgcolor="#000000" bgcolor="#BFFFBF"
             type="rectangle" x="292" y="348" width="46" height="17"/>
    </entry>
    <entry id="110" name="hsa:3242" type="gene" reaction="rn:R01372"
        link="http://www.kegg.jp/dbget-bin/www_bget?hsa:3242">
        <graphics name="HPD, 4-HPPD, 4HPPD, GLOD3, HPPDASE, PPD" fgcolor="#000000" bgcolor="#BFFFBF"
             type="rectangle" x="441" y="393" width="46" height="17"/>
    </entry>
    <entry id="112" name="ko:K18606" type="ortholog" reaction="rn:R01370 rn:R01371"
        link="http://www.kegg.jp/dbget-bin/www_bget?K18606">
        <graphics name="K18606" fgcolor="#000000" bgcolor="#FFFFFF"
             type="rectangle" x="555" y="375" width="46" height="17"/>
    </entry>
    <entry id="113" name="ko:K23109" type="ortholog" reaction="rn:R01370"
        link="http://www.kegg.jp/dbget-bin/www_bget?K23109">
        <graphics name="K23109" fgcolor="#000000" bgcolor="#FFFFFF"
             type="rectangle" x="505" y="375" width="46" height="17"/>
    </entry>
    <entry id="114" name="ko:K00832 ko:K00838" type="ortholog" reaction="rn:R00694"
        link="http://www.kegg.jp/dbget-bin/www_bget?K00832+K00838">
        <graphics name="K00832..." fgcolor="#000000" bgcolor="#FFFFFF"
             type="rectangle" x="416" y="269" width="46" height="17"/>
    </entry>
    <entry id="115" name="ko:K00817" type="ortholog" reaction="rn:R00694"
        link="http://www.kegg.jp/dbget-bin/www_bget?K00817">
        <graphics name="K00817" fgcolor="#000000" bgcolor="#FFFFFF"
             type="rectangle" x="466" y="250" width="46" height="17"/>
    </entry>
    <entry id="116" name="hsa:6898" type="gene" reaction="rn:R00694"
        link="http://www.kegg.jp/dbget-bin/www_bget?hsa:6898">
        <graphics name="TAT" fgcolor="#000000" bgcolor="#BFFFBF"
             type="rectangle" x="416" y="250" width="46" height="17"/>
    </entry>
    <entry id="117" name="hsa:2805 hsa:2806" type="gene" reaction="rn:R00694"
        link="http://www.kegg.jp/dbget-bin/www_bget?hsa:2805+hsa:2806">
        <graphics name="GOT1, AST1, ASTQTL1, GIG18, cAspAT, cCAT..." fgcolor="#000000" bgcolor="#BFFFBF"
             type="rectangle" x="466" y="231" width="46" height="17"/>
    </entry>
    <entry id="118" name="ko:K00270" type="ortholog" reaction="rn:R00688"
        link="http://www.kegg.jp/dbget-bin/www_bget?K00270">
        <graphics name="K00270" fgcolor="#000000" bgcolor="#FFFFFF"
             type="rectangle" x="416" y="231" width="46" height="17"/>
    </entry>
    <entry id="119" name="hsa:4282" type="gene" reaction="rn:R01378"
        link="http://www.kegg.jp/dbget-bin/www_bget?hsa:4282">
        <graphics name="MIF, GIF, GLIF, MMIF" fgcolor="#000000" bgcolor="#BFFFBF"
             type="rectangle" x="608" y="360" width="46" height="17"/>
    </entry>
    <entry id="120" name="ko:K00824" type="ortholog" reaction="rn:R01582"
        link="http://www.kegg.jp/dbget-bin/www_bget?K00824">
        <graphics name="K00824" fgcolor="#000000" bgcolor="#FFFFFF"
             type="rectangle" x="651" y="250" width="46" height="17"/>
    </entry>
    <entry id="121" name="ko:K00285" type="ortholog" reaction="rn:R01374"
        link="http://www.kegg.jp/dbget-bin/www_bget?K00285">
        <graphics name="K00285" fgcolor="#000000" bgcolor="#FFFFFF"
             type="rectangle" x="598" y="250" width="46" height="17"/>
    </entry>
    <entry id="122" name="ko:K00055" type="ortholog" reaction="rn:R02611"
        link="http://www.kegg.jp/dbget-bin/www_bget?K00055">
        <graphics name="K00055" fgcolor="#000000" bgcolor="#FFFFFF"
             type="rectangle" x="398" y="431" width="46" height="17"/>
    </entry>
    <entry id="123" name="ko:K00146" type="ortholog" reaction="rn:R02536"
        link="http://www.kegg.jp/dbget-bin/www_bget?K00146">
        <graphics name="K00146" fgcolor="#000000" bgcolor="#FFFFFF"
             type="rectangle" x="345" y="455" width="46" height="17"/>
    </entry>
    <entry id="124" name="ko:K01426" type="ortholog" reaction="rn:R02540"
        link="http://www.kegg.jp/dbget-bin/www_bget?K01426">
        <graphics name="K01426" fgcolor="#000000" bgcolor="#FFFFFF"
             type="rectangle" x="232" y="499" width="46" height="17"/>
    </entry>
    <entry id="125" name="ko:K18852" type="ortholog" reaction="rn:R03903"
        link="http://www.kegg.jp/dbget-bin/www_bget?K18852">
        <graphics name="K18852" fgcolor="#000000" bgcolor="#FFFFFF"
             type="rectangle" x="677" y="182" width="46" height="17"/>
    </entry>
    <entry id="126" name="hsa:259307" type="gene" reaction="rn:R00689"
        link="http://www.kegg.jp/dbget-bin/www_bget?hsa:259307">
        <graphics name="IL4I1, FIG1, LAAO, LAO" fgcolor="#000000" bgcolor="#BFFFBF"
             type="rectangle" x="520" y="250" width="46" height="17"/>
    </entry>
    <entry id="127" name="ko:K21795" type="ortholog" reaction="rn:R00690"
        link="http://www.kegg.jp/dbget-bin/www_bget?K21795">
        <graphics name="K21795" fgcolor="#000000" bgcolor="#FFFFFF"
             type="rectangle" x="144" y="367" width="46" height="17"/>
    </entry>
    <entry id="130" name="ko:K05708 ko:K05709 ko:K05710 ko:K00529" type="ortholog" reaction="rn:R06783"
        link="http://www.kegg.jp/dbget-bin/www_bget?K05708+K05709+K05710+K00529">
        <graphics name="K05708..." fgcolor="#000000" bgcolor="#FFFFFF"
             type="rectangle" x="788" y="337" width="46" height="17"/>
    </entry>
    <entry id="131" name="ko:K05711" type="ortholog" reaction="rn:R06785"
        link="http://www.kegg.jp/dbget-bin/www_bget?K05711">
        <graphics name="K05711" fgcolor="#000000" bgcolor="#FFFFFF"
             type="rectangle" x="788" y="423" width="46" height="17"/>
    </entry>
    <entry id="133" name="ko:K05712" type="ortholog" reaction="rn:R06786"
        link="http://www.kegg.jp/dbget-bin/www_bget?K05712">
        <graphics name="K05712" fgcolor="#000000" bgcolor="#FFFFFF"
             type="rectangle" x="963" y="403" width="46" height="17"/>
    </entry>
    <entry id="134" name="ko:K05711" type="ortholog" reaction="rn:R06784"
        link="http://www.kegg.jp/dbget-bin/www_bget?K05711">
        <graphics name="K05711" fgcolor="#000000" bgcolor="#FFFFFF"
             type="rectangle" x="868" y="423" width="46" height="17"/>
    </entry>
    <entry id="135" name="ko:K05708 ko:K05709 ko:K05710 ko:K00529" type="ortholog" reaction="rn:R06782"
        link="http://www.kegg.jp/dbget-bin/www_bget?K05708+K05709+K05710+K00529">
        <graphics name="K05708..." fgcolor="#000000" bgcolor="#FFFFFF"
             type="rectangle" x="868" y="337" width="46" height="17"/>
    </entry>
    <entry id="136" name="ko:K10797" type="ortholog" reaction="rn:R02252"
        link="http://www.kegg.jp/dbget-bin/www_bget?K10797">
        <graphics name="K10797" fgcolor="#000000" bgcolor="#FFFFFF"
             type="rectangle" x="868" y="265" width="46" height="17"/>
    </entry>
    <entry id="137" name="ko:K01451" type="ortholog" reaction="rn:R01424"
        link="http://www.kegg.jp/dbget-bin/www_bget?K01451">
        <graphics name="K01451" fgcolor="#000000" bgcolor="#FFFFFF"
             type="rectangle" x="1119" y="157" width="46" height="17"/>
    </entry>
    <entry id="138" name="hsa:10249" type="gene" reaction="rn:R02452"
        link="http://www.kegg.jp/dbget-bin/www_bget?hsa:10249">
        <graphics name="GLYAT, ACGNAT, CAT, GAT" fgcolor="#000000" bgcolor="#BFFFBF"
             type="rectangle" x="1063" y="129" width="46" height="17"/>
    </entry>
    <entry id="139" name="cpd:C12621" type="compound"
        link="http://www.kegg.jp/dbget-bin/www_bget?C12621">
        <graphics name="C12621" fgcolor="#000000" bgcolor="#FFFFFF"
             type="circle" x="735" y="335" width="8" height="8"/>
    </entry>
    <entry id="140" name="path:hsa00010" type="map"
        link="http://www.kegg.jp/dbget-bin/www_bget?hsa00010">
        <graphics name="Glycolysis / Gluconeogenesis" fgcolor="#000000" bgcolor="#FFFFFF"
             type="roundrectangle" x="1023" y="727" width="68" height="26"/>
    </entry>
    <entry id="141" name="path:hsa00020" type="map"
        link="http://www.kegg.jp/dbget-bin/www_bget?hsa00020">
        <graphics name="Citrate cycle (TCA cycle)" fgcolor="#000000" bgcolor="#FFFFFF"
             type="roundrectangle" x="1028" y="592" width="77" height="25"/>
    </entry>
    <entry id="142" name="cpd:C00084" type="compound"
        link="http://www.kegg.jp/dbget-bin/www_bget?C00084">
        <graphics name="C00084" fgcolor="#000000" bgcolor="#FFFFFF"
             type="circle" x="868" y="751" width="8" height="8"/>
    </entry>
    <entry id="143" name="cpd:C00022" type="compound"
        link="http://www.kegg.jp/dbget-bin/www_bget?C00022">
        <graphics name="C00022" fgcolor="#000000" bgcolor="#FFFFFF"
             type="circle" x="924" y="727" width="8" height="8"/>
    </entry>
    <entry id="144" name="cpd:C03589" type="compound"
        link="http://www.kegg.jp/dbget-bin/www_bget?C03589">
        <graphics name="C03589" fgcolor="#000000" bgcolor="#FFFFFF"
             type="circle" x="868" y="684" width="8" height="8"/>
    </entry>
    <entry id="145" name="cpd:C00596" type="compound"
        link="http://www.kegg.jp/dbget-bin/www_bget?C00596">
        <graphics name="C00596" fgcolor="#000000" bgcolor="#FFFFFF"
             type="circle" x="868" y="619" width="8" height="8"/>
    </entry>
    <entry id="146" name="cpd:C00122" type="compound"
        link="http://www.kegg.jp/dbget-bin/www_bget?C00122">
        <graphics name="C00122" fgcolor="#000000" bgcolor="#FFFFFF"
             type="circle" x="788" y="651" width="8" height="8"/>
    </entry>
    <entry id="147" name="cpd:C12624" type="compound"
        link="http://www.kegg.jp/dbget-bin/www_bget?C12624">
        <graphics name="C12624" fgcolor="#000000" bgcolor="#FFFFFF"
             type="circle" x="788" y="543" width="8" height="8"/>
    </entry>
    <entry id="148" name="cpd:C12623" type="compound"
        link="http://www.kegg.jp/dbget-bin/www_bget?C12623">
        <graphics name="C12623" fgcolor="#000000" bgcolor="#FFFFFF"
             type="circle" x="788" y="463" width="8" height="8"/>
    </entry>
    <entry id="149" name="cpd:C12622" type="compound"
        link="http://www.kegg.jp/dbget-bin/www_bget?C12622">
        <graphics name="C12622" fgcolor="#000000" bgcolor="#FFFFFF"
             type="circle" x="788" y="385" width="8" height="8"/>
    </entry>
    <entry id="150" name="cpd:C11588" type="compound"
        link="http://www.kegg.jp/dbget-bin/www_bget?C11588">
        <graphics name="C11588" fgcolor="#000000" bgcolor="#FFFFFF"
             type="circle" x="868" y="385" width="8" height="8"/>
    </entry>
    <entry id="152" name="cpd:C05853" type="compound"
        link="http://www.kegg.jp/dbget-bin/www_bget?C05853">
        <graphics name="C05853" fgcolor="#000000" bgcolor="#FFFFFF"
             type="circle" x="400" y="460" width="8" height="8"/>
    </entry>
    <entry id="153" name="cpd:C02265" type="compound"
        link="http://www.kegg.jp/dbget-bin/www_bget?C02265">
        <graphics name="C02265" fgcolor="#000000" bgcolor="#FFFFFF"
             type="circle" x="597" y="181" width="8" height="8"/>
    </entry>
    <entry id="154" name="cpd:C05620" type="compound"
        link="http://www.kegg.jp/dbget-bin/www_bget?C05620">
        <graphics name="C05620" fgcolor="#000000" bgcolor="#FFFFFF"
             type="circle" x="729" y="181" width="8" height="8"/>
    </entry>
    <entry id="155" name="cpd:C02763" type="compound"
        link="http://www.kegg.jp/dbget-bin/www_bget?C02763">
        <graphics name="C02763" fgcolor="#000000" bgcolor="#FFFFFF"
             type="circle" x="609" y="401" width="8" height="8"/>
    </entry>
    <entry id="156" name="cpd:C00166" type="compound"
        link="http://www.kegg.jp/dbget-bin/www_bget?C00166">
        <graphics name="C00166" fgcolor="#000000" bgcolor="#FFFFFF"
             type="circle" x="441" y="319" width="8" height="8"/>
    </entry>
    <entry id="157" name="path:hsa00360" type="map"
        link="http://www.kegg.jp/dbget-bin/www_bget?hsa00360">
        <graphics name="TITLE:Phenylalanine metabolism" fgcolor="#000000" bgcolor="#FFFFFF"
             type="roundrectangle" x="154" y="58" width="228" height="25"/>
    </entry>
    <entry id="158" name="path:hsa00400" type="map"
        link="http://www.kegg.jp/dbget-bin/www_bget?hsa00400">
        <graphics name="Phenylalanine, tyrosine and tryptophan biosynthesis" fgcolor="#000000" bgcolor="#FFFFFF"
             type="roundrectangle" x="441" y="92" width="154" height="34"/>
    </entry>
    <entry id="160" name="path:hsa00020" type="map"
        link="http://www.kegg.jp/dbget-bin/www_bget?hsa00020">
        <graphics name="Citrate cycle (TCA cycle)" fgcolor="#000000" bgcolor="#FFFFFF"
             type="roundrectangle" x="788" y="824" width="73" height="25"/>
    </entry>
    <entry id="161" name="cpd:C01772" type="compound"
        link="http://www.kegg.jp/dbget-bin/www_bget?C01772">
        <graphics name="C01772" fgcolor="#000000" bgcolor="#FFFFFF"
             type="circle" x="1030" y="233" width="8" height="8"/>
    </entry>
    <entry id="162" name="cpd:C01586" type="compound"
        link="http://www.kegg.jp/dbget-bin/www_bget?C01586">
        <graphics name="C01586" fgcolor="#000000" bgcolor="#FFFFFF"
             type="circle" x="1119" y="128" width="8" height="8"/>
    </entry>
    <entry id="163" name="cpd:C04044" type="compound"
        link="http://www.kegg.jp/dbget-bin/www_bget?C04044">
        <graphics name="C04044" fgcolor="#000000" bgcolor="#FFFFFF"
             type="circle" x="868" y="463" width="8" height="8"/>
    </entry>
    <entry id="164" name="cpd:C00512" type="compound"
        link="http://www.kegg.jp/dbget-bin/www_bget?C00512">
        <graphics name="C00512" fgcolor="#000000" bgcolor="#FFFFFF"
             type="circle" x="1015" y="128" width="8" height="8"/>
    </entry>
    <entry id="165" name="cpd:C03519" type="compound"
        link="http://www.kegg.jp/dbget-bin/www_bget?C03519">
        <graphics name="C03519" fgcolor="#000000" bgcolor="#FFFFFF"
             type="circle" x="360" y="264" width="8" height="8"/>
    </entry>
    <entry id="166" name="cpd:C01198" type="compound"
        link="http://www.kegg.jp/dbget-bin/www_bget?C01198">
        <graphics name="C01198" fgcolor="#000000" bgcolor="#FFFFFF"
             type="circle" x="1030" y="299" width="8" height="8"/>
    </entry>
    <entry id="167" name="cpd:C05629" type="compound"
        link="http://www.kegg.jp/dbget-bin/www_bget?C05629">
        <graphics name="C05629" fgcolor="#000000" bgcolor="#FFFFFF"
             type="circle" x="868" y="303" width="8" height="8"/>
    </entry>
    <entry id="168" name="cpd:C00180" type="compound"
        link="http://www.kegg.jp/dbget-bin/www_bget?C00180">
        <graphics name="C00180" fgcolor="#000000" bgcolor="#FFFFFF"
             type="circle" x="1119" y="195" width="8" height="8"/>
    </entry>
    <entry id="169" name="cpd:C00079" type="compound"
        link="http://www.kegg.jp/dbget-bin/www_bget?C00079">
        <graphics name="C00079" fgcolor="#000000" bgcolor="#FFFFFF"
             type="circle" x="441" y="181" width="8" height="8"/>
    </entry>
    <entry id="170" name="cpd:C05607" type="compound"
        link="http://www.kegg.jp/dbget-bin/www_bget?C05607">
        <graphics name="C05607" fgcolor="#000000" bgcolor="#FFFFFF"
             type="circle" x="530" y="421" width="8" height="8"/>
    </entry>
    <entry id="171" name="cpd:C06207" type="compound"
        link="http://www.kegg.jp/dbget-bin/www_bget?C06207">
        <graphics name="C06207" fgcolor="#000000" bgcolor="#FFFFFF"
             type="circle" x="441" y="551" width="8" height="8"/>
    </entry>
    <entry id="172" name="cpd:C05852" type="compound"
        link="http://www.kegg.jp/dbget-bin/www_bget?C05852">
        <graphics name="C05852" fgcolor="#000000" bgcolor="#FFFFFF"
             type="circle" x="441" y="501" width="8" height="8"/>
    </entry>
    <entry id="173" name="cpd:C04148" type="compound"
        link="http://www.kegg.jp/dbget-bin/www_bget?C04148">
        <graphics name="C04148" fgcolor="#000000" bgcolor="#FFFFFF"
             type="circle" x="297" y="732" width="8" height="8"/>
    </entry>
    <entry id="174" name="cpd:C04479" type="compound"
        link="http://www.kegg.jp/dbget-bin/www_bget?C04479">
        <graphics name="C04479" fgcolor="#000000" bgcolor="#FFFFFF"
             type="circle" x="868" y="543" width="8" height="8"/>
    </entry>
    <entry id="175" name="cpd:C00042" type="compound"
        link="http://www.kegg.jp/dbget-bin/www_bget?C00042">
        <graphics name="C00042" fgcolor="#000000" bgcolor="#FFFFFF"
             type="circle" x="924" y="592" width="8" height="8"/>
    </entry>
    <entry id="176" name="cpd:C00582" type="compound"
        link="http://www.kegg.jp/dbget-bin/www_bget?C00582">
        <graphics name="C00582" fgcolor="#000000" bgcolor="#FFFFFF"
             type="circle" x="297" y="613" width="8" height="8"/>
    </entry>
    <entry id="177" name="cpd:C05593" type="compound"
        link="http://www.kegg.jp/dbget-bin/www_bget?C05593">
        <graphics name="C05593" fgcolor="#000000" bgcolor="#FFFFFF"
             type="circle" x="219" y="558" width="8" height="8"/>
    </entry>
    <entry id="178" name="cpd:C02505" type="compound"
        link="http://www.kegg.jp/dbget-bin/www_bget?C02505">
        <graphics name="C02505" fgcolor="#000000" bgcolor="#FFFFFF"
             type="circle" x="169" y="498" width="8" height="8"/>
    </entry>
    <entry id="179" name="cpd:C00642" type="compound"
        link="http://www.kegg.jp/dbget-bin/www_bget?C00642">
        <graphics name="C00642" fgcolor="#000000" bgcolor="#FFFFFF"
             type="circle" x="219" y="519" width="8" height="8"/>
    </entry>
    <entry id="180" name="cpd:C05598" type="compound"
        link="http://www.kegg.jp/dbget-bin/www_bget?C05598">
        <graphics name="C05598" fgcolor="#000000" bgcolor="#FFFFFF"
             type="circle" x="223" y="732" width="8" height="8"/>
    </entry>
    <entry id="181" name="cpd:C05332" type="compound"
        link="http://www.kegg.jp/dbget-bin/www_bget?C05332">
        <graphics name="C05332" fgcolor="#000000" bgcolor="#FFFFFF"
             type="circle" x="293" y="301" width="8" height="8"/>
    </entry>
    <entry id="182" name="cpd:C07086" type="compound"
        link="http://www.kegg.jp/dbget-bin/www_bget?C07086">
        <graphics name="C07086" fgcolor="#000000" bgcolor="#FFFFFF"
             type="circle" x="293" y="498" width="8" height="8"/>
    </entry>
    <entry id="183" name="cpd:C00601" type="compound"
        link="http://www.kegg.jp/dbget-bin/www_bget?C00601">
        <graphics name="C00601" fgcolor="#000000" bgcolor="#FFFFFF"
             type="circle" x="293" y="413" width="8" height="8"/>
    </entry>
    <entry id="184" name="cpd:C11457" type="compound"
        link="http://www.kegg.jp/dbget-bin/www_bget?C11457">
        <graphics name="C11457" fgcolor="#000000" bgcolor="#FFFFFF"
             type="circle" x="962" y="308" width="8" height="8"/>
    </entry>
    <entry id="186" name="cpd:C00805" type="compound"
        link="http://www.kegg.jp/dbget-bin/www_bget?C00805">
        <graphics name="C00805" fgcolor="#000000" bgcolor="#FFFFFF"
             type="circle" x="1206" y="195" width="8" height="8"/>
    </entry>
    <entry id="187" name="hsa:5053" type="gene" reaction="rn:R01795"
        link="http://www.kegg.jp/dbget-bin/www_bget?hsa:5053">
        <graphics name="PAH, PH, PKU, PKU1" fgcolor="#000000" bgcolor="#BFFFBF"
             type="rectangle" x="142" y="175" width="46" height="17"/>
    </entry>
    <entry id="188" name="path:hsa00350" type="map"
        link="http://www.kegg.jp/dbget-bin/www_bget?hsa00350">
        <graphics name="Tyrosine metabolism" fgcolor="#000000" bgcolor="#FFFFFF"
             type="roundrectangle" x="95" y="266" width="72" height="34"/>
    </entry>
    <entry id="189" name="ko:K12732" type="ortholog" reaction="rn:R01377"
        link="http://www.kegg.jp/dbget-bin/www_bget?K12732">
        <graphics name="K12732" fgcolor="#000000" bgcolor="#FFFFFF"
             type="rectangle" x="406" y="345" width="46" height="17"/>
    </entry>
    <entry id="190" name="ko:K18361 ko:K18362 ko:K18363 ko:K18360" type="ortholog" reaction="rn:R07222"
        link="http://www.kegg.jp/dbget-bin/www_bget?K18361+K18362+K18363+K18360">
        <graphics name="K18361..." fgcolor="#000000" bgcolor="#FFFFFF"
             type="rectangle" x="366" y="614" width="46" height="17"/>
    </entry>
    <entry id="191" name="cpd:C02137" type="compound"
        link="http://www.kegg.jp/dbget-bin/www_bget?C02137">
        <graphics name="C02137" fgcolor="#000000" bgcolor="#FFFFFF"
             type="circle" x="518" y="613" width="8" height="8"/>
    </entry>
    <entry id="192" name="ko:K18355 ko:K18356 ko:K18357 ko:K18358 ko:K18359" type="ortholog" reaction="rn:R02450"
        link="http://www.kegg.jp/dbget-bin/www_bget?K18355+K18356+K18357+K18358+K18359">
        <graphics name="K18355..." fgcolor="#000000" bgcolor="#FFFFFF"
             type="rectangle" x="564" y="614" width="46" height="17"/>
    </entry>
    <entry id="193" name="cpd:C00512" type="compound"
        link="http://www.kegg.jp/dbget-bin/www_bget?C00512">
        <graphics name="C00512" fgcolor="#000000" bgcolor="#FFFFFF"
             type="circle" x="613" y="613" width="8" height="8"/>
    </entry>
    <entry id="194" name="path:map00362" type="map"
        link="http://www.kegg.jp/dbget-bin/www_bget?map00362">
        <graphics name="Benzoate degradation" fgcolor="#000000" bgcolor="#FFFFFF"
             type="roundrectangle" x="720" y="614" width="120" height="25"/>
    </entry>
    <entry id="195" name="cpd:C15524" type="compound"
        link="http://www.kegg.jp/dbget-bin/www_bget?C15524">
        <graphics name="C15524" fgcolor="#000000" bgcolor="#FFFFFF"
             type="circle" x="418" y="613" width="8" height="8"/>
    </entry>
    <entry id="196" name="ko:K18361 ko:K18362 ko:K18363 ko:K18360" type="ortholog" reaction="rn:R07294"
        link="http://www.kegg.jp/dbget-bin/www_bget?K18361+K18362+K18363+K18360">
        <graphics name="K18361..." fgcolor="#000000" bgcolor="#FFFFFF"
             type="rectangle" x="463" y="614" width="46" height="17"/>
    </entry>
    <entry id="197" name="ko:K10437" type="ortholog" reaction="rn:R05487"
        link="http://www.kegg.jp/dbget-bin/www_bget?K10437">
        <graphics name="K10437" fgcolor="#000000" bgcolor="#FFFFFF"
             type="rectangle" x="380" y="502" width="46" height="17"/>
    </entry>
    <entry id="198" name="path:map00643" type="map"
        link="http://www.kegg.jp/dbget-bin/www_bget?map00643">
        <graphics name="Styrene degradation" fgcolor="#000000" bgcolor="#FFFFFF"
             type="roundrectangle" x="584" y="502" width="111" height="25"/>
    </entry>
    <entry id="199" name="cpd:C17268" type="compound"
        link="http://www.kegg.jp/dbget-bin/www_bget?C17268">
        <graphics name="C17268" fgcolor="#000000" bgcolor="#FFFFFF"
             type="circle" x="1119" y="257" width="8" height="8"/>
    </entry>
    <entry id="200" name="cpd:C08301" type="compound"
        link="http://www.kegg.jp/dbget-bin/www_bget?C08301">
        <graphics name="C08301" fgcolor="#000000" bgcolor="#FFFFFF"
             type="circle" x="1119" y="375" width="8" height="8"/>
    </entry>
    <entry id="201" name="cpd:C08300" type="compound"
        link="http://www.kegg.jp/dbget-bin/www_bget?C08300">
        <graphics name="C08300" fgcolor="#000000" bgcolor="#FFFFFF"
             type="circle" x="1170" y="465" width="8" height="8"/>
    </entry>
    <entry id="202" name="cpd:C16719" type="compound"
        link="http://www.kegg.jp/dbget-bin/www_bget?C16719">
        <graphics name="C16719" fgcolor="#000000" bgcolor="#FFFFFF"
             type="circle" x="1119" y="465" width="8" height="8"/>
    </entry>
    <entry id="203" name="cpd:C01575" type="compound"
        link="http://www.kegg.jp/dbget-bin/www_bget?C01575">
        <graphics name="C01575" fgcolor="#000000" bgcolor="#FFFFFF"
             type="circle" x="1119" y="551" width="8" height="8"/>
    </entry>
    <entry id="206" name="cpd:C02765" type="compound"
        link="http://www.kegg.jp/dbget-bin/www_bget?C02765">
        <graphics name="C02765" fgcolor="#000000" bgcolor="#FFFFFF"
             type="circle" x="1170" y="551" width="8" height="8"/>
    </entry>
    <entry id="209" name="cpd:C04351" type="compound"
        link="http://www.kegg.jp/dbget-bin/www_bget?C04351">
        <graphics name="C04351" fgcolor="#000000" bgcolor="#FFFFFF"
             type="circle" x="1119" y="659" width="8" height="8"/>
    </entry>
    <entry id="210" name="ko:K05821" type="ortholog" reaction="rn:R00692"
        link="http://www.kegg.jp/dbget-bin/www_bget?K05821">
        <graphics name="K05821" fgcolor="#000000" bgcolor="#FFFFFF"
             type="rectangle" x="466" y="269" width="46" height="17"/>
    </entry>
    <entry id="211" name="cpd:C00082" type="compound"
        link="http://www.kegg.jp/dbget-bin/www_bget?C00082">
        <graphics name="C00082" fgcolor="#000000" bgcolor="#FFFFFF"
             type="circle" x="93" y="174" width="8" height="8"/>
    </entry>
    <entry id="212" name="cpd:C00423" type="compound"
        link="http://www.kegg.jp/dbget-bin/www_bget?C00423">
        <graphics name="C00423" fgcolor="#000000" bgcolor="#FFFFFF"
             type="circle" x="788" y="234" width="8" height="8"/>
    </entry>
    <entry id="213" name="ko:K15517" type="ortholog" reaction="rn:R05841"
        link="http://www.kegg.jp/dbget-bin/www_bget?K15517">
        <graphics name="K15517" fgcolor="#000000" bgcolor="#FFFFFF"
             type="rectangle" x="224" y="692" width="46" height="17"/>
    </entry>
    <entry id="214" name="ko:K03782" type="ortholog" reaction="rn:R00698"
        link="http://www.kegg.jp/dbget-bin/www_bget?K03782">
        <graphics name="K03782" fgcolor="#000000" bgcolor="#FFFFFF"
             type="rectangle" x="194" y="367" width="46" height="17"/>
    </entry>
    <entry id="215" name="ko:K02609 ko:K02610 ko:K02611 ko:K02612 ko:K02613" type="ortholog" reaction="rn:R09838"
        link="http://www.kegg.jp/dbget-bin/www_bget?K02609+K02610+K02611+K02612+K02613">
        <graphics name="K02609..." fgcolor="#000000" bgcolor="#FFFFFF"
             type="rectangle" x="344" y="671" width="46" height="17"/>
    </entry>
    <entry id="216" name="cpd:C19975" type="compound"
        link="http://www.kegg.jp/dbget-bin/www_bget?C19975">
        <graphics name="C19975" fgcolor="#000000" bgcolor="#FFFFFF"
             type="circle" x="483" y="670" width="8" height="8"/>
    </entry>
    <entry id="217" name="ko:K15866" type="ortholog" reaction="rn:R09837"
        link="http://www.kegg.jp/dbget-bin/www_bget?K15866">
        <graphics name="K15866" fgcolor="#000000" bgcolor="#FFFFFF"
             type="rectangle" x="436" y="671" width="46" height="17"/>
    </entry>
    <entry id="218" name="cpd:C19946" type="compound"
        link="http://www.kegg.jp/dbget-bin/www_bget?C19946">
        <graphics name="C19946" fgcolor="#000000" bgcolor="#FFFFFF"
             type="circle" x="577" y="670" width="8" height="8"/>
    </entry>
    <entry id="219" name="ko:K02618" type="ortholog" reaction="rn:R09836"
        link="http://www.kegg.jp/dbget-bin/www_bget?K02618">
        <graphics name="K02618" fgcolor="#000000" bgcolor="#FFFFFF"
             type="rectangle" x="525" y="671" width="46" height="17"/>
    </entry>
    <entry id="220" name="cpd:C19945" type="compound"
        link="http://www.kegg.jp/dbget-bin/www_bget?C19945">
        <graphics name="C19945" fgcolor="#000000" bgcolor="#FFFFFF"
             type="circle" x="671" y="670" width="8" height="8"/>
    </entry>
    <entry id="221" name="ko:K02618" type="ortholog" reaction="rn:R09820"
        link="http://www.kegg.jp/dbget-bin/www_bget?K02618">
        <graphics name="K02618" fgcolor="#000000" bgcolor="#FFFFFF"
             type="rectangle" x="621" y="671" width="46" height="17"/>
    </entry>
    <entry id="222" name="cpd:C14144" type="compound"
        link="http://www.kegg.jp/dbget-bin/www_bget?C14144">
        <graphics name="C14144" fgcolor="#000000" bgcolor="#FFFFFF"
             type="circle" x="671" y="748" width="8" height="8"/>
    </entry>
    <entry id="223" name="ko:K02615 ko:K15866" type="ortholog" reaction="rn:R09839"
        link="http://www.kegg.jp/dbget-bin/www_bget?K02615+K15866">
        <graphics name="K02615..." fgcolor="#000000" bgcolor="#FFFFFF"
             type="rectangle" x="671" y="700" width="46" height="17"/>
    </entry>
    <entry id="224" name="cpd:C14145" type="compound"
        link="http://www.kegg.jp/dbget-bin/www_bget?C14145">
        <graphics name="C14145" fgcolor="#000000" bgcolor="#FFFFFF"
             type="circle" x="576" y="748" width="8" height="8"/>
    </entry>
    <entry id="225" name="ko:K01692" type="ortholog" reaction="rn:R06942"
        link="http://www.kegg.jp/dbget-bin/www_bget?K01692">
        <graphics name="K01692" fgcolor="#000000" bgcolor="#FFFFFF"
             type="rectangle" x="629" y="749" width="46" height="17"/>
    </entry>
    <entry id="226" name="cpd:C02232" type="compound"
        link="http://www.kegg.jp/dbget-bin/www_bget?C02232">
        <graphics name="C02232" fgcolor="#000000" bgcolor="#FFFFFF"
             type="circle" x="482" y="748" width="8" height="8"/>
    </entry>
    <entry id="227" name="ko:K00074" type="ortholog" reaction="rn:R06941"
        link="http://www.kegg.jp/dbget-bin/www_bget?K00074">
        <graphics name="K00074" fgcolor="#000000" bgcolor="#FFFFFF"
             type="rectangle" x="531" y="749" width="46" height="17"/>
    </entry>
    <entry id="228" name="cpd:C00091" type="compound"
        link="http://www.kegg.jp/dbget-bin/www_bget?C00091">
        <graphics name="C00091" fgcolor="#000000" bgcolor="#FFFFFF"
             type="circle" x="482" y="825" width="8" height="8"/>
    </entry>
    <entry id="229" name="ko:K02615" type="ortholog" reaction="rn:R00829"
        link="http://www.kegg.jp/dbget-bin/www_bget?K02615">
        <graphics name="K02615" fgcolor="#000000" bgcolor="#FFFFFF"
             type="rectangle" x="482" y="775" width="46" height="17"/>
    </entry>
    <entry id="230" name="cpd:C00024" type="compound"
        link="http://www.kegg.jp/dbget-bin/www_bget?C00024">
        <graphics name="C00024" fgcolor="#000000" bgcolor="#FFFFFF"
             type="circle" x="731" y="718" width="8" height="8"/>
    </entry>
    <entry id="231" name="ko:K02614" type="ortholog" reaction="rn:R09840"
        link="http://www.kegg.jp/dbget-bin/www_bget?K02614">
        <graphics name="K02614" fgcolor="#000000" bgcolor="#FFFFFF"
             type="rectangle" x="339" y="551" width="46" height="17"/>
    </entry>
    <entry id="232" name="cpd:C20062" type="compound"
        link="http://www.kegg.jp/dbget-bin/www_bget?C20062">
        <graphics name="C20062" fgcolor="#000000" bgcolor="#FFFFFF"
             type="circle" x="389" y="670" width="8" height="8"/>
    </entry>
    <entry id="233" name="cpd:C00024" type="compound"
        link="http://www.kegg.jp/dbget-bin/www_bget?C00024">
        <graphics name="C00024" fgcolor="#000000" bgcolor="#FFFFFF"
             type="circle" x="868" y="825" width="8" height="8"/>
    </entry>
    <entry id="234" name="ko:K04073" type="ortholog" reaction="rn:R00228"
        link="http://www.kegg.jp/dbget-bin/www_bget?K04073">
        <graphics name="K04073" fgcolor="#000000" bgcolor="#FFFFFF"
             type="rectangle" x="868" y="789" width="46" height="17"/>
    </entry>
    <entry id="235" name="ko:K22328" type="ortholog" reaction="rn:R11918"
        link="http://www.kegg.jp/dbget-bin/www_bget?K22328">
        <graphics name="K22328" fgcolor="#000000" bgcolor="#FFFFFF"
             type="rectangle" x="226" y="222" width="46" height="17"/>
    </entry>
    <relation entry1="105" entry2="116" type="ECrel">
        <subtype name="compound" value="169"/>
    </relation>
    <relation entry1="105" entry2="117" type="ECrel">
        <subtype name="compound" value="169"/>
    </relation>
    <relation entry1="105" entry2="126" type="ECrel">
        <subtype name="compound" value="169"/>
    </relation>
    <relation entry1="105" entry2="109" type="ECrel">
        <subtype name="compound" value="181"/>
    </relation>
    <relation entry1="105" entry2="108" type="ECrel">
        <subtype name="compound" value="181"/>
    </relation>
    <relation entry1="119" entry2="126" type="ECrel">
        <subtype name="compound" value="156"/>
    </relation>
    <relation entry1="117" entry2="119" type="ECrel">
        <subtype name="compound" value="156"/>
    </relation>
    <relation entry1="116" entry2="119" type="ECrel">
        <subtype name="compound" value="156"/>
    </relation>
    <relation entry1="110" entry2="119" type="ECrel">
        <subtype name="compound" value="156"/>
    </relation>
    <relation entry1="110" entry2="126" type="ECrel">
        <subtype name="compound" value="156"/>
    </relation>
    <relation entry1="110" entry2="117" type="ECrel">
        <subtype name="compound" value="156"/>
    </relation>
    <relation entry1="110" entry2="116" type="ECrel">
        <subtype name="compound" value="156"/>
    </relation>
    <relation entry1="95" entry2="109" type="ECrel">
        <subtype name="compound" value="183"/>
    </relation>
    <relation entry1="95" entry2="108" type="ECrel">
        <subtype name="compound" value="183"/>
    </relation>
    <relation entry1="94" entry2="158" type="maplink">
        <subtype name="compound" value="169"/>
    </relation>
    <relation entry1="105" entry2="94" type="maplink">
        <subtype name="compound" value="169"/>
    </relation>
    <relation entry1="116" entry2="94" type="maplink">
        <subtype name="compound" value="169"/>
    </relation>
    <relation entry1="117" entry2="94" type="maplink">
        <subtype name="compound" value="169"/>
    </relation>
    <relation entry1="126" entry2="94" type="maplink">
        <subtype name="compound" value="169"/>
    </relation>
    <relation entry1="105" entry2="158" type="maplink">
        <subtype name="compound" value="169"/>
    </relation>
    <relation entry1="116" entry2="158" type="maplink">
        <subtype name="compound" value="169"/>
    </relation>
    <relation entry1="117" entry2="158" type="maplink">
        <subtype name="compound" value="169"/>
    </relation>
    <relation entry1="126" entry2="158" type="maplink">
        <subtype name="compound" value="169"/>
    </relation>
    <relation entry1="188" entry2="187" type="maplink">
        <subtype name="compound" value="211"/>
    </relation>
    <relation entry1="117" entry2="187" type="ECrel">
        <subtype name="compound" value="169"/>
    </relation>
    <relation entry1="116" entry2="187" type="ECrel">
        <subtype name="compound" value="169"/>
    </relation>
    <relation entry1="105" entry2="187" type="ECrel">
        <subtype name="compound" value="169"/>
    </relation>
    <relation entry1="187" entry2="94" type="maplink">
        <subtype name="compound" value="169"/>
    </relation>
    <relation entry1="187" entry2="158" type="maplink">
        <subtype name="compound" value="169"/>
    </relation>
    <relation entry1="187" entry2="126" type="ECrel">
        <subtype name="compound" value="169"/>
    </relation>
    <relation entry1="110" entry2="198" type="maplink">
        <subtype name="compound" value="172"/>
    </relation>
    <reaction id="95" name="rn:R02536 rn:R02537" type="reversible">
        <substrate id="183" name="cpd:C00601"/>
        <product id="182" name="cpd:C07086"/>
    </reaction>
    <reaction id="105" name="rn:R00699" type="irreversible">
        <substrate id="169" name="cpd:C00079"/>
        <product id="181" name="cpd:C05332"/>
    </reaction>
    <reaction id="108" name="rn:R02613" type="reversible">
        <substrate id="181" name="cpd:C05332"/>
        <product id="183" name="cpd:C00601"/>
    </reaction>
    <reaction id="109" name="rn:R02613" type="reversible">
        <substrate id="181" name="cpd:C05332"/>
        <product id="183" name="cpd:C00601"/>
    </reaction>
    <reaction id="110" name="rn:R01372" type="irreversible">
        <substrate id="156" name="cpd:C00166"/>
        <product id="172" name="cpd:C05852"/>
    </reaction>
    <reaction id="116" name="rn:R00694" type="reversible">
        <substrate id="156" name="cpd:C00166"/>
        <product id="169" name="cpd:C00079"/>
    </reaction>
    <reaction id="117" name="rn:R00694" type="reversible">
        <substrate id="156" name="cpd:C00166"/>
        <product id="169" name="cpd:C00079"/>
    </reaction>
    <reaction id="119" name="rn:R01378" type="reversible">
        <substrate id="156" name="cpd:C00166"/>
        <product id="155" name="cpd:C02763"/>
    </reaction>
    <reaction id="126" name="rn:R00689" type="irreversible">
        <substrate id="169" name="cpd:C00079"/>
        <product id="156" name="cpd:C00166"/>
    </reaction>
    <reaction id="138" name="rn:R02452" type="irreversible">
        <substrate id="164" name="cpd:C00512"/>
        <product id="162" name="cpd:C01586"/>
    </reaction>
    <reaction id="187" name="rn:R01795" type="irreversible">
        <substrate id="169" name="cpd:C00079"/>
        <product id="211" name="cpd:C00082"/>
    </reaction>
</pathway>
