<?xml version="1.0"?>
<!DOCTYPE pathway SYSTEM "http://www.kegg.jp/kegg/xml/KGML_v0.7.2_.dtd">
<!-- Creation date: Jan 10, 2017 10:48:59 +0900 (GMT+9) -->
<pathway name="path:hsa00565" org="hsa" number="00565"
         title="Ether lipid metabolism"
         image="http://www.kegg.jp/kegg/pathway/hsa/hsa00565.png"
         link="http://www.kegg.jp/kegg-bin/show_pathway?hsa00565">
    <entry id="5" name="cpd:C15647" type="compound"
        link="http://www.kegg.jp/dbget-bin/www_bget?C15647">
        <graphics name="C15647" fgcolor="#000000" bgcolor="#FFFFFF"
             type="circle" x="539" y="689" width="8" height="8"/>
    </entry>
    <entry id="6" name="cpd:C15646" type="compound"
        link="http://www.kegg.jp/dbget-bin/www_bget?C15646">
        <graphics name="C15646" fgcolor="#000000" bgcolor="#FFFFFF"
             type="circle" x="468" y="636" width="8" height="8"/>
    </entry>
    <entry id="7" name="cpd:C15645" type="compound"
        link="http://www.kegg.jp/dbget-bin/www_bget?C15645">
        <graphics name="C15645" fgcolor="#000000" bgcolor="#FFFFFF"
             type="circle" x="371" y="566" width="8" height="8"/>
    </entry>
    <entry id="8" name="cpd:C02773" type="compound"
        link="http://www.kegg.jp/dbget-bin/www_bget?C02773">
        <graphics name="C02773" fgcolor="#000000" bgcolor="#FFFFFF"
             type="circle" x="325" y="205" width="8" height="8"/>
    </entry>
    <entry id="9" name="cpd:C01264" type="compound"
        link="http://www.kegg.jp/dbget-bin/www_bget?C01264">
        <graphics name="C01264" fgcolor="#000000" bgcolor="#FFFFFF"
             type="circle" x="180" y="349" width="8" height="8"/>
    </entry>
    <entry id="10" name="cpd:C04756" type="compound"
        link="http://www.kegg.jp/dbget-bin/www_bget?C04756">
        <graphics name="C04756" fgcolor="#000000" bgcolor="#FFFFFF"
             type="circle" x="612" y="564" width="8" height="8"/>
    </entry>
    <entry id="11" name="cpd:C04317" type="compound"
        link="http://www.kegg.jp/dbget-bin/www_bget?C04317">
        <graphics name="C04317" fgcolor="#000000" bgcolor="#FFFFFF"
             type="circle" x="180" y="565" width="8" height="8"/>
    </entry>
    <entry id="12" name="cpd:C01233" type="compound"
        link="http://www.kegg.jp/dbget-bin/www_bget?C01233">
        <graphics name="C01233" fgcolor="#000000" bgcolor="#FFFFFF"
             type="circle" x="468" y="495" width="8" height="8"/>
    </entry>
    <entry id="13" name="cpd:C03968" type="compound"
        link="http://www.kegg.jp/dbget-bin/www_bget?C03968">
        <graphics name="C03968" fgcolor="#000000" bgcolor="#FFFFFF"
             type="circle" x="395" y="277" width="8" height="8"/>
    </entry>
    <entry id="14" name="cpd:C03201" type="compound"
        link="http://www.kegg.jp/dbget-bin/www_bget?C03201">
        <graphics name="C03201" fgcolor="#000000" bgcolor="#FFFFFF"
             type="circle" x="612" y="422" width="8" height="8"/>
    </entry>
    <entry id="15" name="cpd:C04635" type="compound"
        link="http://www.kegg.jp/dbget-bin/www_bget?C04635">
        <graphics name="C04635" fgcolor="#000000" bgcolor="#FFFFFF"
             type="circle" x="468" y="566" width="8" height="8"/>
    </entry>
    <entry id="16" name="cpd:C03820" type="compound"
        link="http://www.kegg.jp/dbget-bin/www_bget?C03820">
        <graphics name="C03820" fgcolor="#000000" bgcolor="#FFFFFF"
             type="circle" x="180" y="421" width="8" height="8"/>
    </entry>
    <entry id="17" name="cpd:C04598" type="compound"
        link="http://www.kegg.jp/dbget-bin/www_bget?C04598">
        <graphics name="C04598" fgcolor="#000000" bgcolor="#FFFFFF"
             type="circle" x="180" y="493" width="8" height="8"/>
    </entry>
    <entry id="18" name="cpd:C03372" type="compound"
        link="http://www.kegg.jp/dbget-bin/www_bget?C03372">
        <graphics name="C03372" fgcolor="#000000" bgcolor="#FFFFFF"
             type="circle" x="395" y="133" width="8" height="8"/>
    </entry>
    <entry id="19" name="cpd:C03715" type="compound"
        link="http://www.kegg.jp/dbget-bin/www_bget?C03715">
        <graphics name="C03715" fgcolor="#000000" bgcolor="#FFFFFF"
             type="circle" x="395" y="205" width="8" height="8"/>
    </entry>
    <entry id="20" name="cpd:C05212" type="compound"
        link="http://www.kegg.jp/dbget-bin/www_bget?C05212">
        <graphics name="C05212" fgcolor="#000000" bgcolor="#FFFFFF"
             type="circle" x="313" y="565" width="8" height="8"/>
    </entry>
    <entry id="21" name="cpd:C04361" type="compound"
        link="http://www.kegg.jp/dbget-bin/www_bget?C04361">
        <graphics name="C04361" fgcolor="#000000" bgcolor="#FFFFFF"
             type="circle" x="73" y="420" width="8" height="8"/>
    </entry>
    <entry id="22" name="cpd:C04517" type="compound"
        link="http://www.kegg.jp/dbget-bin/www_bget?C04517">
        <graphics name="C04517" fgcolor="#000000" bgcolor="#FFFFFF"
             type="circle" x="504" y="817" width="8" height="8"/>
    </entry>
    <entry id="23" name="cpd:C03454" type="compound"
        link="http://www.kegg.jp/dbget-bin/www_bget?C03454">
        <graphics name="C03454" fgcolor="#000000" bgcolor="#FFFFFF"
             type="circle" x="612" y="745" width="8" height="8"/>
    </entry>
    <entry id="24" name="cpd:C00670" type="compound"
        link="http://www.kegg.jp/dbget-bin/www_bget?C00670">
        <graphics name="C00670" fgcolor="#000000" bgcolor="#FFFFFF"
             type="circle" x="504" y="893" width="8" height="8"/>
    </entry>
    <entry id="25" name="cpd:C00958" type="compound"
        link="http://www.kegg.jp/dbget-bin/www_bget?C00958">
        <graphics name="C00958" fgcolor="#000000" bgcolor="#FFFFFF"
             type="circle" x="612" y="818" width="8" height="8"/>
    </entry>
    <entry id="26" name="cpd:C04475" type="compound"
        link="http://www.kegg.jp/dbget-bin/www_bget?C04475">
        <graphics name="C04475" fgcolor="#000000" bgcolor="#FFFFFF"
             type="circle" x="612" y="493" width="8" height="8"/>
    </entry>
    <entry id="27" name="cpd:C05977" type="compound"
        link="http://www.kegg.jp/dbget-bin/www_bget?C05977">
        <graphics name="C05977" fgcolor="#000000" bgcolor="#FFFFFF"
             type="circle" x="612" y="349" width="8" height="8"/>
    </entry>
    <entry id="29" name="path:hsa00564" type="map"
        link="http://www.kegg.jp/dbget-bin/www_bget?hsa00564">
        <graphics name="Glycerophospholipid metabolism" fgcolor="#000000" bgcolor="#FFFFFF"
             type="roundrectangle" x="229" y="134" width="179" height="27"/>
    </entry>
    <entry id="30" name="path:hsa00565" type="map"
        link="http://www.kegg.jp/dbget-bin/www_bget?hsa00565">
        <graphics name="TITLE:Ether lipid metabolism" fgcolor="#000000" bgcolor="#FFFFFF"
             type="roundrectangle" x="144" y="58" width="207" height="25"/>
    </entry>
    <entry id="59" name="ko:K06123" type="ortholog" reaction="rn:R04360"
        link="http://www.kegg.jp/dbget-bin/www_bget?K06123">
        <graphics name="K06123" fgcolor="#000000" bgcolor="#FFFFFF"
             type="rectangle" x="395" y="238" width="46" height="17"/>
    </entry>
    <entry id="60" name="hsa:8540" type="gene" reaction="rn:R04311"
        link="http://www.kegg.jp/dbget-bin/www_bget?hsa:8540">
        <graphics name="AGPS, ADAP-S, ADAS, ADHAPS, ADPS, ALDHPSY, RCDP3" fgcolor="#000000" bgcolor="#BFFFBF"
             type="rectangle" x="396" y="168" width="46" height="17"/>
    </entry>
    <entry id="62" name="hsa:8611 hsa:8612 hsa:8613" type="gene" reaction="rn:R04162"
        link="http://www.kegg.jp/dbget-bin/www_bget?hsa:8611+hsa:8612+hsa:8613">
        <graphics name="PLPP1, LLP1a, LPP1, PAP-2a, PAP2, PPAP2A..." fgcolor="#000000" bgcolor="#BFFFBF"
             type="rectangle" x="613" y="383" width="46" height="17"/>
    </entry>
    <entry id="65" name="hsa:10390 hsa:56994" type="gene" reaction="rn:R04321"
        link="http://www.kegg.jp/dbget-bin/www_bget?hsa:10390+hsa:56994">
        <graphics name="CEPT1..." fgcolor="#000000" bgcolor="#BFFFBF"
             type="rectangle" x="180" y="453" width="46" height="17"/>
    </entry>
    <entry id="66" name="hsa:10390 hsa:85465" type="gene" reaction="rn:R06364"
        link="http://www.kegg.jp/dbget-bin/www_bget?hsa:10390+hsa:85465">
        <graphics name="CEPT1..." fgcolor="#000000" bgcolor="#BFFFBF"
             type="rectangle" x="613" y="453" width="46" height="17"/>
    </entry>
    <entry id="67" name="hsa:10390 hsa:56994" type="gene" reaction="rn:R07389"
        link="http://www.kegg.jp/dbget-bin/www_bget?hsa:10390+hsa:56994">
        <graphics name="CEPT1..." fgcolor="#000000" bgcolor="#BFFFBF"
             type="rectangle" x="314" y="453" width="46" height="17"/>
    </entry>
    <entry id="69" name="hsa:5048 hsa:5049 hsa:5050 hsa:5051 hsa:7941" type="gene" reaction="rn:R04452"
        link="http://www.kegg.jp/dbget-bin/www_bget?hsa:5048+hsa:5049+hsa:5050+hsa:5051+hsa:7941">
        <graphics name="PAFAH1B1, LIS1, LIS2, MDCR, MDS, NudF, PAFAH..." fgcolor="#000000" bgcolor="#BFFFBF"
             type="rectangle" x="159" y="521" width="46" height="17"/>
    </entry>
    <entry id="70" name="hsa:100137049 hsa:11145 hsa:123745 hsa:151056 hsa:255189 hsa:26279 hsa:283748 hsa:30814 hsa:391013 hsa:50487 hsa:5319 hsa:5320 hsa:5321 hsa:5322 hsa:64600 hsa:81579 hsa:8398 hsa:8399 hsa:84647 hsa:8605 hsa:8681" type="gene" reaction="rn:R07387"
        link="http://www.kegg.jp/dbget-bin/www_bget?hsa:100137049+hsa:11145+hsa:123745+hsa:151056+hsa:255189+hsa:26279+hsa:283748+hsa:30814+hsa:391013+hsa:50487+hsa:5319+hsa:5320+hsa:5321+hsa:5322+hsa:64600+hsa:81579+hsa:8398+hsa:8399+hsa:84647+hsa:8605+hsa:8681">
        <graphics name="PLA2G4B, HsT16992, cPLA2-beta..." fgcolor="#000000" bgcolor="#BFFFBF"
             type="rectangle" x="271" y="558" width="46" height="17"/>
    </entry>
    <entry id="71" name="hsa:54947 hsa:79888" type="gene" reaction="rn:R03438"
        link="http://www.kegg.jp/dbget-bin/www_bget?hsa:54947+hsa:79888">
        <graphics name="LPCAT2, AGPAT11, AYTL1, LysoPAFAT..." fgcolor="#000000" bgcolor="#BFFFBF"
             type="rectangle" x="223" y="576" width="46" height="17"/>
    </entry>
    <entry id="72" name="hsa:254531 hsa:54947 hsa:79888" type="gene" reaction="rn:R03437"
        link="http://www.kegg.jp/dbget-bin/www_bget?hsa:254531+hsa:54947+hsa:79888">
        <graphics name="LPCAT4, AGPAT7, AYTL3, LPAAT-eta, LPEAT2..." fgcolor="#000000" bgcolor="#BFFFBF"
             type="rectangle" x="203" y="541" width="46" height="17"/>
    </entry>
    <entry id="73" name="hsa:100137049 hsa:11145 hsa:123745 hsa:151056 hsa:255189 hsa:26279 hsa:283748 hsa:30814 hsa:391013 hsa:50487 hsa:5319 hsa:5320 hsa:5321 hsa:5322 hsa:64600 hsa:81579 hsa:8398 hsa:8399 hsa:84647 hsa:8605 hsa:8681" type="gene" reaction="rn:R07379"
        link="http://www.kegg.jp/dbget-bin/www_bget?hsa:100137049+hsa:11145+hsa:123745+hsa:151056+hsa:255189+hsa:26279+hsa:283748+hsa:30814+hsa:391013+hsa:50487+hsa:5319+hsa:5320+hsa:5321+hsa:5322+hsa:64600+hsa:81579+hsa:8398+hsa:8399+hsa:84647+hsa:8605+hsa:8681">
        <graphics name="PLA2G4B, HsT16992, cPLA2-beta..." fgcolor="#000000" bgcolor="#BFFFBF"
             type="rectangle" x="541" y="575" width="46" height="17"/>
    </entry>
    <entry id="74" name="hsa:254531" type="gene" reaction="rn:R04413"
        link="http://www.kegg.jp/dbget-bin/www_bget?hsa:254531">
        <graphics name="LPCAT4, AGPAT7, AYTL3, LPAAT-eta, LPEAT2" fgcolor="#000000" bgcolor="#BFFFBF"
             type="rectangle" x="541" y="556" width="46" height="17"/>
    </entry>
    <entry id="76" name="hsa:255043" type="gene" reaction="rn:R03415"
        link="http://www.kegg.jp/dbget-bin/www_bget?hsa:255043">
        <graphics name="TMEM86B" fgcolor="#000000" bgcolor="#BFFFBF"
             type="rectangle" x="485" y="525" width="46" height="17"/>
    </entry>
    <entry id="77" name="hsa:10390 hsa:85465" type="gene" reaction="rn:R07384"
        link="http://www.kegg.jp/dbget-bin/www_bget?hsa:10390+hsa:85465">
        <graphics name="CEPT1..." fgcolor="#000000" bgcolor="#BFFFBF"
             type="rectangle" x="593" y="656" width="46" height="17"/>
    </entry>
    <entry id="78" name="hsa:122618 hsa:23646 hsa:5337 hsa:5338" type="gene" reaction="rn:R07385"
        link="http://www.kegg.jp/dbget-bin/www_bget?hsa:122618+hsa:23646+hsa:5337+hsa:5338">
        <graphics name="PLD4, C14orf175..." fgcolor="#000000" bgcolor="#BFFFBF"
             type="rectangle" x="541" y="656" width="46" height="17"/>
    </entry>
    <entry id="79" name="ko:K01114 ko:K16619" type="ortholog" reaction="rn:R07381"
        link="http://www.kegg.jp/dbget-bin/www_bget?K01114+K16619">
        <graphics name="K01114..." fgcolor="#000000" bgcolor="#FFFFFF"
             type="rectangle" x="638" y="678" width="46" height="17"/>
    </entry>
    <entry id="82" name="hsa:255043" type="gene" reaction="rn:R02745"
        link="http://www.kegg.jp/dbget-bin/www_bget?hsa:255043">
        <graphics name="TMEM86B" fgcolor="#000000" bgcolor="#BFFFBF"
             type="rectangle" x="505" y="854" width="46" height="17"/>
    </entry>
    <entry id="83" name="hsa:284161 hsa:5168 hsa:79153" type="gene" reaction="rn:R07388"
        link="http://www.kegg.jp/dbget-bin/www_bget?hsa:284161+hsa:5168+hsa:79153">
        <graphics name="GDPD1, GDE4..." fgcolor="#000000" bgcolor="#BFFFBF"
             type="rectangle" x="469" y="595" width="46" height="17"/>
    </entry>
    <entry id="86" name="hsa:133121" type="gene" reaction="rn:R07380"
        link="http://www.kegg.jp/dbget-bin/www_bget?hsa:133121">
        <graphics name="ENPP6, NPP6" fgcolor="#000000" bgcolor="#BFFFBF"
             type="rectangle" x="423" y="566" width="46" height="17"/>
    </entry>
    <entry id="89" name="cpd:C20859" type="compound"
        link="http://www.kegg.jp/dbget-bin/www_bget?C20859">
        <graphics name="C20859" fgcolor="#000000" bgcolor="#FFFFFF"
             type="circle" x="794" y="493" width="8" height="8"/>
    </entry>
    <entry id="90" name="cpd:C20825" type="compound"
        link="http://www.kegg.jp/dbget-bin/www_bget?C20825">
        <graphics name="C20825" fgcolor="#000000" bgcolor="#FFFFFF"
             type="circle" x="794" y="564" width="8" height="8"/>
    </entry>
    <entry id="92" name="hsa:7368" type="gene" reaction="rn:R10804"
        link="http://www.kegg.jp/dbget-bin/www_bget?hsa:7368">
        <graphics name="UGT8, CGT, UGT4" fgcolor="#000000" bgcolor="#BFFFBF"
             type="rectangle" x="794" y="453" width="46" height="17"/>
    </entry>
    <entry id="93" name="hsa:9514" type="gene" reaction="rn:R10805"
        link="http://www.kegg.jp/dbget-bin/www_bget?hsa:9514">
        <graphics name="GAL3ST1, CST" fgcolor="#000000" bgcolor="#BFFFBF"
             type="rectangle" x="794" y="516" width="46" height="17"/>
    </entry>
    <relation entry1="69" entry2="65" type="ECrel">
        <subtype name="compound" value="17"/>
    </relation>
    <relation entry1="65" entry2="72" type="ECrel">
        <subtype name="compound" value="17"/>
    </relation>
    <relation entry1="69" entry2="70" type="ECrel">
        <subtype name="compound" value="11"/>
    </relation>
    <relation entry1="69" entry2="71" type="ECrel">
        <subtype name="compound" value="11"/>
    </relation>
    <relation entry1="70" entry2="72" type="ECrel">
        <subtype name="compound" value="11"/>
    </relation>
    <relation entry1="71" entry2="72" type="ECrel">
        <subtype name="compound" value="11"/>
    </relation>
    <relation entry1="70" entry2="67" type="ECrel">
        <subtype name="compound" value="20"/>
    </relation>
    <relation entry1="71" entry2="67" type="ECrel">
        <subtype name="compound" value="20"/>
    </relation>
    <relation entry1="62" entry2="67" type="ECrel">
        <subtype name="compound" value="14"/>
    </relation>
    <relation entry1="66" entry2="62" type="ECrel">
        <subtype name="compound" value="14"/>
    </relation>
    <relation entry1="66" entry2="67" type="ECrel">
        <subtype name="compound" value="14"/>
    </relation>
    <relation entry1="78" entry2="74" type="ECrel">
        <subtype name="compound" value="10"/>
    </relation>
    <relation entry1="77" entry2="74" type="ECrel">
        <subtype name="compound" value="10"/>
    </relation>
    <relation entry1="78" entry2="73" type="ECrel">
        <subtype name="compound" value="10"/>
    </relation>
    <relation entry1="77" entry2="73" type="ECrel">
        <subtype name="compound" value="10"/>
    </relation>
    <relation entry1="77" entry2="78" type="ECrel">
        <subtype name="compound" value="10"/>
    </relation>
    <relation entry1="76" entry2="86" type="ECrel">
        <subtype name="compound" value="15"/>
    </relation>
    <relation entry1="83" entry2="76" type="ECrel">
        <subtype name="compound" value="15"/>
    </relation>
    <relation entry1="76" entry2="73" type="ECrel">
        <subtype name="compound" value="15"/>
    </relation>
    <relation entry1="76" entry2="74" type="ECrel">
        <subtype name="compound" value="15"/>
    </relation>
    <relation entry1="83" entry2="86" type="ECrel">
        <subtype name="compound" value="15"/>
    </relation>
    <relation entry1="73" entry2="86" type="ECrel">
        <subtype name="compound" value="15"/>
    </relation>
    <relation entry1="86" entry2="74" type="ECrel">
        <subtype name="compound" value="15"/>
    </relation>
    <relation entry1="83" entry2="73" type="ECrel">
        <subtype name="compound" value="15"/>
    </relation>
    <relation entry1="83" entry2="74" type="ECrel">
        <subtype name="compound" value="15"/>
    </relation>
    <relation entry1="60" entry2="29" type="maplink">
        <subtype name="compound" value="18"/>
    </relation>
    <relation entry1="92" entry2="62" type="ECrel">
        <subtype name="compound" value="14"/>
    </relation>
    <relation entry1="92" entry2="66" type="ECrel">
        <subtype name="compound" value="14"/>
    </relation>
    <relation entry1="92" entry2="67" type="ECrel">
        <subtype name="compound" value="14"/>
    </relation>
    <relation entry1="92" entry2="93" type="ECrel">
        <subtype name="compound" value="89"/>
    </relation>
    <reaction id="60" name="rn:R04311" type="irreversible">
        <substrate id="18" name="cpd:C03372"/>
        <product id="19" name="cpd:C03715"/>
    </reaction>
    <reaction id="69" name="rn:R04452" type="irreversible">
        <substrate id="17" name="cpd:C04598"/>
        <product id="11" name="cpd:C04317"/>
    </reaction>
    <reaction id="65" name="rn:R04321" type="irreversible">
        <substrate id="16" name="cpd:C03820"/>
        <product id="17" name="cpd:C04598"/>
    </reaction>
    <reaction id="66" name="rn:R06364" type="irreversible">
        <substrate id="14" name="cpd:C03201"/>
        <product id="26" name="cpd:C04475"/>
    </reaction>
    <reaction id="83" name="rn:R07388" type="irreversible">
        <substrate id="15" name="cpd:C04635"/>
        <product id="6" name="cpd:C15646"/>
    </reaction>
    <reaction id="62" name="rn:R04162" type="irreversible">
        <substrate id="27" name="cpd:C05977"/>
        <product id="14" name="cpd:C03201"/>
    </reaction>
    <reaction id="76" name="rn:R03415" type="irreversible">
        <substrate id="12" name="cpd:C01233"/>
        <product id="15" name="cpd:C04635"/>
    </reaction>
    <reaction id="70" name="rn:R07387" type="irreversible">
        <substrate id="20" name="cpd:C05212"/>
        <product id="11" name="cpd:C04317"/>
    </reaction>
    <reaction id="77" name="rn:R07384" type="reversible">
        <substrate id="10" name="cpd:C04756"/>
        <product id="23" name="cpd:C03454"/>
    </reaction>
    <reaction id="78" name="rn:R07385" type="irreversible">
        <substrate id="10" name="cpd:C04756"/>
        <product id="5" name="cpd:C15647"/>
    </reaction>
    <reaction id="73" name="rn:R07379" type="irreversible">
        <substrate id="10" name="cpd:C04756"/>
        <product id="15" name="cpd:C04635"/>
    </reaction>
    <reaction id="71" name="rn:R03438" type="irreversible">
        <substrate id="11" name="cpd:C04317"/>
        <product id="20" name="cpd:C05212"/>
    </reaction>
    <reaction id="72" name="rn:R03437" type="irreversible">
        <substrate id="11" name="cpd:C04317"/>
        <product id="17" name="cpd:C04598"/>
    </reaction>
    <reaction id="67" name="rn:R07389" type="irreversible">
        <substrate id="14" name="cpd:C03201"/>
        <product id="20" name="cpd:C05212"/>
    </reaction>
    <reaction id="82" name="rn:R02745" type="irreversible">
        <substrate id="22" name="cpd:C04517"/>
        <product id="24" name="cpd:C00670"/>
    </reaction>
    <reaction id="86" name="rn:R07380" type="irreversible">
        <substrate id="15" name="cpd:C04635"/>
        <product id="7" name="cpd:C15645"/>
    </reaction>
    <reaction id="74" name="rn:R04413" type="irreversible">
        <substrate id="15" name="cpd:C04635"/>
        <product id="10" name="cpd:C04756"/>
    </reaction>
    <reaction id="92" name="rn:R10804" type="irreversible">
        <substrate id="14" name="cpd:C03201"/>
        <product id="89" name="cpd:C20859"/>
    </reaction>
    <reaction id="93" name="rn:R10805" type="irreversible">
        <substrate id="89" name="cpd:C20859"/>
        <product id="90" name="cpd:C20825"/>
    </reaction>
</pathway>
