<?xml version="1.0"?>
<!DOCTYPE pathway SYSTEM "http://www.kegg.jp/kegg/xml/KGML_v0.7.2_.dtd">
<!-- Creation date: Jun 24, 2019 11:26:46 +0900 (GMT+9) -->
<pathway name="path:hsa04666" org="hsa" number="04666"
         title="Fc gamma R-mediated phagocytosis"
         image="http://www.kegg.jp/kegg/pathway/hsa/hsa04666.png"
         link="http://www.kegg.jp/kegg-bin/show_pathway?hsa04666">
    <entry id="17" name="hsa:2214 hsa:2215" type="gene"
        link="http://www.kegg.jp/dbget-bin/www_bget?hsa:2214+hsa:2215">
        <graphics name="FCGR3A, CD16, CD16A, FCG3, FCGR3, FCGRIII, FCR-10, FCRIII, FCRIIIA, IGFR3, IMD20..." fgcolor="#000000" bgcolor="#BFFFBF"
             type="rectangle" x="249" y="398" width="46" height="17"/>
    </entry>
    <entry id="18" name="hsa:2213" type="gene"
        link="http://www.kegg.jp/dbget-bin/www_bget?hsa:2213">
        <graphics name="FCGR2B, CD32, CD32B, FCG2, FCGR2, FCGR2C, FcRII-c, IGFR2" fgcolor="#000000" bgcolor="#BFFFBF"
             type="rectangle" x="249" y="182" width="46" height="17"/>
    </entry>
    <entry id="19" name="hsa:2212" type="gene"
        link="http://www.kegg.jp/dbget-bin/www_bget?hsa:2212">
        <graphics name="FCGR2A, CD32, CD32A, CDw32, FCG2, FCGR2, FCGR2A1, FcGR, IGFR2" fgcolor="#000000" bgcolor="#BFFFBF"
             type="rectangle" x="249" y="373" width="46" height="17"/>
    </entry>
    <entry id="20" name="hsa:2209" type="gene"
        link="http://www.kegg.jp/dbget-bin/www_bget?hsa:2209">
        <graphics name="FCGR1A, CD64, CD64A, FCRI, IGFR1" fgcolor="#000000" bgcolor="#BFFFBF"
             type="rectangle" x="249" y="348" width="46" height="17"/>
    </entry>
    <entry id="21" name="hsa:3055 hsa:4067" type="gene"
        link="http://www.kegg.jp/dbget-bin/www_bget?hsa:3055+hsa:4067">
        <graphics name="HCK, JTK9, p59Hck, p61Hck..." fgcolor="#000000" bgcolor="#BFFFBF"
             type="rectangle" x="302" y="296" width="46" height="17"/>
    </entry>
    <entry id="22" name="hsa:6850" type="gene"
        link="http://www.kegg.jp/dbget-bin/www_bget?hsa:6850">
        <graphics name="SYK, p72-Syk" fgcolor="#000000" bgcolor="#BFFFBF"
             type="rectangle" x="319" y="373" width="46" height="17"/>
    </entry>
    <entry id="23" name="hsa:5788" type="gene"
        link="http://www.kegg.jp/dbget-bin/www_bget?hsa:5788">
        <graphics name="PTPRC, B220, CD45, CD45R, GP180, L-CA, LCA, LY5, T200" fgcolor="#000000" bgcolor="#BFFFBF"
             type="rectangle" x="249" y="224" width="46" height="17"/>
    </entry>
    <entry id="28" name="hsa:102723407" type="gene"
        link="http://www.kegg.jp/dbget-bin/www_bget?hsa:102723407">
        <graphics name="IGH, IGH@, IGHV4, IGHV4-30, IGHV4-b, IGVH, IGVH4-39, IGVH4-b, IGVH4b, IgA, IgT, ighv" fgcolor="#000000" bgcolor="#BFFFBF"
             type="rectangle" x="182" y="373" width="46" height="17"/>
    </entry>
    <entry id="29" name="hsa:5290 hsa:5291 hsa:5293 hsa:5295 hsa:5296 hsa:8503" type="gene"
        link="http://www.kegg.jp/dbget-bin/www_bget?hsa:5290+hsa:5291+hsa:5293+hsa:5295+hsa:5296+hsa:8503">
        <graphics name="PIK3CA, CLAPO, CLOVE, CWS5, MCAP, MCM, MCMTC, PI3K, PI3K-alpha, p110-alpha..." fgcolor="#000000" bgcolor="#BFFFBF"
             type="rectangle" x="419" y="296" width="46" height="17"/>
    </entry>
    <entry id="31" name="hsa:3635 hsa:3636" type="gene"
        link="http://www.kegg.jp/dbget-bin/www_bget?hsa:3635+hsa:3636">
        <graphics name="INPP5D, SHIP, SHIP-1, SHIP1, SIP-145, hp51CN, p150Ship..." fgcolor="#000000" bgcolor="#BFFFBF"
             type="rectangle" x="412" y="182" width="46" height="17"/>
    </entry>
    <entry id="32" name="hsa:27040" type="gene"
        link="http://www.kegg.jp/dbget-bin/www_bget?hsa:27040">
        <graphics name="LAT, IMD52, LAT1, pp36" fgcolor="#000000" bgcolor="#BFFFBF"
             type="rectangle" x="396" y="243" width="46" height="17"/>
    </entry>
    <entry id="36" name="cpd:C05981" type="compound"
        link="http://www.kegg.jp/dbget-bin/www_bget?C05981">
        <graphics name="C05981" fgcolor="#000000" bgcolor="#FFFFFF"
             type="circle" x="483" y="296" width="8" height="8"/>
    </entry>
    <entry id="40" name="hsa:5335 hsa:5336" type="gene"
        link="http://www.kegg.jp/dbget-bin/www_bget?hsa:5335+hsa:5336">
        <graphics name="PLCG1, NCKAP3, PLC-II, PLC1, PLC148, PLCgamma1..." fgcolor="#000000" bgcolor="#BFFFBF"
             type="rectangle" x="539" y="340" width="46" height="17"/>
    </entry>
    <entry id="42" name="cpd:C01245" type="compound"
        link="http://www.kegg.jp/dbget-bin/www_bget?C01245">
        <graphics name="C01245" fgcolor="#000000" bgcolor="#FFFFFF"
             type="circle" x="574" y="483" width="8" height="8"/>
    </entry>
    <entry id="44" name="cpd:C00165" type="compound"
        link="http://www.kegg.jp/dbget-bin/www_bget?C00165">
        <graphics name="C00165" fgcolor="#000000" bgcolor="#FFFFFF"
             type="circle" x="617" y="358" width="8" height="8"/>
    </entry>
    <entry id="46" name="hsa:5580 hsa:5581" type="gene"
        link="http://www.kegg.jp/dbget-bin/www_bget?hsa:5580+hsa:5581">
        <graphics name="PRKCD, ALPS3, CVID9, MAY1, PKCD, nPKC-delta..." fgcolor="#000000" bgcolor="#BFFFBF"
             type="rectangle" x="682" y="358" width="46" height="17"/>
    </entry>
    <entry id="47" name="hsa:5894" type="gene"
        link="http://www.kegg.jp/dbget-bin/www_bget?hsa:5894">
        <graphics name="RAF1, CMD1NN, CRAF, NS5, Raf-1, c-Raf" fgcolor="#000000" bgcolor="#BFFFBF"
             type="rectangle" x="762" y="377" width="46" height="17"/>
    </entry>
    <entry id="48" name="hsa:5604" type="gene"
        link="http://www.kegg.jp/dbget-bin/www_bget?hsa:5604">
        <graphics name="MAP2K1, CFC3, MAPKK1, MEK1, MKK1, PRKMK1" fgcolor="#000000" bgcolor="#BFFFBF"
             type="rectangle" x="832" y="377" width="46" height="17"/>
    </entry>
    <entry id="49" name="hsa:5594 hsa:5595" type="gene"
        link="http://www.kegg.jp/dbget-bin/www_bget?hsa:5594+hsa:5595">
        <graphics name="MAPK1, ERK, ERK-2, ERK2, ERT1, MAPK2, P42MAPK, PRKM1, PRKM2, p38, p40, p41, p41mapk, p42-MAPK..." fgcolor="#000000" bgcolor="#BFFFBF"
             type="rectangle" x="902" y="377" width="46" height="17"/>
    </entry>
    <entry id="50" name="hsa:100137049 hsa:123745 hsa:255189 hsa:283748 hsa:5321 hsa:8605 hsa:8681" type="gene"
        link="http://www.kegg.jp/dbget-bin/www_bget?hsa:100137049+hsa:123745+hsa:255189+hsa:283748+hsa:5321+hsa:8605+hsa:8681">
        <graphics name="PLA2G4B, HsT16992, cPLA2-beta..." fgcolor="#000000" bgcolor="#BFFFBF"
             type="rectangle" x="972" y="377" width="46" height="17"/>
    </entry>
    <entry id="52" name="cpd:C00076" type="compound"
        link="http://www.kegg.jp/dbget-bin/www_bget?C00076">
        <graphics name="C00076" fgcolor="#000000" bgcolor="#FFFFFF"
             type="circle" x="719" y="521" width="8" height="8"/>
    </entry>
    <entry id="58" name="hsa:10000 hsa:207 hsa:208" type="gene"
        link="http://www.kegg.jp/dbget-bin/www_bget?hsa:10000+hsa:207+hsa:208">
        <graphics name="AKT3, MPPH, MPPH2, PKB-GAMMA, PKBG, PRKBG, RAC-PK-gamma, RAC-gamma, STK-2..." fgcolor="#000000" bgcolor="#BFFFBF"
             type="rectangle" x="611" y="278" width="46" height="17"/>
    </entry>
    <entry id="59" name="hsa:6198 hsa:6199" type="gene"
        link="http://www.kegg.jp/dbget-bin/www_bget?hsa:6198+hsa:6199">
        <graphics name="RPS6KB1, PS6K, S6K, S6K-beta-1, S6K1, STK14A, p70_S6KA, p70(S6K)-alpha, p70-S6K, p70-alpha..." fgcolor="#000000" bgcolor="#BFFFBF"
             type="rectangle" x="697" y="278" width="46" height="17"/>
    </entry>
    <entry id="65" name="hsa:10451 hsa:7409 hsa:7410" type="gene"
        link="http://www.kegg.jp/dbget-bin/www_bget?hsa:10451+hsa:7409+hsa:7410">
        <graphics name="VAV3..." fgcolor="#000000" bgcolor="#BFFFBF"
             type="rectangle" x="501" y="766" width="46" height="17"/>
    </entry>
    <entry id="66" name="hsa:5879 hsa:5880" type="gene"
        link="http://www.kegg.jp/dbget-bin/www_bget?hsa:5879+hsa:5880">
        <graphics name="RAC1, MIG5, MRD48, Rac-1, TC-25, p21-Rac1..." fgcolor="#000000" bgcolor="#BFFFBF"
             type="rectangle" x="650" y="766" width="46" height="17"/>
    </entry>
    <entry id="67" name="hsa:10163 hsa:10810 hsa:8936" type="gene"
        link="http://www.kegg.jp/dbget-bin/www_bget?hsa:10163+hsa:10810+hsa:8936">
        <graphics name="WASF2, IMD2, SCAR2, WASF4, WAVE2, dJ393P12.2..." fgcolor="#000000" bgcolor="#BFFFBF"
             type="rectangle" x="735" y="716" width="46" height="17"/>
    </entry>
    <entry id="68" name="hsa:10092 hsa:10093 hsa:10094 hsa:10095 hsa:10109 hsa:10552 hsa:81873" type="gene"
        link="http://www.kegg.jp/dbget-bin/www_bget?hsa:10092+hsa:10093+hsa:10094+hsa:10095+hsa:10109+hsa:10552+hsa:81873">
        <graphics name="ARPC5, ARC16, dJ127C7.3, p16-Arc..." fgcolor="#000000" bgcolor="#BFFFBF"
             type="rectangle" x="820" y="681" width="46" height="17"/>
    </entry>
    <entry id="73" name="hsa:998" type="gene"
        link="http://www.kegg.jp/dbget-bin/www_bget?hsa:998">
        <graphics name="CDC42, CDC42Hs, G25K, TKS" fgcolor="#000000" bgcolor="#BFFFBF"
             type="rectangle" x="650" y="678" width="46" height="17"/>
    </entry>
    <entry id="74" name="hsa:7454" type="gene"
        link="http://www.kegg.jp/dbget-bin/www_bget?hsa:7454">
        <graphics name="WAS, IMD2, SCNX, THC, THC1, WASP, WASPA" fgcolor="#000000" bgcolor="#BFFFBF"
             type="rectangle" x="735" y="656" width="46" height="17"/>
    </entry>
    <entry id="78" name="cpd:C04637" type="compound"
        link="http://www.kegg.jp/dbget-bin/www_bget?C04637">
        <graphics name="C04637" fgcolor="#000000" bgcolor="#FFFFFF"
             type="circle" x="687" y="600" width="8" height="8"/>
    </entry>
    <entry id="80" name="hsa:1794" type="gene"
        link="http://www.kegg.jp/dbget-bin/www_bget?hsa:1794">
        <graphics name="DOCK2, IMD40" fgcolor="#000000" bgcolor="#BFFFBF"
             type="rectangle" x="548" y="829" width="46" height="17"/>
    </entry>
    <entry id="81" name="hsa:1398 hsa:1399" type="gene"
        link="http://www.kegg.jp/dbget-bin/www_bget?hsa:1398+hsa:1399">
        <graphics name="CRK, CRKII, p38..." fgcolor="#000000" bgcolor="#BFFFBF"
             type="rectangle" x="492" y="829" width="46" height="17"/>
    </entry>
    <entry id="83" name="cpd:C00416" type="compound"
        link="http://www.kegg.jp/dbget-bin/www_bget?C00416">
        <graphics name="C00416" fgcolor="#000000" bgcolor="#FFFFFF"
             type="circle" x="519" y="452" width="8" height="8"/>
    </entry>
    <entry id="86" name="hsa:5337 hsa:5338" type="gene"
        link="http://www.kegg.jp/dbget-bin/www_bget?hsa:5337+hsa:5338">
        <graphics name="PLD1, CVDD..." fgcolor="#000000" bgcolor="#BFFFBF"
             type="rectangle" x="466" y="479" width="46" height="17"/>
    </entry>
    <entry id="87" name="hsa:5058" type="gene"
        link="http://www.kegg.jp/dbget-bin/www_bget?hsa:5058">
        <graphics name="PAK1, IDDMSSD, PAKalpha" fgcolor="#000000" bgcolor="#BFFFBF"
             type="rectangle" x="735" y="766" width="46" height="17"/>
    </entry>
    <entry id="89" name="hsa:7408" type="gene"
        link="http://www.kegg.jp/dbget-bin/www_bget?hsa:7408">
        <graphics name="VASP" fgcolor="#000000" bgcolor="#BFFFBF"
             type="rectangle" x="735" y="673" width="46" height="17"/>
    </entry>
    <entry id="90" name="hsa:3984 hsa:3985" type="gene"
        link="http://www.kegg.jp/dbget-bin/www_bget?hsa:3984+hsa:3985">
        <graphics name="LIMK1, LIMK, LIMK-1..." fgcolor="#000000" bgcolor="#BFFFBF"
             type="rectangle" x="820" y="766" width="46" height="17"/>
    </entry>
    <entry id="93" name="hsa:1072 hsa:1073" type="gene"
        link="http://www.kegg.jp/dbget-bin/www_bget?hsa:1072+hsa:1073">
        <graphics name="CFL1, CFL, HEL-S-15, cofilin..." fgcolor="#000000" bgcolor="#BFFFBF"
             type="rectangle" x="905" y="766" width="46" height="17"/>
    </entry>
    <entry id="96" name="hsa:50807 hsa:55616 hsa:8853" type="gene"
        link="http://www.kegg.jp/dbget-bin/www_bget?hsa:50807+hsa:55616+hsa:8853">
        <graphics name="ASAP1, AMAP1, CENTB4, DDEF1, PAG2, PAP, ZG14P..." fgcolor="#000000" bgcolor="#BFFFBF"
             type="rectangle" x="650" y="848" width="46" height="17"/>
    </entry>
    <entry id="98" name="hsa:8398" type="gene"
        link="http://www.kegg.jp/dbget-bin/www_bget?hsa:8398">
        <graphics name="PLA2G6, CaI-PLA2, GVI, INAD1, IPLA2-VIA, NBIA2, NBIA2A, NBIA2B, PARK14, PLA2, PNPLA9, iPLA2, iPLA2beta" fgcolor="#000000" bgcolor="#BFFFBF"
             type="rectangle" x="972" y="428" width="46" height="17"/>
    </entry>
    <entry id="100" name="hsa:4082 hsa:65108" type="gene"
        link="http://www.kegg.jp/dbget-bin/www_bget?hsa:4082+hsa:65108">
        <graphics name="MARCKS, 80K-L, MACS, PKCSL, PRKCSL..." fgcolor="#000000" bgcolor="#BFFFBF"
             type="rectangle" x="811" y="330" width="46" height="17"/>
    </entry>
    <entry id="103" name="hsa:4651" type="gene"
        link="http://www.kegg.jp/dbget-bin/www_bget?hsa:4651">
        <graphics name="MYO10" fgcolor="#000000" bgcolor="#BFFFBF"
             type="rectangle" x="561" y="236" width="46" height="17"/>
    </entry>
    <entry id="105" name="cpd:C06124" type="compound"
        link="http://www.kegg.jp/dbget-bin/www_bget?C06124">
        <graphics name="C06124" fgcolor="#000000" bgcolor="#FFFFFF"
             type="circle" x="676" y="540" width="8" height="8"/>
    </entry>
    <entry id="107" name="hsa:2934 hsa:85477" type="gene"
        link="http://www.kegg.jp/dbget-bin/www_bget?hsa:2934+hsa:85477">
        <graphics name="GSN, ADF, AGEL..." fgcolor="#000000" bgcolor="#BFFFBF"
             type="rectangle" x="834" y="575" width="46" height="17"/>
    </entry>
    <entry id="109" name="hsa:23396 hsa:8394 hsa:8395" type="gene"
        link="http://www.kegg.jp/dbget-bin/www_bget?hsa:23396+hsa:8394+hsa:8395">
        <graphics name="PIP5K1C, LCCS3, PIP5K-GAMMA, PIP5K1-gamma, PIP5Kgamma..." fgcolor="#000000" bgcolor="#BFFFBF"
             type="rectangle" x="607" y="600" width="46" height="17"/>
    </entry>
    <entry id="112" name="hsa:8611 hsa:8612 hsa:8613" type="gene"
        link="http://www.kegg.jp/dbget-bin/www_bget?hsa:8611+hsa:8612+hsa:8613">
        <graphics name="PLPP1, LLP1a, LPP1, PAP-2a, PAP2, PPAP2A..." fgcolor="#000000" bgcolor="#BFFFBF"
             type="rectangle" x="582" y="404" width="46" height="17"/>
    </entry>
    <entry id="117" name="hsa:9846" type="gene"
        link="http://www.kegg.jp/dbget-bin/www_bget?hsa:9846">
        <graphics name="GAB2" fgcolor="#000000" bgcolor="#BFFFBF"
             type="rectangle" x="360" y="273" width="46" height="17"/>
    </entry>
    <entry id="120" name="hsa:382" type="gene"
        link="http://www.kegg.jp/dbget-bin/www_bget?hsa:382">
        <graphics name="ARF6" fgcolor="#000000" bgcolor="#BFFFBF"
             type="rectangle" x="506" y="629" width="46" height="17"/>
    </entry>
    <entry id="123" name="hsa:382" type="gene"
        link="http://www.kegg.jp/dbget-bin/www_bget?hsa:382">
        <graphics name="ARF6" fgcolor="#000000" bgcolor="#BFFFBF"
             type="rectangle" x="735" y="816" width="46" height="17"/>
    </entry>
    <entry id="125" name="hsa:1785" type="gene"
        link="http://www.kegg.jp/dbget-bin/www_bget?hsa:1785">
        <graphics name="DNM2, CMT2M, CMTDI1, CMTDIB, DI-CMTB, DYN2, DYNII, LCCS5" fgcolor="#000000" bgcolor="#BFFFBF"
             type="rectangle" x="561" y="175" width="46" height="17"/>
    </entry>
    <entry id="128" name="hsa:653361" type="gene"
        link="http://www.kegg.jp/dbget-bin/www_bget?hsa:653361">
        <graphics name="NCF1, NCF1A, NOXO2, SH3PXD1A, p47phox" fgcolor="#000000" bgcolor="#BFFFBF"
             type="rectangle" x="972" y="518" width="46" height="17"/>
    </entry>
    <entry id="131" name="hsa:273 hsa:274" type="gene"
        link="http://www.kegg.jp/dbget-bin/www_bget?hsa:273+hsa:274">
        <graphics name="AMPH, AMPH1..." fgcolor="#000000" bgcolor="#BFFFBF"
             type="rectangle" x="561" y="197" width="46" height="17"/>
    </entry>
    <entry id="132" name="path:hsa04810" type="map"
        link="http://www.kegg.jp/dbget-bin/www_bget?hsa04810">
        <graphics name="Regulation of actin cytoskeleton" fgcolor="#000000" bgcolor="#FFFFFF"
             type="roundrectangle" x="1155" y="263" width="118" height="34"/>
    </entry>
    <entry id="135" name="path:hsa04810" type="map"
        link="http://www.kegg.jp/dbget-bin/www_bget?hsa04810">
        <graphics name="Regulation of actin cytoskeleton" fgcolor="#000000" bgcolor="#FFFFFF"
             type="roundrectangle" x="1155" y="693" width="118" height="34"/>
    </entry>
    <entry id="140" name="path:hsa04020" type="map"
        link="http://www.kegg.jp/dbget-bin/www_bget?hsa04020">
        <graphics name="Calcium signaling pathway" fgcolor="#000000" bgcolor="#FFFFFF"
             type="roundrectangle" x="672" y="465" width="118" height="34"/>
    </entry>
    <entry id="141" name="path:hsa04144" type="map"
        link="http://www.kegg.jp/dbget-bin/www_bget?hsa04144">
        <graphics name="Endocytosis" fgcolor="#000000" bgcolor="#FFFFFF"
             type="roundrectangle" x="1155" y="374" width="96" height="25"/>
    </entry>
    <entry id="145" name="hsa:56848 hsa:8877" type="gene"
        link="http://www.kegg.jp/dbget-bin/www_bget?hsa:56848+hsa:8877">
        <graphics name="SPHK2, SK_2, SK-2, SPK_2, SPK-2..." fgcolor="#000000" bgcolor="#BFFFBF"
             type="rectangle" x="617" y="540" width="46" height="17"/>
    </entry>
    <entry id="150" name="cpd:C00219" type="compound"
        link="http://www.kegg.jp/dbget-bin/www_bget?C00219">
        <graphics name="C00219" fgcolor="#000000" bgcolor="#FFFFFF"
             type="circle" x="1034" y="398" width="8" height="8"/>
    </entry>
    <entry id="152" name="path:hsa04142" type="map"
        link="http://www.kegg.jp/dbget-bin/www_bget?hsa04142">
        <graphics name="Lysosome" fgcolor="#000000" bgcolor="#FFFFFF"
             type="roundrectangle" x="1155" y="804" width="96" height="25"/>
    </entry>
    <entry id="157" name="hsa:5578 hsa:5579 hsa:5582" type="gene"
        link="http://www.kegg.jp/dbget-bin/www_bget?hsa:5578+hsa:5579+hsa:5582">
        <graphics name="PRKCA, AAG6, PKC-alpha, PKCA, PKCI+/-, PKCalpha, PRKACA..." fgcolor="#000000" bgcolor="#BFFFBF"
             type="rectangle" x="830" y="488" width="46" height="17"/>
    </entry>
    <entry id="160" name="path:hsa04666" type="map"
        link="http://www.kegg.jp/dbget-bin/www_bget?hsa04666">
        <graphics name="TITLE:Fc gamma R-mediated phagocytosis" fgcolor="#000000" bgcolor="#FFFFFF"
             type="roundrectangle" x="162" y="58" width="243" height="25"/>
    </entry>
    <entry id="161" name="undefined" type="group">
        <graphics fgcolor="#000000" bgcolor="#FFFFFF"
             type="rectangle" x="735" y="664" width="46" height="34"/>
        <component id="74"/>
        <component id="89"/>
    </entry>
    <entry id="162" name="undefined" type="group">
        <graphics fgcolor="#000000" bgcolor="#FFFFFF"
             type="rectangle" x="561" y="186" width="46" height="39"/>
        <component id="125"/>
        <component id="131"/>
    </entry>
    <relation entry1="28" entry2="20" type="PPrel">
        <subtype name="activation" value="--&gt;"/>
        <subtype name="binding/association" value="---"/>
    </relation>
    <relation entry1="28" entry2="19" type="PPrel">
        <subtype name="activation" value="--&gt;"/>
        <subtype name="binding/association" value="---"/>
    </relation>
    <relation entry1="28" entry2="17" type="PPrel">
        <subtype name="activation" value="--&gt;"/>
        <subtype name="binding/association" value="---"/>
    </relation>
    <relation entry1="21" entry2="20" type="PPrel">
        <subtype name="activation" value="--&gt;"/>
        <subtype name="phosphorylation" value="+p"/>
    </relation>
    <relation entry1="21" entry2="19" type="PPrel">
        <subtype name="activation" value="--&gt;"/>
        <subtype name="phosphorylation" value="+p"/>
    </relation>
    <relation entry1="21" entry2="17" type="PPrel">
        <subtype name="activation" value="--&gt;"/>
        <subtype name="phosphorylation" value="+p"/>
    </relation>
    <relation entry1="20" entry2="22" type="PPrel">
        <subtype name="binding/association" value="---"/>
    </relation>
    <relation entry1="19" entry2="22" type="PPrel">
        <subtype name="binding/association" value="---"/>
    </relation>
    <relation entry1="17" entry2="22" type="PPrel">
        <subtype name="binding/association" value="---"/>
    </relation>
    <relation entry1="23" entry2="21" type="PPrel">
        <subtype name="activation" value="--&gt;"/>
        <subtype name="dephosphorylation" value="-p"/>
    </relation>
    <relation entry1="22" entry2="29" type="PPrel">
        <subtype name="activation" value="--&gt;"/>
        <subtype name="phosphorylation" value="+p"/>
    </relation>
    <relation entry1="58" entry2="59" type="PPrel">
        <subtype name="activation" value="--&gt;"/>
    </relation>
    <relation entry1="29" entry2="40" type="PPrel">
        <subtype name="activation" value="--&gt;"/>
        <subtype name="binding/association" value="---"/>
    </relation>
    <relation entry1="36" entry2="40" type="PPrel">
        <subtype name="binding/association" value="---"/>
    </relation>
    <relation entry1="46" entry2="100" type="PPrel">
        <subtype name="inhibition" value="--|"/>
        <subtype name="phosphorylation" value="+p"/>
    </relation>
    <relation entry1="46" entry2="47" type="PPrel">
        <subtype name="activation" value="--&gt;"/>
    </relation>
    <relation entry1="47" entry2="48" type="PPrel">
        <subtype name="activation" value="--&gt;"/>
        <subtype name="phosphorylation" value="+p"/>
    </relation>
    <relation entry1="48" entry2="49" type="PPrel">
        <subtype name="activation" value="--&gt;"/>
        <subtype name="phosphorylation" value="+p"/>
    </relation>
    <relation entry1="49" entry2="50" type="PPrel">
        <subtype name="activation" value="--&gt;"/>
    </relation>
    <relation entry1="46" entry2="98" type="PPrel">
        <subtype name="activation" value="--&gt;"/>
    </relation>
    <relation entry1="40" entry2="42" type="PCrel">
        <subtype name="activation" value="--&gt;"/>
    </relation>
    <relation entry1="52" entry2="157" type="PCrel">
        <subtype name="activation" value="--&gt;"/>
    </relation>
    <relation entry1="157" entry2="98" type="PPrel">
        <subtype name="activation" value="--&gt;"/>
    </relation>
    <relation entry1="157" entry2="128" type="PPrel">
        <subtype name="activation" value="--&gt;"/>
    </relation>
    <relation entry1="52" entry2="107" type="PCrel">
        <subtype name="activation" value="--&gt;"/>
    </relation>
    <relation entry1="36" entry2="86" type="PCrel">
        <subtype name="activation" value="--&gt;"/>
    </relation>
    <relation entry1="112" entry2="44" type="PCrel">
        <subtype name="activation" value="--&gt;"/>
    </relation>
    <relation entry1="86" entry2="145" type="PPrel">
        <subtype name="activation" value="--&gt;"/>
    </relation>
    <relation entry1="145" entry2="105" type="PCrel">
        <subtype name="activation" value="--&gt;"/>
    </relation>
    <relation entry1="83" entry2="109" type="PCrel">
        <subtype name="activation" value="--&gt;"/>
    </relation>
    <relation entry1="74" entry2="68" type="PPrel">
        <subtype name="activation" value="--&gt;"/>
    </relation>
    <relation entry1="73" entry2="161" type="PPrel">
        <subtype name="activation" value="--&gt;"/>
    </relation>
    <relation entry1="65" entry2="66" type="PPrel">
        <subtype name="activation" value="--&gt;"/>
    </relation>
    <relation entry1="67" entry2="68" type="PPrel">
        <subtype name="activation" value="--&gt;"/>
    </relation>
    <relation entry1="66" entry2="109" type="PPrel">
        <subtype name="activation" value="--&gt;"/>
    </relation>
    <relation entry1="66" entry2="87" type="PPrel">
        <subtype name="activation" value="--&gt;"/>
    </relation>
    <relation entry1="87" entry2="90" type="PPrel">
        <subtype name="activation" value="--&gt;"/>
        <subtype name="phosphorylation" value="+p"/>
    </relation>
    <relation entry1="90" entry2="93" type="PPrel">
        <subtype name="inhibition" value="--|"/>
        <subtype name="phosphorylation" value="+p"/>
    </relation>
    <relation entry1="96" entry2="123" type="PPrel">
        <subtype name="activation" value="--&gt;"/>
    </relation>
    <relation entry1="80" entry2="66" type="PPrel">
        <subtype name="activation" value="--&gt;"/>
    </relation>
    <relation entry1="120" entry2="86" type="PPrel">
        <subtype name="activation" value="--&gt;"/>
    </relation>
    <relation entry1="120" entry2="109" type="PPrel">
        <subtype name="activation" value="--&gt;"/>
    </relation>
    <relation entry1="21" entry2="117" type="PPrel">
        <subtype name="activation" value="--&gt;"/>
        <subtype name="phosphorylation" value="+p"/>
    </relation>
    <relation entry1="117" entry2="29" type="PPrel">
        <subtype name="binding/association" value="---"/>
    </relation>
    <relation entry1="32" entry2="29" type="PPrel">
        <subtype name="binding/association" value="---"/>
    </relation>
    <relation entry1="29" entry2="162" type="PPrel">
        <subtype name="activation" value="--&gt;"/>
        <subtype name="indirect effect" value="..&gt;"/>
    </relation>
    <relation entry1="36" entry2="103" type="PCrel">
        <subtype name="activation" value="--&gt;"/>
        <subtype name="indirect effect" value="..&gt;"/>
    </relation>
    <relation entry1="18" entry2="31" type="PPrel">
        <subtype name="binding/association" value="---"/>
    </relation>
    <relation entry1="22" entry2="86" type="PPrel">
        <subtype name="activation" value="--&gt;"/>
        <subtype name="indirect effect" value="..&gt;"/>
    </relation>
    <relation entry1="22" entry2="120" type="PPrel">
        <subtype name="activation" value="--&gt;"/>
        <subtype name="indirect effect" value="..&gt;"/>
    </relation>
    <relation entry1="22" entry2="65" type="PPrel">
        <subtype name="activation" value="--&gt;"/>
        <subtype name="indirect effect" value="..&gt;"/>
    </relation>
    <relation entry1="65" entry2="73" type="PPrel">
        <subtype name="activation" value="--&gt;"/>
        <subtype name="indirect effect" value="..&gt;"/>
    </relation>
    <relation entry1="66" entry2="67" type="PPrel">
        <subtype name="activation" value="--&gt;"/>
        <subtype name="indirect effect" value="..&gt;"/>
    </relation>
    <relation entry1="66" entry2="123" type="PPrel">
        <subtype name="activation" value="--&gt;"/>
        <subtype name="indirect effect" value="..&gt;"/>
    </relation>
    <relation entry1="78" entry2="107" type="PCrel">
        <subtype name="binding/association" value="---"/>
        <subtype name="indirect effect" value="..&gt;"/>
    </relation>
    <relation entry1="20" entry2="81" type="PPrel">
        <subtype name="binding/association" value="---"/>
        <subtype name="indirect effect" value="..&gt;"/>
    </relation>
    <relation entry1="19" entry2="81" type="PPrel">
        <subtype name="binding/association" value="---"/>
        <subtype name="indirect effect" value="..&gt;"/>
    </relation>
    <relation entry1="17" entry2="81" type="PPrel">
        <subtype name="binding/association" value="---"/>
        <subtype name="indirect effect" value="..&gt;"/>
    </relation>
    <relation entry1="22" entry2="40" type="PPrel">
        <subtype name="activation" value="--&gt;"/>
        <subtype name="phosphorylation" value="+p"/>
    </relation>
    <relation entry1="81" entry2="80" type="PPrel">
        <subtype name="activation" value="--&gt;"/>
        <subtype name="binding/association" value="---"/>
    </relation>
    <relation entry1="29" entry2="36" type="PCrel">
        <subtype name="activation" value="--&gt;"/>
    </relation>
    <relation entry1="36" entry2="58" type="PCrel">
        <subtype name="activation" value="--&gt;"/>
    </relation>
    <relation entry1="40" entry2="44" type="PCrel">
        <subtype name="activation" value="--&gt;"/>
    </relation>
    <relation entry1="44" entry2="46" type="PCrel">
        <subtype name="activation" value="--&gt;"/>
    </relation>
    <relation entry1="86" entry2="83" type="PCrel">
        <subtype name="activation" value="--&gt;"/>
    </relation>
    <relation entry1="83" entry2="112" type="PCrel">
        <subtype name="activation" value="--&gt;"/>
    </relation>
    <relation entry1="109" entry2="78" type="PCrel">
        <subtype name="activation" value="--&gt;"/>
    </relation>
    <relation entry1="78" entry2="74" type="PCrel">
        <subtype name="activation" value="--&gt;"/>
    </relation>
    <relation entry1="50" entry2="150" type="PCrel">
        <subtype name="activation" value="--&gt;"/>
    </relation>
    <relation entry1="98" entry2="150" type="PCrel">
        <subtype name="activation" value="--&gt;"/>
    </relation>
</pathway>
