<?xml version="1.0"?>
<!DOCTYPE pathway SYSTEM "http://www.kegg.jp/kegg/xml/KGML_v0.7.2_.dtd">
<!-- Creation date: Mar 20, 2019 17:19:42 +0900 (GMT+9) -->
<pathway name="path:hsa01040" org="hsa" number="01040"
         title="Biosynthesis of unsaturated fatty acids"
         image="http://www.kegg.jp/kegg/pathway/hsa/hsa01040.png"
         link="http://www.kegg.jp/kegg-bin/show_pathway?hsa01040">
    <entry id="117" name="hsa:9415" type="gene" reaction="rn:R12171"
        link="http://www.kegg.jp/dbget-bin/www_bget?hsa:9415">
        <graphics name="FADS2, D6D, DES6, FADSD6, LLCDL2, SLL0262, TU13" fgcolor="#66CC66" bgcolor="#FFFFFF"
             type="line" coords="614,909,670,909"/>
    </entry>
    <entry id="118" name="hsa:9415" type="gene" reaction="rn:R12170"
        link="http://www.kegg.jp/dbget-bin/www_bget?hsa:9415">
        <graphics name="FADS2, D6D, DES6, FADSD6, LLCDL2, SLL0262, TU13" fgcolor="#66CC66" bgcolor="#FFFFFF"
             type="line" coords="685,347,741,347"/>
    </entry>
    <entry id="119" name="hsa:9415" type="gene" reaction="rn:R12168"
        link="http://www.kegg.jp/dbget-bin/www_bget?hsa:9415">
        <graphics name="FADS2, D6D, DES6, FADSD6, LLCDL2, SLL0262, TU13" fgcolor="#66CC66" bgcolor="#FFFFFF"
             type="line" coords="187,347,243,347"/>
    </entry>
    <entry id="120" name="hsa:54898" type="gene"
        link="http://www.kegg.jp/dbget-bin/www_bget?hsa:54898">
        <graphics name="ELOVL2, SSC2" fgcolor="#66CC66" bgcolor="#FFFFFF"
             type="line" coords="750,1004,750,1016"/>
    </entry>
    <entry id="121" name="hsa:51144" type="gene"
        link="http://www.kegg.jp/dbget-bin/www_bget?hsa:51144">
        <graphics name="HSD17B12, KAR, SDR12C1" fgcolor="#66CC66" bgcolor="#FFFFFF"
             type="line" coords="750,1017,750,1029"/>
    </entry>
    <entry id="122" name="hsa:201562 hsa:401494 hsa:51495 hsa:9200" type="gene"
        link="http://www.kegg.jp/dbget-bin/www_bget?hsa:201562+hsa:401494+hsa:51495+hsa:9200">
        <graphics name="HACD2, PTPLB..." fgcolor="#66CC66" bgcolor="#FFFFFF"
             type="line" coords="750,1030,750,1042"/>
    </entry>
    <entry id="123" name="hsa:9524" type="gene"
        link="http://www.kegg.jp/dbget-bin/www_bget?hsa:9524">
        <graphics name="TECR, GPSN2, MRT14, SC2, TER" fgcolor="#66CC66" bgcolor="#FFFFFF"
             type="line" coords="750,1043,750,1055"/>
    </entry>
    <entry id="124" name="hsa:30 hsa:6342" type="gene" reaction="rn:R07953"
        link="http://www.kegg.jp/dbget-bin/www_bget?hsa:30+hsa:6342">
        <graphics name="ACAA1, ACAA, PTHIO, THIO..." fgcolor="#66CC66" bgcolor="#FFFFFF"
             type="line" coords="822,1019,822,1007"/>
    </entry>
    <entry id="125" name="hsa:3295" type="gene" reaction="rn:R07952"
        link="http://www.kegg.jp/dbget-bin/www_bget?hsa:3295">
        <graphics name="HSD17B4, DBP, MFE-2, MPF-2, PRLTS1, SDR8C1" fgcolor="#66CC66" bgcolor="#FFFFFF"
             type="line" coords="822,1032,822,1020"/>
    </entry>
    <entry id="126" name="hsa:3295" type="gene" reaction="rn:R07951"
        link="http://www.kegg.jp/dbget-bin/www_bget?hsa:3295">
        <graphics name="HSD17B4, DBP, MFE-2, MPF-2, PRLTS1, SDR8C1" fgcolor="#66CC66" bgcolor="#FFFFFF"
             type="line" coords="822,1045,822,1033"/>
    </entry>
    <entry id="127" name="hsa:51 hsa:8310" type="gene" reaction="rn:R07950"
        link="http://www.kegg.jp/dbget-bin/www_bget?hsa:51+hsa:8310">
        <graphics name="ACOX1, ACOX, PALMCOX, SCOX..." fgcolor="#66CC66" bgcolor="#FFFFFF"
             type="line" coords="822,1058,822,1046"/>
    </entry>
    <entry id="149" name="cpd:C16533" type="compound"
        link="http://www.kegg.jp/dbget-bin/www_bget?C16533">
        <graphics name="C16533" fgcolor="#000000" bgcolor="#FFFFFF"
             type="circle" x="1198" y="552" width="8" height="8"/>
    </entry>
    <entry id="150" name="cpd:C16645" type="compound"
        link="http://www.kegg.jp/dbget-bin/www_bget?C16645">
        <graphics name="C16645" fgcolor="#000000" bgcolor="#FFFFFF"
             type="circle" x="1108" y="552" width="8" height="8"/>
    </entry>
    <entry id="151" name="cpd:C16645" type="compound"
        link="http://www.kegg.jp/dbget-bin/www_bget?C16645">
        <graphics name="C16645" fgcolor="#000000" bgcolor="#FFFFFF"
             type="circle" x="607" y="986" width="8" height="8"/>
    </entry>
    <entry id="153" name="ko:K10806" type="ortholog" reaction="rn:R01274"
        link="http://www.kegg.jp/dbget-bin/www_bget?K10806">
        <graphics name="K10806" fgcolor="#000000" bgcolor="#FFFFFF"
             type="rectangle" x="1156" y="848" width="46" height="17"/>
    </entry>
    <entry id="154" name="ko:K10805" type="ortholog" reaction="rn:R01274"
        link="http://www.kegg.jp/dbget-bin/www_bget?K10805">
        <graphics name="K10805" fgcolor="#000000" bgcolor="#FFFFFF"
             type="rectangle" x="1108" y="848" width="46" height="17"/>
    </entry>
    <entry id="164" name="hsa:10965 hsa:11332 hsa:122970 hsa:570 hsa:641371" type="gene" reaction="rn:R01274"
        link="http://www.kegg.jp/dbget-bin/www_bget?hsa:10965+hsa:11332+hsa:122970+hsa:570+hsa:641371">
        <graphics name="ACOT2, CTE-IA, CTE1A, MTE1, PTE2, PTE2A, ZAP128..." fgcolor="#000000" bgcolor="#BFFFBF"
             type="rectangle" x="1133" y="827" width="46" height="17"/>
    </entry>
    <entry id="165" name="hsa:10965 hsa:11332 hsa:122970 hsa:570 hsa:641371" type="gene" reaction="rn:R08174"
        link="http://www.kegg.jp/dbget-bin/www_bget?hsa:10965+hsa:11332+hsa:122970+hsa:570+hsa:641371">
        <graphics name="ACOT2, CTE-IA, CTE1A, MTE1, PTE2, PTE2A, ZAP128..." fgcolor="#000000" bgcolor="#BFFFBF"
             type="rectangle" x="1133" y="895" width="46" height="17"/>
    </entry>
    <entry id="166" name="hsa:10965 hsa:122970 hsa:570 hsa:641371" type="gene" reaction="rn:R08175"
        link="http://www.kegg.jp/dbget-bin/www_bget?hsa:10965+hsa:122970+hsa:570+hsa:641371">
        <graphics name="ACOT2, CTE-IA, CTE1A, MTE1, PTE2, PTE2A, ZAP128..." fgcolor="#000000" bgcolor="#BFFFBF"
             type="rectangle" x="1133" y="953" width="46" height="17"/>
    </entry>
    <entry id="167" name="hsa:10965 hsa:11332 hsa:122970 hsa:641371" type="gene" reaction="rn:R08176"
        link="http://www.kegg.jp/dbget-bin/www_bget?hsa:10965+hsa:11332+hsa:122970+hsa:641371">
        <graphics name="ACOT2, CTE-IA, CTE1A, MTE1, PTE2, PTE2A, ZAP128..." fgcolor="#000000" bgcolor="#BFFFBF"
             type="rectangle" x="1133" y="1124" width="46" height="17"/>
    </entry>
    <entry id="168" name="hsa:10965 hsa:11332 hsa:122970 hsa:641371" type="gene" reaction="rn:R08177"
        link="http://www.kegg.jp/dbget-bin/www_bget?hsa:10965+hsa:11332+hsa:122970+hsa:641371">
        <graphics name="ACOT2, CTE-IA, CTE1A, MTE1, PTE2, PTE2A, ZAP128..." fgcolor="#000000" bgcolor="#BFFFBF"
             type="rectangle" x="1150" y="438" width="46" height="17"/>
    </entry>
    <entry id="169" name="hsa:10965 hsa:122970 hsa:641371" type="gene" reaction="rn:R08183"
        link="http://www.kegg.jp/dbget-bin/www_bget?hsa:10965+hsa:122970+hsa:641371">
        <graphics name="ACOT2, CTE-IA, CTE1A, MTE1, PTE2, PTE2A, ZAP128..." fgcolor="#000000" bgcolor="#BFFFBF"
             type="rectangle" x="1150" y="723" width="46" height="17"/>
    </entry>
    <entry id="170" name="hsa:10965 hsa:122970 hsa:641371" type="gene" reaction="rn:R08182"
        link="http://www.kegg.jp/dbget-bin/www_bget?hsa:10965+hsa:122970+hsa:641371">
        <graphics name="ACOT2, CTE-IA, CTE1A, MTE1, PTE2, PTE2A, ZAP128..." fgcolor="#000000" bgcolor="#BFFFBF"
             type="rectangle" x="1150" y="666" width="46" height="17"/>
    </entry>
    <entry id="171" name="hsa:10965 hsa:11332 hsa:122970 hsa:641371" type="gene" reaction="rn:R08181"
        link="http://www.kegg.jp/dbget-bin/www_bget?hsa:10965+hsa:11332+hsa:122970+hsa:641371">
        <graphics name="ACOT2, CTE-IA, CTE1A, MTE1, PTE2, PTE2A, ZAP128..." fgcolor="#000000" bgcolor="#BFFFBF"
             type="rectangle" x="1150" y="609" width="46" height="17"/>
    </entry>
    <entry id="172" name="hsa:10965 hsa:122970 hsa:641371" type="gene" reaction="rn:R08180"
        link="http://www.kegg.jp/dbget-bin/www_bget?hsa:10965+hsa:122970+hsa:641371">
        <graphics name="ACOT2, CTE-IA, CTE1A, MTE1, PTE2, PTE2A, ZAP128..." fgcolor="#000000" bgcolor="#BFFFBF"
             type="rectangle" x="1150" y="381" width="46" height="17"/>
    </entry>
    <entry id="173" name="hsa:10965 hsa:122970 hsa:641371" type="gene" reaction="rn:R08179"
        link="http://www.kegg.jp/dbget-bin/www_bget?hsa:10965+hsa:122970+hsa:641371">
        <graphics name="ACOT2, CTE-IA, CTE1A, MTE1, PTE2, PTE2A, ZAP128..." fgcolor="#000000" bgcolor="#BFFFBF"
             type="rectangle" x="1150" y="267" width="46" height="17"/>
    </entry>
    <entry id="174" name="hsa:10965 hsa:11332 hsa:122970 hsa:641371" type="gene" reaction="rn:R08178"
        link="http://www.kegg.jp/dbget-bin/www_bget?hsa:10965+hsa:11332+hsa:122970+hsa:641371">
        <graphics name="ACOT2, CTE-IA, CTE1A, MTE1, PTE2, PTE2A, ZAP128..." fgcolor="#000000" bgcolor="#BFFFBF"
             type="rectangle" x="1150" y="153" width="46" height="17"/>
    </entry>
    <entry id="175" name="cpd:C03242" type="compound"
        link="http://www.kegg.jp/dbget-bin/www_bget?C03242">
        <graphics name="C03242" fgcolor="#000000" bgcolor="#FFFFFF"
             type="circle" x="1198" y="666" width="8" height="8"/>
    </entry>
    <entry id="176" name="cpd:C01595" type="compound"
        link="http://www.kegg.jp/dbget-bin/www_bget?C01595">
        <graphics name="C01595" fgcolor="#000000" bgcolor="#FFFFFF"
             type="circle" x="1199" y="438" width="8" height="8"/>
    </entry>
    <entry id="177" name="cpd:C01530" type="compound"
        link="http://www.kegg.jp/dbget-bin/www_bget?C01530">
        <graphics name="C01530" fgcolor="#000000" bgcolor="#FFFFFF"
             type="circle" x="1198" y="894" width="8" height="8"/>
    </entry>
    <entry id="178" name="cpd:C00712" type="compound"
        link="http://www.kegg.jp/dbget-bin/www_bget?C00712">
        <graphics name="C00712" fgcolor="#000000" bgcolor="#FFFFFF"
             type="circle" x="1198" y="1123" width="8" height="8"/>
    </entry>
    <entry id="179" name="cpd:C00249" type="compound"
        link="http://www.kegg.jp/dbget-bin/www_bget?C00249">
        <graphics name="C00249" fgcolor="#000000" bgcolor="#FFFFFF"
             type="circle" x="1198" y="837" width="8" height="8"/>
    </entry>
    <entry id="180" name="cpd:C00219" type="compound"
        link="http://www.kegg.jp/dbget-bin/www_bget?C00219">
        <graphics name="C00219" fgcolor="#000000" bgcolor="#FFFFFF"
             type="circle" x="1198" y="723" width="8" height="8"/>
    </entry>
    <entry id="181" name="cpd:C08320" type="compound"
        link="http://www.kegg.jp/dbget-bin/www_bget?C08320">
        <graphics name="C08320" fgcolor="#000000" bgcolor="#FFFFFF"
             type="circle" x="1198" y="1066" width="8" height="8"/>
    </entry>
    <entry id="182" name="cpd:C08323" type="compound"
        link="http://www.kegg.jp/dbget-bin/www_bget?C08323">
        <graphics name="C08323" fgcolor="#000000" bgcolor="#FFFFFF"
             type="circle" x="1198" y="1304" width="8" height="8"/>
    </entry>
    <entry id="183" name="cpd:C08316" type="compound"
        link="http://www.kegg.jp/dbget-bin/www_bget?C08316">
        <graphics name="C08316" fgcolor="#000000" bgcolor="#FFFFFF"
             type="circle" x="1198" y="1246" width="8" height="8"/>
    </entry>
    <entry id="184" name="cpd:C08281" type="compound"
        link="http://www.kegg.jp/dbget-bin/www_bget?C08281">
        <graphics name="C08281" fgcolor="#000000" bgcolor="#FFFFFF"
             type="circle" x="1198" y="1009" width="8" height="8"/>
    </entry>
    <entry id="185" name="cpd:C06425" type="compound"
        link="http://www.kegg.jp/dbget-bin/www_bget?C06425">
        <graphics name="C06425" fgcolor="#000000" bgcolor="#FFFFFF"
             type="circle" x="1198" y="952" width="8" height="8"/>
    </entry>
    <entry id="186" name="cpd:C06426" type="compound"
        link="http://www.kegg.jp/dbget-bin/www_bget?C06426">
        <graphics name="C06426" fgcolor="#000000" bgcolor="#FFFFFF"
             type="circle" x="1198" y="609" width="8" height="8"/>
    </entry>
    <entry id="187" name="cpd:C06429" type="compound"
        link="http://www.kegg.jp/dbget-bin/www_bget?C06429">
        <graphics name="C06429" fgcolor="#000000" bgcolor="#FFFFFF"
             type="circle" x="1198" y="381" width="8" height="8"/>
    </entry>
    <entry id="188" name="cpd:C16526" type="compound"
        link="http://www.kegg.jp/dbget-bin/www_bget?C16526">
        <graphics name="C16526" fgcolor="#000000" bgcolor="#FFFFFF"
             type="circle" x="1198" y="1190" width="8" height="8"/>
    </entry>
    <entry id="189" name="cpd:C16527" type="compound"
        link="http://www.kegg.jp/dbget-bin/www_bget?C16527">
        <graphics name="C16527" fgcolor="#000000" bgcolor="#FFFFFF"
             type="circle" x="1198" y="780" width="8" height="8"/>
    </entry>
    <entry id="190" name="cpd:C16525" type="compound"
        link="http://www.kegg.jp/dbget-bin/www_bget?C16525">
        <graphics name="C16525" fgcolor="#000000" bgcolor="#FFFFFF"
             type="circle" x="1198" y="495" width="8" height="8"/>
    </entry>
    <entry id="191" name="cpd:C16513" type="compound"
        link="http://www.kegg.jp/dbget-bin/www_bget?C16513">
        <graphics name="C16513" fgcolor="#000000" bgcolor="#FFFFFF"
             type="circle" x="1198" y="324" width="8" height="8"/>
    </entry>
    <entry id="192" name="cpd:C06428" type="compound"
        link="http://www.kegg.jp/dbget-bin/www_bget?C06428">
        <graphics name="C06428" fgcolor="#000000" bgcolor="#FFFFFF"
             type="circle" x="1198" y="267" width="8" height="8"/>
    </entry>
    <entry id="193" name="cpd:C16522" type="compound"
        link="http://www.kegg.jp/dbget-bin/www_bget?C16522">
        <graphics name="C16522" fgcolor="#000000" bgcolor="#FFFFFF"
             type="circle" x="1198" y="210" width="8" height="8"/>
    </entry>
    <entry id="194" name="cpd:C06427" type="compound"
        link="http://www.kegg.jp/dbget-bin/www_bget?C06427">
        <graphics name="C06427" fgcolor="#000000" bgcolor="#FFFFFF"
             type="circle" x="1198" y="152" width="8" height="8"/>
    </entry>
    <entry id="195" name="cpd:C02050" type="compound"
        link="http://www.kegg.jp/dbget-bin/www_bget?C02050">
        <graphics name="C02050" fgcolor="#000000" bgcolor="#FFFFFF"
             type="circle" x="1108" y="438" width="8" height="8"/>
    </entry>
    <entry id="196" name="cpd:C16532" type="compound"
        link="http://www.kegg.jp/dbget-bin/www_bget?C16532">
        <graphics name="C16532" fgcolor="#000000" bgcolor="#FFFFFF"
             type="circle" x="1074" y="1304" width="8" height="8"/>
    </entry>
    <entry id="197" name="cpd:C16532" type="compound"
        link="http://www.kegg.jp/dbget-bin/www_bget?C16532">
        <graphics name="C16532" fgcolor="#000000" bgcolor="#FFFFFF"
             type="circle" x="534" y="1064" width="8" height="8"/>
    </entry>
    <entry id="198" name="cpd:C16531" type="compound"
        link="http://www.kegg.jp/dbget-bin/www_bget?C16531">
        <graphics name="C16531" fgcolor="#000000" bgcolor="#FFFFFF"
             type="circle" x="1074" y="1246" width="8" height="8"/>
    </entry>
    <entry id="199" name="cpd:C16531" type="compound"
        link="http://www.kegg.jp/dbget-bin/www_bget?C16531">
        <graphics name="C16531" fgcolor="#000000" bgcolor="#FFFFFF"
             type="circle" x="534" y="986" width="8" height="8"/>
    </entry>
    <entry id="200" name="cpd:C16530" type="compound"
        link="http://www.kegg.jp/dbget-bin/www_bget?C16530">
        <graphics name="C16530" fgcolor="#000000" bgcolor="#FFFFFF"
             type="circle" x="1074" y="1190" width="8" height="8"/>
    </entry>
    <entry id="201" name="cpd:C16530" type="compound"
        link="http://www.kegg.jp/dbget-bin/www_bget?C16530">
        <graphics name="C16530" fgcolor="#000000" bgcolor="#FFFFFF"
             type="circle" x="534" y="908" width="8" height="8"/>
    </entry>
    <entry id="202" name="cpd:C00510" type="compound"
        link="http://www.kegg.jp/dbget-bin/www_bget?C00510">
        <graphics name="C00510" fgcolor="#000000" bgcolor="#FFFFFF"
             type="circle" x="1074" y="1123" width="8" height="8"/>
    </entry>
    <entry id="203" name="cpd:C16529" type="compound"
        link="http://www.kegg.jp/dbget-bin/www_bget?C16529">
        <graphics name="C16529" fgcolor="#000000" bgcolor="#FFFFFF"
             type="circle" x="1074" y="1066" width="8" height="8"/>
    </entry>
    <entry id="204" name="cpd:C16529" type="compound"
        link="http://www.kegg.jp/dbget-bin/www_bget?C16529">
        <graphics name="C16529" fgcolor="#000000" bgcolor="#FFFFFF"
             type="circle" x="462" y="1064" width="8" height="8"/>
    </entry>
    <entry id="205" name="cpd:C16529" type="compound"
        link="http://www.kegg.jp/dbget-bin/www_bget?C16529">
        <graphics name="C16529" fgcolor="#000000" bgcolor="#FFFFFF"
             type="circle" x="462" y="503" width="8" height="8"/>
    </entry>
    <entry id="206" name="cpd:C16528" type="compound"
        link="http://www.kegg.jp/dbget-bin/www_bget?C16528">
        <graphics name="C16528" fgcolor="#000000" bgcolor="#FFFFFF"
             type="circle" x="1074" y="1009" width="8" height="8"/>
    </entry>
    <entry id="207" name="cpd:C16528" type="compound"
        link="http://www.kegg.jp/dbget-bin/www_bget?C16528">
        <graphics name="C16528" fgcolor="#000000" bgcolor="#FFFFFF"
             type="circle" x="462" y="986" width="8" height="8"/>
    </entry>
    <entry id="208" name="cpd:C16528" type="compound"
        link="http://www.kegg.jp/dbget-bin/www_bget?C16528">
        <graphics name="C16528" fgcolor="#000000" bgcolor="#FFFFFF"
             type="circle" x="462" y="425" width="8" height="8"/>
    </entry>
    <entry id="209" name="cpd:C02041" type="compound"
        link="http://www.kegg.jp/dbget-bin/www_bget?C02041">
        <graphics name="C02041" fgcolor="#000000" bgcolor="#FFFFFF"
             type="circle" x="1074" y="952" width="8" height="8"/>
    </entry>
    <entry id="210" name="cpd:C02041" type="compound"
        link="http://www.kegg.jp/dbget-bin/www_bget?C02041">
        <graphics name="C02041" fgcolor="#000000" bgcolor="#FFFFFF"
             type="circle" x="462" y="908" width="8" height="8"/>
    </entry>
    <entry id="211" name="cpd:C02041" type="compound"
        link="http://www.kegg.jp/dbget-bin/www_bget?C02041">
        <graphics name="C02041" fgcolor="#000000" bgcolor="#FFFFFF"
             type="circle" x="462" y="347" width="8" height="8"/>
    </entry>
    <entry id="212" name="cpd:C00412" type="compound"
        link="http://www.kegg.jp/dbget-bin/www_bget?C00412">
        <graphics name="C00412" fgcolor="#000000" bgcolor="#FFFFFF"
             type="circle" x="1074" y="894" width="8" height="8"/>
    </entry>
    <entry id="213" name="cpd:C00154" type="compound"
        link="http://www.kegg.jp/dbget-bin/www_bget?C00154">
        <graphics name="C00154" fgcolor="#000000" bgcolor="#FFFFFF"
             type="circle" x="1074" y="837" width="8" height="8"/>
    </entry>
    <entry id="214" name="cpd:C16170" type="compound"
        link="http://www.kegg.jp/dbget-bin/www_bget?C16170">
        <graphics name="C16170" fgcolor="#000000" bgcolor="#FFFFFF"
             type="circle" x="1108" y="780" width="8" height="8"/>
    </entry>
    <entry id="215" name="cpd:C02249" type="compound"
        link="http://www.kegg.jp/dbget-bin/www_bget?C02249">
        <graphics name="C02249" fgcolor="#000000" bgcolor="#FFFFFF"
             type="circle" x="1108" y="723" width="8" height="8"/>
    </entry>
    <entry id="216" name="cpd:C03595" type="compound"
        link="http://www.kegg.jp/dbget-bin/www_bget?C03595">
        <graphics name="C03595" fgcolor="#000000" bgcolor="#FFFFFF"
             type="circle" x="1108" y="666" width="8" height="8"/>
    </entry>
    <entry id="217" name="cpd:C03035" type="compound"
        link="http://www.kegg.jp/dbget-bin/www_bget?C03035">
        <graphics name="C03035" fgcolor="#000000" bgcolor="#FFFFFF"
             type="circle" x="1108" y="609" width="8" height="8"/>
    </entry>
    <entry id="218" name="cpd:C16180" type="compound"
        link="http://www.kegg.jp/dbget-bin/www_bget?C16180">
        <graphics name="C16180" fgcolor="#000000" bgcolor="#FFFFFF"
             type="circle" x="1108" y="495" width="8" height="8"/>
    </entry>
    <entry id="219" name="cpd:C16169" type="compound"
        link="http://www.kegg.jp/dbget-bin/www_bget?C16169">
        <graphics name="C16169" fgcolor="#000000" bgcolor="#FFFFFF"
             type="circle" x="1108" y="381" width="8" height="8"/>
    </entry>
    <entry id="220" name="cpd:C16165" type="compound"
        link="http://www.kegg.jp/dbget-bin/www_bget?C16165">
        <graphics name="C16165" fgcolor="#000000" bgcolor="#FFFFFF"
             type="circle" x="1108" y="267" width="8" height="8"/>
    </entry>
    <entry id="221" name="cpd:C16179" type="compound"
        link="http://www.kegg.jp/dbget-bin/www_bget?C16179">
        <graphics name="C16179" fgcolor="#000000" bgcolor="#FFFFFF"
             type="circle" x="1108" y="210" width="8" height="8"/>
    </entry>
    <entry id="222" name="cpd:C16162" type="compound"
        link="http://www.kegg.jp/dbget-bin/www_bget?C16162">
        <graphics name="C16162" fgcolor="#000000" bgcolor="#FFFFFF"
             type="circle" x="1108" y="152" width="8" height="8"/>
    </entry>
    <entry id="223" name="cpd:C16172" type="compound"
        link="http://www.kegg.jp/dbget-bin/www_bget?C16172">
        <graphics name="C16172" fgcolor="#000000" bgcolor="#FFFFFF"
             type="circle" x="822" y="1064" width="8" height="8"/>
    </entry>
    <entry id="224" name="cpd:C16171" type="compound"
        link="http://www.kegg.jp/dbget-bin/www_bget?C16171">
        <graphics name="C16171" fgcolor="#000000" bgcolor="#FFFFFF"
             type="circle" x="750" y="1064" width="8" height="8"/>
    </entry>
    <entry id="225" name="cpd:C16173" type="compound"
        link="http://www.kegg.jp/dbget-bin/www_bget?C16173">
        <graphics name="C16173" fgcolor="#000000" bgcolor="#FFFFFF"
             type="circle" x="822" y="986" width="8" height="8"/>
    </entry>
    <entry id="226" name="cpd:C16170" type="compound"
        link="http://www.kegg.jp/dbget-bin/www_bget?C16170">
        <graphics name="C16170" fgcolor="#000000" bgcolor="#FFFFFF"
             type="circle" x="750" y="986" width="8" height="8"/>
    </entry>
    <entry id="227" name="cpd:C02249" type="compound"
        link="http://www.kegg.jp/dbget-bin/www_bget?C02249">
        <graphics name="C02249" fgcolor="#000000" bgcolor="#FFFFFF"
             type="circle" x="750" y="908" width="8" height="8"/>
    </entry>
    <entry id="228" name="cpd:C03595" type="compound"
        link="http://www.kegg.jp/dbget-bin/www_bget?C03595">
        <graphics name="C03595" fgcolor="#000000" bgcolor="#FFFFFF"
             type="circle" x="678" y="908" width="8" height="8"/>
    </entry>
    <entry id="229" name="cpd:C16180" type="compound"
        link="http://www.kegg.jp/dbget-bin/www_bget?C16180">
        <graphics name="C16180" fgcolor="#000000" bgcolor="#FFFFFF"
             type="circle" x="606" y="908" width="8" height="8"/>
    </entry>
    <entry id="230" name="cpd:C03035" type="compound"
        link="http://www.kegg.jp/dbget-bin/www_bget?C03035">
        <graphics name="C03035" fgcolor="#000000" bgcolor="#FFFFFF"
             type="circle" x="678" y="830" width="8" height="8"/>
    </entry>
    <entry id="231" name="cpd:C16168" type="compound"
        link="http://www.kegg.jp/dbget-bin/www_bget?C16168">
        <graphics name="C16168" fgcolor="#000000" bgcolor="#FFFFFF"
             type="circle" x="894" y="503" width="8" height="8"/>
    </entry>
    <entry id="232" name="cpd:C16167" type="compound"
        link="http://www.kegg.jp/dbget-bin/www_bget?C16167">
        <graphics name="C16167" fgcolor="#000000" bgcolor="#FFFFFF"
             type="circle" x="822" y="503" width="8" height="8"/>
    </entry>
    <entry id="233" name="cpd:C16169" type="compound"
        link="http://www.kegg.jp/dbget-bin/www_bget?C16169">
        <graphics name="C16169" fgcolor="#000000" bgcolor="#FFFFFF"
             type="circle" x="894" y="425" width="8" height="8"/>
    </entry>
    <entry id="234" name="cpd:C16165" type="compound"
        link="http://www.kegg.jp/dbget-bin/www_bget?C16165">
        <graphics name="C16165" fgcolor="#000000" bgcolor="#FFFFFF"
             type="circle" x="822" y="347" width="8" height="8"/>
    </entry>
    <entry id="235" name="cpd:C16164" type="compound"
        link="http://www.kegg.jp/dbget-bin/www_bget?C16164">
        <graphics name="C16164" fgcolor="#000000" bgcolor="#FFFFFF"
             type="circle" x="750" y="347" width="8" height="8"/>
    </entry>
    <entry id="236" name="cpd:C16179" type="compound"
        link="http://www.kegg.jp/dbget-bin/www_bget?C16179">
        <graphics name="C16179" fgcolor="#000000" bgcolor="#FFFFFF"
             type="circle" x="678" y="347" width="8" height="8"/>
    </entry>
    <entry id="237" name="cpd:C00510 cpd:C01203" type="compound"
        link="http://www.kegg.jp/dbget-bin/www_bget?C00510+C01203">
        <graphics name="C00510..." fgcolor="#000000" bgcolor="#FFFFFF"
             type="circle" x="534" y="830" width="8" height="8"/>
    </entry>
    <entry id="238" name="cpd:C00412 cpd:C04088" type="compound"
        link="http://www.kegg.jp/dbget-bin/www_bget?C00412+C04088">
        <graphics name="C00412..." fgcolor="#000000" bgcolor="#FFFFFF"
             type="circle" x="462" y="830" width="8" height="8"/>
    </entry>
    <entry id="239" name="cpd:C00154 cpd:C05764" type="compound"
        link="http://www.kegg.jp/dbget-bin/www_bget?C00154+C05764">
        <graphics name="C00154..." fgcolor="#000000" bgcolor="#FFFFFF"
             type="circle" x="462" y="752" width="8" height="8"/>
    </entry>
    <entry id="240" name="cpd:C16163" type="compound"
        link="http://www.kegg.jp/dbget-bin/www_bget?C16163">
        <graphics name="C16163" fgcolor="#000000" bgcolor="#FFFFFF"
             type="circle" x="750" y="269" width="8" height="8"/>
    </entry>
    <entry id="241" name="cpd:C02050 cpd:C16160" type="compound"
        link="http://www.kegg.jp/dbget-bin/www_bget?C02050+C16160">
        <graphics name="C02050..." fgcolor="#000000" bgcolor="#FFFFFF"
             type="circle" x="606" y="830" width="8" height="8"/>
    </entry>
    <entry id="242" name="cpd:C16162 cpd:C16161" type="compound"
        link="http://www.kegg.jp/dbget-bin/www_bget?C16162+C16161">
        <graphics name="C16162..." fgcolor="#000000" bgcolor="#FFFFFF"
             type="circle" x="678" y="269" width="8" height="8"/>
    </entry>
    <entry id="243" name="cpd:C02050 cpd:C16160" type="compound"
        link="http://www.kegg.jp/dbget-bin/www_bget?C02050+C16160">
        <graphics name="C02050..." fgcolor="#000000" bgcolor="#FFFFFF"
             type="circle" x="606" y="269" width="8" height="8"/>
    </entry>
    <entry id="244" name="cpd:C00510 cpd:C01203" type="compound"
        link="http://www.kegg.jp/dbget-bin/www_bget?C00510+C01203">
        <graphics name="C00510..." fgcolor="#000000" bgcolor="#FFFFFF"
             type="circle" x="534" y="269" width="8" height="8"/>
    </entry>
    <entry id="245" name="path:hsa01040" type="map"
        link="http://www.kegg.jp/dbget-bin/www_bget?hsa01040">
        <graphics name="TITLE:Biosynthesis of unsaturated fatty acids" fgcolor="#000000" bgcolor="#FFFFFF"
             type="roundrectangle" x="214" y="58" width="348" height="25"/>
    </entry>
    <entry id="246" name="cpd:C00412 cpd:C04088" type="compound"
        link="http://www.kegg.jp/dbget-bin/www_bget?C00412+C04088">
        <graphics name="C00412..." fgcolor="#000000" bgcolor="#FFFFFF"
             type="circle" x="462" y="269" width="8" height="8"/>
    </entry>
    <entry id="247" name="cpd:C00154 cpd:C05764" type="compound"
        link="http://www.kegg.jp/dbget-bin/www_bget?C00154+C05764">
        <graphics name="C00154..." fgcolor="#000000" bgcolor="#FFFFFF"
             type="circle" x="462" y="194" width="8" height="8"/>
    </entry>
    <entry id="248" name="cpd:C16530" type="compound"
        link="http://www.kegg.jp/dbget-bin/www_bget?C16530">
        <graphics name="C16530" fgcolor="#000000" bgcolor="#FFFFFF"
             type="circle" x="534" y="347" width="8" height="8"/>
    </entry>
    <entry id="249" name="cpd:C16531" type="compound"
        link="http://www.kegg.jp/dbget-bin/www_bget?C16531">
        <graphics name="C16531" fgcolor="#000000" bgcolor="#FFFFFF"
             type="circle" x="534" y="425" width="8" height="8"/>
    </entry>
    <entry id="250" name="cpd:C16532" type="compound"
        link="http://www.kegg.jp/dbget-bin/www_bget?C16532">
        <graphics name="C16532" fgcolor="#000000" bgcolor="#FFFFFF"
             type="circle" x="534" y="503" width="8" height="8"/>
    </entry>
    <entry id="251" name="hsa:79071" type="gene" reaction="rn:R07758"
        link="http://www.kegg.jp/dbget-bin/www_bget?hsa:79071">
        <graphics name="ELOVL6, FACE, FAE, LCE" fgcolor="#66CC66" bgcolor="#FFFFFF"
             type="line" coords="107,205,107,217"/>
    </entry>
    <entry id="252" name="hsa:51144" type="gene" reaction="rn:R07759"
        link="http://www.kegg.jp/dbget-bin/www_bget?hsa:51144">
        <graphics name="HSD17B12, KAR, SDR12C1" fgcolor="#66CC66" bgcolor="#FFFFFF"
             type="line" coords="107,218,107,230"/>
    </entry>
    <entry id="253" name="hsa:201562 hsa:401494 hsa:51495 hsa:9200" type="gene" reaction="rn:R07760"
        link="http://www.kegg.jp/dbget-bin/www_bget?hsa:201562+hsa:401494+hsa:51495+hsa:9200">
        <graphics name="HACD2, PTPLB..." fgcolor="#66CC66" bgcolor="#FFFFFF"
             type="line" coords="107,231,107,243"/>
    </entry>
    <entry id="254" name="hsa:9524" type="gene" reaction="rn:R07761"
        link="http://www.kegg.jp/dbget-bin/www_bget?hsa:9524">
        <graphics name="TECR, GPSN2, MRT14, SC2, TER" fgcolor="#66CC66" bgcolor="#FFFFFF"
             type="line" coords="107,244,107,256"/>
    </entry>
    <entry id="255" name="hsa:79993 hsa:83401" type="gene"
        link="http://www.kegg.jp/dbget-bin/www_bget?hsa:79993+hsa:83401">
        <graphics name="ELOVL7..." fgcolor="#66CC66" bgcolor="#FFFFFF"
             type="line" coords="107,285,107,297"/>
    </entry>
    <entry id="256" name="hsa:51144" type="gene"
        link="http://www.kegg.jp/dbget-bin/www_bget?hsa:51144">
        <graphics name="HSD17B12, KAR, SDR12C1" fgcolor="#66CC66" bgcolor="#FFFFFF"
             type="line" coords="107,298,107,310"/>
    </entry>
    <entry id="257" name="hsa:201562 hsa:401494 hsa:51495 hsa:9200" type="gene"
        link="http://www.kegg.jp/dbget-bin/www_bget?hsa:201562+hsa:401494+hsa:51495+hsa:9200">
        <graphics name="HACD2, PTPLB..." fgcolor="#66CC66" bgcolor="#FFFFFF"
             type="line" coords="107,311,107,323"/>
    </entry>
    <entry id="258" name="hsa:9524" type="gene"
        link="http://www.kegg.jp/dbget-bin/www_bget?hsa:9524">
        <graphics name="TECR, GPSN2, MRT14, SC2, TER" fgcolor="#66CC66" bgcolor="#FFFFFF"
             type="line" coords="107,324,107,336"/>
    </entry>
    <entry id="259" name="hsa:64834 hsa:79993 hsa:83401" type="gene"
        link="http://www.kegg.jp/dbget-bin/www_bget?hsa:64834+hsa:79993+hsa:83401">
        <graphics name="ELOVL1, CGI-88, Ssc1..." fgcolor="#66CC66" bgcolor="#FFFFFF"
             type="line" coords="107,364,107,376"/>
    </entry>
    <entry id="260" name="hsa:51144" type="gene"
        link="http://www.kegg.jp/dbget-bin/www_bget?hsa:51144">
        <graphics name="HSD17B12, KAR, SDR12C1" fgcolor="#66CC66" bgcolor="#FFFFFF"
             type="line" coords="107,377,107,389"/>
    </entry>
    <entry id="261" name="hsa:201562 hsa:401494 hsa:51495 hsa:9200" type="gene"
        link="http://www.kegg.jp/dbget-bin/www_bget?hsa:201562+hsa:401494+hsa:51495+hsa:9200">
        <graphics name="HACD2, PTPLB..." fgcolor="#66CC66" bgcolor="#FFFFFF"
             type="line" coords="107,390,107,402"/>
    </entry>
    <entry id="262" name="hsa:9524" type="gene"
        link="http://www.kegg.jp/dbget-bin/www_bget?hsa:9524">
        <graphics name="TECR, GPSN2, MRT14, SC2, TER" fgcolor="#66CC66" bgcolor="#FFFFFF"
             type="line" coords="107,403,107,415"/>
    </entry>
    <entry id="263" name="hsa:64834 hsa:79993" type="gene"
        link="http://www.kegg.jp/dbget-bin/www_bget?hsa:64834+hsa:79993">
        <graphics name="ELOVL1, CGI-88, Ssc1..." fgcolor="#66CC66" bgcolor="#FFFFFF"
             type="line" coords="107,443,107,455"/>
    </entry>
    <entry id="264" name="hsa:51144" type="gene"
        link="http://www.kegg.jp/dbget-bin/www_bget?hsa:51144">
        <graphics name="HSD17B12, KAR, SDR12C1" fgcolor="#66CC66" bgcolor="#FFFFFF"
             type="line" coords="107,456,107,468"/>
    </entry>
    <entry id="265" name="hsa:201562 hsa:401494 hsa:51495 hsa:9200" type="gene"
        link="http://www.kegg.jp/dbget-bin/www_bget?hsa:201562+hsa:401494+hsa:51495+hsa:9200">
        <graphics name="HACD2, PTPLB..." fgcolor="#66CC66" bgcolor="#FFFFFF"
             type="line" coords="107,469,107,481"/>
    </entry>
    <entry id="266" name="hsa:9524" type="gene"
        link="http://www.kegg.jp/dbget-bin/www_bget?hsa:9524">
        <graphics name="TECR, GPSN2, MRT14, SC2, TER" fgcolor="#66CC66" bgcolor="#FFFFFF"
             type="line" coords="107,482,107,494"/>
    </entry>
    <entry id="267" name="hsa:6319 hsa:79966" type="gene" reaction="rn:R02222 rn:R03370 rn:R12048"
        link="http://www.kegg.jp/dbget-bin/www_bget?hsa:6319+hsa:79966">
        <graphics name="SCD, FADS5, MSTP008, SCD1, SCDOS, hSCD1..." fgcolor="#66CC66" bgcolor="#FFFFFF"
             type="line" coords="470,269,526,269"/>
    </entry>
    <entry id="268" name="ko:K10256 ko:K22993" type="ortholog" reaction="rn:R11043"
        link="http://www.kegg.jp/dbget-bin/www_bget?K10256+K22993">
        <graphics name="K10256..." fgcolor="#000000" bgcolor="#FFFFFF"
             type="line" coords="542,269,598,269"/>
    </entry>
    <entry id="269" name="ko:K23006 ko:K22993" type="ortholog" reaction="rn:R12205"
        link="http://www.kegg.jp/dbget-bin/www_bget?K23006+K22993">
        <graphics name="K23006..." fgcolor="#000000" bgcolor="#FFFFFF"
             type="line" coords="613,269,669,269"/>
    </entry>
    <entry id="270" name="hsa:9415" type="gene" reaction="rn:R07933"
        link="http://www.kegg.jp/dbget-bin/www_bget?hsa:9415">
        <graphics name="FADS2, D6D, DES6, FADSD6, LLCDL2, SLL0262, TU13" fgcolor="#66CC66" bgcolor="#FFFFFF"
             type="line" coords="686,269,742,269"/>
    </entry>
    <entry id="271" name="hsa:9415" type="gene" reaction="rn:R11110"
        link="http://www.kegg.jp/dbget-bin/www_bget?hsa:9415">
        <graphics name="FADS2, D6D, DES6, FADSD6, LLCDL2, SLL0262, TU13" fgcolor="#66CC66" bgcolor="#FFFFFF"
             type="line" coords="830,503,886,503"/>
    </entry>
    <entry id="272" name="hsa:54898" type="gene"
        link="http://www.kegg.jp/dbget-bin/www_bget?hsa:54898">
        <graphics name="ELOVL2, SSC2" fgcolor="#66CC66" bgcolor="#FFFFFF"
             type="line" coords="822,443,822,455"/>
    </entry>
    <entry id="273" name="hsa:51144" type="gene"
        link="http://www.kegg.jp/dbget-bin/www_bget?hsa:51144">
        <graphics name="HSD17B12, KAR, SDR12C1" fgcolor="#66CC66" bgcolor="#FFFFFF"
             type="line" coords="822,456,822,468"/>
    </entry>
    <entry id="274" name="hsa:201562 hsa:401494 hsa:51495 hsa:9200" type="gene"
        link="http://www.kegg.jp/dbget-bin/www_bget?hsa:201562+hsa:401494+hsa:51495+hsa:9200">
        <graphics name="HACD2, PTPLB..." fgcolor="#66CC66" bgcolor="#FFFFFF"
             type="line" coords="822,469,822,481"/>
    </entry>
    <entry id="275" name="hsa:9524" type="gene"
        link="http://www.kegg.jp/dbget-bin/www_bget?hsa:9524">
        <graphics name="TECR, GPSN2, MRT14, SC2, TER" fgcolor="#66CC66" bgcolor="#FFFFFF"
             type="line" coords="822,482,822,494"/>
    </entry>
    <entry id="276" name="hsa:54898 hsa:60481" type="gene"
        link="http://www.kegg.jp/dbget-bin/www_bget?hsa:54898+hsa:60481">
        <graphics name="ELOVL2, SSC2..." fgcolor="#66CC66" bgcolor="#FFFFFF"
             type="line" coords="822,365,822,377"/>
    </entry>
    <entry id="277" name="hsa:51144" type="gene"
        link="http://www.kegg.jp/dbget-bin/www_bget?hsa:51144">
        <graphics name="HSD17B12, KAR, SDR12C1" fgcolor="#66CC66" bgcolor="#FFFFFF"
             type="line" coords="822,378,822,390"/>
    </entry>
    <entry id="278" name="hsa:201562 hsa:401494 hsa:51495 hsa:9200" type="gene"
        link="http://www.kegg.jp/dbget-bin/www_bget?hsa:201562+hsa:401494+hsa:51495+hsa:9200">
        <graphics name="HACD2, PTPLB..." fgcolor="#66CC66" bgcolor="#FFFFFF"
             type="line" coords="822,391,822,403"/>
    </entry>
    <entry id="279" name="hsa:9524" type="gene"
        link="http://www.kegg.jp/dbget-bin/www_bget?hsa:9524">
        <graphics name="TECR, GPSN2, MRT14, SC2, TER" fgcolor="#66CC66" bgcolor="#FFFFFF"
             type="line" coords="822,404,822,416"/>
    </entry>
    <entry id="280" name="hsa:60481" type="gene"
        link="http://www.kegg.jp/dbget-bin/www_bget?hsa:60481">
        <graphics name="ELOVL5, HELO1, SCA38, dJ483K16.1" fgcolor="#66CC66" bgcolor="#FFFFFF"
             type="line" coords="750,287,750,299"/>
    </entry>
    <entry id="281" name="hsa:51144" type="gene"
        link="http://www.kegg.jp/dbget-bin/www_bget?hsa:51144">
        <graphics name="HSD17B12, KAR, SDR12C1" fgcolor="#66CC66" bgcolor="#FFFFFF"
             type="line" coords="750,300,750,312"/>
    </entry>
    <entry id="282" name="hsa:201562 hsa:401494 hsa:51495 hsa:9200" type="gene"
        link="http://www.kegg.jp/dbget-bin/www_bget?hsa:201562+hsa:401494+hsa:51495+hsa:9200">
        <graphics name="HACD2, PTPLB..." fgcolor="#66CC66" bgcolor="#FFFFFF"
             type="line" coords="750,313,750,325"/>
    </entry>
    <entry id="283" name="hsa:9524" type="gene"
        link="http://www.kegg.jp/dbget-bin/www_bget?hsa:9524">
        <graphics name="TECR, GPSN2, MRT14, SC2, TER" fgcolor="#66CC66" bgcolor="#FFFFFF"
             type="line" coords="750,326,750,338"/>
    </entry>
    <entry id="284" name="hsa:30 hsa:6342" type="gene" reaction="rn:R07937"
        link="http://www.kegg.jp/dbget-bin/www_bget?hsa:30+hsa:6342">
        <graphics name="ACAA1, ACAA, PTHIO, THIO..." fgcolor="#66CC66" bgcolor="#FFFFFF"
             type="line" coords="894,457,894,445"/>
    </entry>
    <entry id="285" name="hsa:3295" type="gene" reaction="rn:R07936"
        link="http://www.kegg.jp/dbget-bin/www_bget?hsa:3295">
        <graphics name="HSD17B4, DBP, MFE-2, MPF-2, PRLTS1, SDR8C1" fgcolor="#66CC66" bgcolor="#FFFFFF"
             type="line" coords="894,470,894,458"/>
    </entry>
    <entry id="286" name="hsa:3295" type="gene" reaction="rn:R07935"
        link="http://www.kegg.jp/dbget-bin/www_bget?hsa:3295">
        <graphics name="HSD17B4, DBP, MFE-2, MPF-2, PRLTS1, SDR8C1" fgcolor="#66CC66" bgcolor="#FFFFFF"
             type="line" coords="894,483,894,471"/>
    </entry>
    <entry id="287" name="hsa:51 hsa:8310" type="gene" reaction="rn:R07934"
        link="http://www.kegg.jp/dbget-bin/www_bget?hsa:51+hsa:8310">
        <graphics name="ACOX1, ACOX, PALMCOX, SCOX..." fgcolor="#66CC66" bgcolor="#FFFFFF"
             type="line" coords="894,496,894,484"/>
    </entry>
    <entry id="294" name="hsa:79071" type="gene" reaction="rn:R07758"
        link="http://www.kegg.jp/dbget-bin/www_bget?hsa:79071">
        <graphics name="ELOVL6, FACE, FAE, LCE" fgcolor="#66CC66" bgcolor="#FFFFFF"
             type="line" coords="462,763,462,775"/>
    </entry>
    <entry id="295" name="hsa:51144" type="gene" reaction="rn:R07759"
        link="http://www.kegg.jp/dbget-bin/www_bget?hsa:51144">
        <graphics name="HSD17B12, KAR, SDR12C1" fgcolor="#66CC66" bgcolor="#FFFFFF"
             type="line" coords="462,776,462,788"/>
    </entry>
    <entry id="296" name="hsa:201562 hsa:401494 hsa:51495 hsa:9200" type="gene" reaction="rn:R07760"
        link="http://www.kegg.jp/dbget-bin/www_bget?hsa:201562+hsa:401494+hsa:51495+hsa:9200">
        <graphics name="HACD2, PTPLB..." fgcolor="#66CC66" bgcolor="#FFFFFF"
             type="line" coords="462,789,462,801"/>
    </entry>
    <entry id="297" name="hsa:9524" type="gene" reaction="rn:R07761"
        link="http://www.kegg.jp/dbget-bin/www_bget?hsa:9524">
        <graphics name="TECR, GPSN2, MRT14, SC2, TER" fgcolor="#66CC66" bgcolor="#FFFFFF"
             type="line" coords="462,802,462,814"/>
    </entry>
    <entry id="298" name="hsa:54898 hsa:60481" type="gene"
        link="http://www.kegg.jp/dbget-bin/www_bget?hsa:54898+hsa:60481">
        <graphics name="ELOVL2, SSC2..." fgcolor="#66CC66" bgcolor="#FFFFFF"
             type="line" coords="750,926,750,938"/>
    </entry>
    <entry id="299" name="hsa:51144" type="gene"
        link="http://www.kegg.jp/dbget-bin/www_bget?hsa:51144">
        <graphics name="HSD17B12, KAR, SDR12C1" fgcolor="#66CC66" bgcolor="#FFFFFF"
             type="line" coords="750,939,750,951"/>
    </entry>
    <entry id="300" name="hsa:201562 hsa:401494 hsa:51495 hsa:9200" type="gene"
        link="http://www.kegg.jp/dbget-bin/www_bget?hsa:201562+hsa:401494+hsa:51495+hsa:9200">
        <graphics name="HACD2, PTPLB..." fgcolor="#66CC66" bgcolor="#FFFFFF"
             type="line" coords="750,952,750,964"/>
    </entry>
    <entry id="301" name="hsa:9524" type="gene"
        link="http://www.kegg.jp/dbget-bin/www_bget?hsa:9524">
        <graphics name="TECR, GPSN2, MRT14, SC2, TER" fgcolor="#66CC66" bgcolor="#FFFFFF"
             type="line" coords="750,965,750,977"/>
    </entry>
    <entry id="302" name="hsa:60481" type="gene"
        link="http://www.kegg.jp/dbget-bin/www_bget?hsa:60481">
        <graphics name="ELOVL5, HELO1, SCA38, dJ483K16.1" fgcolor="#66CC66" bgcolor="#FFFFFF"
             type="line" coords="678,848,678,860"/>
    </entry>
    <entry id="303" name="hsa:51144" type="gene"
        link="http://www.kegg.jp/dbget-bin/www_bget?hsa:51144">
        <graphics name="HSD17B12, KAR, SDR12C1" fgcolor="#66CC66" bgcolor="#FFFFFF"
             type="line" coords="678,861,678,873"/>
    </entry>
    <entry id="304" name="hsa:201562 hsa:401494 hsa:51495 hsa:9200" type="gene"
        link="http://www.kegg.jp/dbget-bin/www_bget?hsa:201562+hsa:401494+hsa:51495+hsa:9200">
        <graphics name="HACD2, PTPLB..." fgcolor="#66CC66" bgcolor="#FFFFFF"
             type="line" coords="678,874,678,886"/>
    </entry>
    <entry id="305" name="hsa:9524" type="gene"
        link="http://www.kegg.jp/dbget-bin/www_bget?hsa:9524">
        <graphics name="TECR, GPSN2, MRT14, SC2, TER" fgcolor="#66CC66" bgcolor="#FFFFFF"
             type="line" coords="678,887,678,899"/>
    </entry>
    <entry id="306" name="hsa:9415" type="gene" reaction="rn:R11111"
        link="http://www.kegg.jp/dbget-bin/www_bget?hsa:9415">
        <graphics name="FADS2, D6D, DES6, FADSD6, LLCDL2, SLL0262, TU13" fgcolor="#66CC66" bgcolor="#FFFFFF"
             type="line" coords="758,1065,814,1065"/>
    </entry>
    <entry id="308" name="hsa:3992" type="gene" reaction="rn:R11059"
        link="http://www.kegg.jp/dbget-bin/www_bget?hsa:3992">
        <graphics name="FADS1, D5D, FADS6, FADSD5, LLCDL1, TU12" fgcolor="#66CC66" bgcolor="#FFFFFF"
             type="line" coords="686,908,742,908"/>
    </entry>
    <entry id="309" name="hsa:9415" type="gene" reaction="rn:R03814"
        link="http://www.kegg.jp/dbget-bin/www_bget?hsa:9415">
        <graphics name="FADS2, D6D, DES6, FADSD6, LLCDL2, SLL0262, TU13" fgcolor="#66CC66" bgcolor="#FFFFFF"
             type="line" coords="614,830,670,830"/>
    </entry>
    <entry id="310" name="ko:K10256" type="ortholog" reaction="rn:R11043"
        link="http://www.kegg.jp/dbget-bin/www_bget?K10256">
        <graphics name="K10256" fgcolor="#000000" bgcolor="#FFFFFF"
             type="line" coords="542,830,598,830"/>
    </entry>
    <entry id="311" name="hsa:6319 hsa:79966" type="gene" reaction="rn:R02222 rn:R03370 rn:R12048"
        link="http://www.kegg.jp/dbget-bin/www_bget?hsa:6319+hsa:79966">
        <graphics name="SCD, FADS5, MSTP008, SCD1, SCDOS, hSCD1..." fgcolor="#66CC66" bgcolor="#FFFFFF"
             type="line" coords="470,830,526,830"/>
    </entry>
    <entry id="312" name="cpd:C16166" type="compound"
        link="http://www.kegg.jp/dbget-bin/www_bget?C16166">
        <graphics name="C16166" fgcolor="#000000" bgcolor="#FFFFFF"
             type="circle" x="1108" y="324" width="8" height="8"/>
    </entry>
    <entry id="313" name="cpd:C16166" type="compound"
        link="http://www.kegg.jp/dbget-bin/www_bget?C16166">
        <graphics name="C16166" fgcolor="#000000" bgcolor="#FFFFFF"
             type="circle" x="822" y="425" width="8" height="8"/>
    </entry>
    <entry id="314" name="hsa:3992" type="gene" reaction="rn:R11060"
        link="http://www.kegg.jp/dbget-bin/www_bget?hsa:3992">
        <graphics name="FADS1, D5D, FADS6, FADSD5, LLCDL1, TU12" fgcolor="#66CC66" bgcolor="#FFFFFF"
             type="line" coords="757,347,813,347"/>
    </entry>
    <entry id="315" name="cpd:C21932" type="compound"
        link="http://www.kegg.jp/dbget-bin/www_bget?C21932">
        <graphics name="C21932" fgcolor="#000000" bgcolor="#FFFFFF"
             type="circle" x="462" y="581" width="8" height="8"/>
    </entry>
    <entry id="316" name="hsa:64834" type="gene"
        link="http://www.kegg.jp/dbget-bin/www_bget?hsa:64834">
        <graphics name="ELOVL1, CGI-88, Ssc1" fgcolor="#66CC66" bgcolor="#FFFFFF"
             type="line" coords="107,520,107,532"/>
    </entry>
    <entry id="317" name="hsa:51144" type="gene"
        link="http://www.kegg.jp/dbget-bin/www_bget?hsa:51144">
        <graphics name="HSD17B12, KAR, SDR12C1" fgcolor="#66CC66" bgcolor="#FFFFFF"
             type="line" coords="107,533,107,545"/>
    </entry>
    <entry id="318" name="hsa:201562 hsa:401494 hsa:51495 hsa:9200" type="gene"
        link="http://www.kegg.jp/dbget-bin/www_bget?hsa:201562+hsa:401494+hsa:51495+hsa:9200">
        <graphics name="HACD2, PTPLB..." fgcolor="#66CC66" bgcolor="#FFFFFF"
             type="line" coords="107,546,107,558"/>
    </entry>
    <entry id="319" name="hsa:9524" type="gene"
        link="http://www.kegg.jp/dbget-bin/www_bget?hsa:9524">
        <graphics name="TECR, GPSN2, MRT14, SC2, TER" fgcolor="#66CC66" bgcolor="#FFFFFF"
             type="line" coords="107,559,107,571"/>
    </entry>
    <entry id="320" name="cpd:C21932" type="compound"
        link="http://www.kegg.jp/dbget-bin/www_bget?C21932">
        <graphics name="C21932" fgcolor="#000000" bgcolor="#FFFFFF"
             type="circle" x="462" y="1143" width="8" height="8"/>
    </entry>
    <entry id="321" name="hsa:6785" type="gene"
        link="http://www.kegg.jp/dbget-bin/www_bget?hsa:6785">
        <graphics name="ELOVL4, ADMD, CT118, ISQMR, SCA34, STGD2, STGD3" fgcolor="#66CC66" bgcolor="#FFFFFF"
             type="line" coords="750,1083,750,1095"/>
    </entry>
    <entry id="322" name="hsa:51144" type="gene"
        link="http://www.kegg.jp/dbget-bin/www_bget?hsa:51144">
        <graphics name="HSD17B12, KAR, SDR12C1" fgcolor="#66CC66" bgcolor="#FFFFFF"
             type="line" coords="750,1096,750,1108"/>
    </entry>
    <entry id="323" name="hsa:201562 hsa:401494 hsa:51495 hsa:9200" type="gene"
        link="http://www.kegg.jp/dbget-bin/www_bget?hsa:201562+hsa:401494+hsa:51495+hsa:9200">
        <graphics name="HACD2, PTPLB..." fgcolor="#66CC66" bgcolor="#FFFFFF"
             type="line" coords="750,1109,750,1121"/>
    </entry>
    <entry id="324" name="hsa:9524" type="gene"
        link="http://www.kegg.jp/dbget-bin/www_bget?hsa:9524">
        <graphics name="TECR, GPSN2, MRT14, SC2, TER" fgcolor="#66CC66" bgcolor="#FFFFFF"
             type="line" coords="750,1122,750,1134"/>
    </entry>
    <entry id="325" name="cpd:C21961" type="compound"
        link="http://www.kegg.jp/dbget-bin/www_bget?C21961">
        <graphics name="C21961" fgcolor="#000000" bgcolor="#FFFFFF"
             type="circle" x="750" y="1143" width="8" height="8"/>
    </entry>
    <entry id="326" name="hsa:6785" type="gene"
        link="http://www.kegg.jp/dbget-bin/www_bget?hsa:6785">
        <graphics name="ELOVL4, ADMD, CT118, ISQMR, SCA34, STGD2, STGD3" fgcolor="#66CC66" bgcolor="#FFFFFF"
             type="line" coords="822,1083,822,1095"/>
    </entry>
    <entry id="327" name="hsa:51144" type="gene"
        link="http://www.kegg.jp/dbget-bin/www_bget?hsa:51144">
        <graphics name="HSD17B12, KAR, SDR12C1" fgcolor="#66CC66" bgcolor="#FFFFFF"
             type="line" coords="822,1096,822,1108"/>
    </entry>
    <entry id="328" name="hsa:201562 hsa:401494 hsa:51495 hsa:9200" type="gene"
        link="http://www.kegg.jp/dbget-bin/www_bget?hsa:201562+hsa:401494+hsa:51495+hsa:9200">
        <graphics name="HACD2, PTPLB..." fgcolor="#66CC66" bgcolor="#FFFFFF"
             type="line" coords="822,1109,822,1121"/>
    </entry>
    <entry id="329" name="hsa:9524" type="gene"
        link="http://www.kegg.jp/dbget-bin/www_bget?hsa:9524">
        <graphics name="TECR, GPSN2, MRT14, SC2, TER" fgcolor="#66CC66" bgcolor="#FFFFFF"
             type="line" coords="822,1122,822,1134"/>
    </entry>
    <entry id="330" name="cpd:C21965" type="compound"
        link="http://www.kegg.jp/dbget-bin/www_bget?C21965">
        <graphics name="C21965" fgcolor="#000000" bgcolor="#FFFFFF"
             type="circle" x="822" y="1143" width="8" height="8"/>
    </entry>
    <entry id="331" name="hsa:6785" type="gene"
        link="http://www.kegg.jp/dbget-bin/www_bget?hsa:6785">
        <graphics name="ELOVL4, ADMD, CT118, ISQMR, SCA34, STGD2, STGD3" fgcolor="#66CC66" bgcolor="#FFFFFF"
             type="line" coords="894,522,894,534"/>
    </entry>
    <entry id="332" name="hsa:51144" type="gene"
        link="http://www.kegg.jp/dbget-bin/www_bget?hsa:51144">
        <graphics name="HSD17B12, KAR, SDR12C1" fgcolor="#66CC66" bgcolor="#FFFFFF"
             type="line" coords="894,535,894,547"/>
    </entry>
    <entry id="333" name="hsa:201562 hsa:401494 hsa:51495 hsa:9200" type="gene"
        link="http://www.kegg.jp/dbget-bin/www_bget?hsa:201562+hsa:401494+hsa:51495+hsa:9200">
        <graphics name="HACD2, PTPLB..." fgcolor="#66CC66" bgcolor="#FFFFFF"
             type="line" coords="894,548,894,560"/>
    </entry>
    <entry id="334" name="hsa:9524" type="gene"
        link="http://www.kegg.jp/dbget-bin/www_bget?hsa:9524">
        <graphics name="TECR, GPSN2, MRT14, SC2, TER" fgcolor="#66CC66" bgcolor="#FFFFFF"
             type="line" coords="894,561,894,573"/>
    </entry>
    <entry id="335" name="cpd:C21953" type="compound"
        link="http://www.kegg.jp/dbget-bin/www_bget?C21953">
        <graphics name="C21953" fgcolor="#000000" bgcolor="#FFFFFF"
             type="circle" x="894" y="581" width="8" height="8"/>
    </entry>
    <entry id="336" name="cpd:C21934" type="compound"
        link="http://www.kegg.jp/dbget-bin/www_bget?C21934">
        <graphics name="C21934" fgcolor="#000000" bgcolor="#FFFFFF"
             type="circle" x="462" y="659" width="8" height="8"/>
    </entry>
    <entry id="337" name="hsa:6785" type="gene"
        link="http://www.kegg.jp/dbget-bin/www_bget?hsa:6785">
        <graphics name="ELOVL4, ADMD, CT118, ISQMR, SCA34, STGD2, STGD3" fgcolor="#66CC66" bgcolor="#FFFFFF"
             type="line" coords="107,599,107,611"/>
    </entry>
    <entry id="338" name="hsa:51144" type="gene"
        link="http://www.kegg.jp/dbget-bin/www_bget?hsa:51144">
        <graphics name="HSD17B12, KAR, SDR12C1" fgcolor="#66CC66" bgcolor="#FFFFFF"
             type="line" coords="107,612,107,624"/>
    </entry>
    <entry id="339" name="hsa:201562 hsa:401494 hsa:51495 hsa:9200" type="gene"
        link="http://www.kegg.jp/dbget-bin/www_bget?hsa:201562+hsa:401494+hsa:51495+hsa:9200">
        <graphics name="HACD2, PTPLB..." fgcolor="#66CC66" bgcolor="#FFFFFF"
             type="line" coords="107,625,107,637"/>
    </entry>
    <entry id="340" name="hsa:9524" type="gene"
        link="http://www.kegg.jp/dbget-bin/www_bget?hsa:9524">
        <graphics name="TECR, GPSN2, MRT14, SC2, TER" fgcolor="#66CC66" bgcolor="#FFFFFF"
             type="line" coords="107,638,107,650"/>
    </entry>
    <entry id="341" name="cpd:C21934" type="compound"
        link="http://www.kegg.jp/dbget-bin/www_bget?C21934">
        <graphics name="C21934" fgcolor="#000000" bgcolor="#FFFFFF"
             type="circle" x="462" y="1222" width="8" height="8"/>
    </entry>
    <entry id="342" name="hsa:6785" type="gene"
        link="http://www.kegg.jp/dbget-bin/www_bget?hsa:6785">
        <graphics name="ELOVL4, ADMD, CT118, ISQMR, SCA34, STGD2, STGD3" fgcolor="#66CC66" bgcolor="#FFFFFF"
             type="line" coords="750,1162,750,1174"/>
    </entry>
    <entry id="343" name="hsa:51144" type="gene"
        link="http://www.kegg.jp/dbget-bin/www_bget?hsa:51144">
        <graphics name="HSD17B12, KAR, SDR12C1" fgcolor="#66CC66" bgcolor="#FFFFFF"
             type="line" coords="750,1175,750,1187"/>
    </entry>
    <entry id="344" name="hsa:201562 hsa:401494 hsa:51495 hsa:9200" type="gene"
        link="http://www.kegg.jp/dbget-bin/www_bget?hsa:201562+hsa:401494+hsa:51495+hsa:9200">
        <graphics name="HACD2, PTPLB..." fgcolor="#66CC66" bgcolor="#FFFFFF"
             type="line" coords="750,1188,750,1200"/>
    </entry>
    <entry id="345" name="hsa:9524" type="gene"
        link="http://www.kegg.jp/dbget-bin/www_bget?hsa:9524">
        <graphics name="TECR, GPSN2, MRT14, SC2, TER" fgcolor="#66CC66" bgcolor="#FFFFFF"
             type="line" coords="750,1201,750,1213"/>
    </entry>
    <entry id="346" name="cpd:C21963" type="compound"
        link="http://www.kegg.jp/dbget-bin/www_bget?C21963">
        <graphics name="C21963" fgcolor="#000000" bgcolor="#FFFFFF"
             type="circle" x="750" y="1222" width="8" height="8"/>
    </entry>
    <entry id="347" name="hsa:6785" type="gene"
        link="http://www.kegg.jp/dbget-bin/www_bget?hsa:6785">
        <graphics name="ELOVL4, ADMD, CT118, ISQMR, SCA34, STGD2, STGD3" fgcolor="#66CC66" bgcolor="#FFFFFF"
             type="line" coords="822,1162,822,1174"/>
    </entry>
    <entry id="348" name="hsa:51144" type="gene"
        link="http://www.kegg.jp/dbget-bin/www_bget?hsa:51144">
        <graphics name="HSD17B12, KAR, SDR12C1" fgcolor="#66CC66" bgcolor="#FFFFFF"
             type="line" coords="822,1175,822,1187"/>
    </entry>
    <entry id="349" name="hsa:201562 hsa:401494 hsa:51495 hsa:9200" type="gene"
        link="http://www.kegg.jp/dbget-bin/www_bget?hsa:201562+hsa:401494+hsa:51495+hsa:9200">
        <graphics name="HACD2, PTPLB..." fgcolor="#66CC66" bgcolor="#FFFFFF"
             type="line" coords="822,1188,822,1200"/>
    </entry>
    <entry id="350" name="hsa:9524" type="gene"
        link="http://www.kegg.jp/dbget-bin/www_bget?hsa:9524">
        <graphics name="TECR, GPSN2, MRT14, SC2, TER" fgcolor="#66CC66" bgcolor="#FFFFFF"
             type="line" coords="822,1201,822,1213"/>
    </entry>
    <entry id="351" name="cpd:C21967" type="compound"
        link="http://www.kegg.jp/dbget-bin/www_bget?C21967">
        <graphics name="C21967" fgcolor="#000000" bgcolor="#FFFFFF"
             type="circle" x="822" y="1222" width="8" height="8"/>
    </entry>
    <entry id="352" name="hsa:6785" type="gene"
        link="http://www.kegg.jp/dbget-bin/www_bget?hsa:6785">
        <graphics name="ELOVL4, ADMD, CT118, ISQMR, SCA34, STGD2, STGD3" fgcolor="#66CC66" bgcolor="#FFFFFF"
             type="line" coords="894,600,894,612"/>
    </entry>
    <entry id="353" name="hsa:51144" type="gene"
        link="http://www.kegg.jp/dbget-bin/www_bget?hsa:51144">
        <graphics name="HSD17B12, KAR, SDR12C1" fgcolor="#66CC66" bgcolor="#FFFFFF"
             type="line" coords="894,613,894,625"/>
    </entry>
    <entry id="354" name="hsa:201562 hsa:401494 hsa:51495 hsa:9200" type="gene"
        link="http://www.kegg.jp/dbget-bin/www_bget?hsa:201562+hsa:401494+hsa:51495+hsa:9200">
        <graphics name="HACD2, PTPLB..." fgcolor="#66CC66" bgcolor="#FFFFFF"
             type="line" coords="894,626,894,638"/>
    </entry>
    <entry id="355" name="hsa:9524" type="gene"
        link="http://www.kegg.jp/dbget-bin/www_bget?hsa:9524">
        <graphics name="TECR, GPSN2, MRT14, SC2, TER" fgcolor="#66CC66" bgcolor="#FFFFFF"
             type="line" coords="894,639,894,651"/>
    </entry>
    <entry id="356" name="cpd:C21959" type="compound"
        link="http://www.kegg.jp/dbget-bin/www_bget?C21959">
        <graphics name="C21959" fgcolor="#000000" bgcolor="#FFFFFF"
             type="circle" x="894" y="659" width="8" height="8"/>
    </entry>
    <entry id="357" name="cpd:C00412" type="compound"
        link="http://www.kegg.jp/dbget-bin/www_bget?C00412">
        <graphics name="C00412" fgcolor="#000000" bgcolor="#FFFFFF"
             type="circle" x="107" y="830" width="8" height="8"/>
    </entry>
    <entry id="358" name="cpd:C00154" type="compound"
        link="http://www.kegg.jp/dbget-bin/www_bget?C00154">
        <graphics name="C00154" fgcolor="#000000" bgcolor="#FFFFFF"
             type="circle" x="107" y="752" width="8" height="8"/>
    </entry>
    <entry id="359" name="cpd:C00154 cpd:C05764" type="compound"
        link="http://www.kegg.jp/dbget-bin/www_bget?C00154+C05764">
        <graphics name="C00154..." fgcolor="#000000" bgcolor="#FFFFFF"
             type="circle" x="107" y="194" width="8" height="8"/>
    </entry>
    <entry id="360" name="cpd:C21943" type="compound"
        link="http://www.kegg.jp/dbget-bin/www_bget?C21943">
        <graphics name="C21943" fgcolor="#000000" bgcolor="#FFFFFF"
             type="circle" x="179" y="194" width="8" height="8"/>
    </entry>
    <entry id="361" name="hsa:9415" type="gene" reaction="rn:R12172"
        link="http://www.kegg.jp/dbget-bin/www_bget?hsa:9415">
        <graphics name="FADS2, D6D, DES6, FADSD6, LLCDL2, SLL0262, TU13" fgcolor="#66CC66" bgcolor="#FFFFFF"
             type="line" coords="115,194,171,194"/>
    </entry>
    <entry id="362" name="hsa:60481 hsa:79071" type="gene"
        link="http://www.kegg.jp/dbget-bin/www_bget?hsa:60481+hsa:79071">
        <graphics name="ELOVL5, HELO1, SCA38, dJ483K16.1..." fgcolor="#66CC66" bgcolor="#FFFFFF"
             type="line" coords="179,770,179,782"/>
    </entry>
    <entry id="363" name="hsa:51144" type="gene"
        link="http://www.kegg.jp/dbget-bin/www_bget?hsa:51144">
        <graphics name="HSD17B12, KAR, SDR12C1" fgcolor="#66CC66" bgcolor="#FFFFFF"
             type="line" coords="179,783,179,795"/>
    </entry>
    <entry id="364" name="hsa:201562 hsa:401494 hsa:51495 hsa:9200" type="gene"
        link="http://www.kegg.jp/dbget-bin/www_bget?hsa:201562+hsa:401494+hsa:51495+hsa:9200">
        <graphics name="HACD2, PTPLB..." fgcolor="#66CC66" bgcolor="#FFFFFF"
             type="line" coords="179,796,179,808"/>
    </entry>
    <entry id="365" name="hsa:9524" type="gene"
        link="http://www.kegg.jp/dbget-bin/www_bget?hsa:9524">
        <graphics name="TECR, GPSN2, MRT14, SC2, TER" fgcolor="#66CC66" bgcolor="#FFFFFF"
             type="line" coords="179,809,179,821"/>
    </entry>
    <entry id="366" name="cpd:C21072" type="compound"
        link="http://www.kegg.jp/dbget-bin/www_bget?C21072">
        <graphics name="C21072" fgcolor="#000000" bgcolor="#FFFFFF"
             type="circle" x="179" y="753" width="8" height="8"/>
    </entry>
    <entry id="367" name="hsa:6319 hsa:79966" type="gene" reaction="rn:R12173"
        link="http://www.kegg.jp/dbget-bin/www_bget?hsa:6319+hsa:79966">
        <graphics name="SCD, FADS5, MSTP008, SCD1, SCDOS, hSCD1..." fgcolor="#66CC66" bgcolor="#FFFFFF"
             type="line" coords="115,752,171,752"/>
    </entry>
    <entry id="368" name="cpd:C21945" type="compound"
        link="http://www.kegg.jp/dbget-bin/www_bget?C21945">
        <graphics name="C21945" fgcolor="#000000" bgcolor="#FFFFFF"
             type="circle" x="179" y="830" width="8" height="8"/>
    </entry>
    <entry id="369" name="cpd:C16529" type="compound"
        link="http://www.kegg.jp/dbget-bin/www_bget?C16529">
        <graphics name="C16529" fgcolor="#000000" bgcolor="#FFFFFF"
             type="circle" x="107" y="503" width="8" height="8"/>
    </entry>
    <entry id="370" name="cpd:C16528" type="compound"
        link="http://www.kegg.jp/dbget-bin/www_bget?C16528">
        <graphics name="C16528" fgcolor="#000000" bgcolor="#FFFFFF"
             type="circle" x="107" y="425" width="8" height="8"/>
    </entry>
    <entry id="371" name="cpd:C02041" type="compound"
        link="http://www.kegg.jp/dbget-bin/www_bget?C02041">
        <graphics name="C02041" fgcolor="#000000" bgcolor="#FFFFFF"
             type="circle" x="107" y="347" width="8" height="8"/>
    </entry>
    <entry id="372" name="cpd:C00510 cpd:C01203" type="compound"
        link="http://www.kegg.jp/dbget-bin/www_bget?C00510+C01203">
        <graphics name="C00510..." fgcolor="#000000" bgcolor="#FFFFFF"
             type="circle" x="179" y="269" width="8" height="8"/>
    </entry>
    <entry id="373" name="cpd:C00412 cpd:C04088" type="compound"
        link="http://www.kegg.jp/dbget-bin/www_bget?C00412+C04088">
        <graphics name="C00412..." fgcolor="#000000" bgcolor="#FFFFFF"
             type="circle" x="107" y="269" width="8" height="8"/>
    </entry>
    <entry id="374" name="cpd:C16530" type="compound"
        link="http://www.kegg.jp/dbget-bin/www_bget?C16530">
        <graphics name="C16530" fgcolor="#000000" bgcolor="#FFFFFF"
             type="circle" x="179" y="347" width="8" height="8"/>
    </entry>
    <entry id="375" name="cpd:C16531" type="compound"
        link="http://www.kegg.jp/dbget-bin/www_bget?C16531">
        <graphics name="C16531" fgcolor="#000000" bgcolor="#FFFFFF"
             type="circle" x="179" y="425" width="8" height="8"/>
    </entry>
    <entry id="376" name="cpd:C16532" type="compound"
        link="http://www.kegg.jp/dbget-bin/www_bget?C16532">
        <graphics name="C16532" fgcolor="#000000" bgcolor="#FFFFFF"
             type="circle" x="179" y="503" width="8" height="8"/>
    </entry>
    <entry id="377" name="hsa:6319 hsa:79966" type="gene" reaction="rn:R02222 rn:R03370 rn:R12048"
        link="http://www.kegg.jp/dbget-bin/www_bget?hsa:6319+hsa:79966">
        <graphics name="SCD, FADS5, MSTP008, SCD1, SCDOS, hSCD1..." fgcolor="#66CC66" bgcolor="#FFFFFF"
             type="line" coords="115,269,171,269"/>
    </entry>
    <entry id="378" name="cpd:C21932" type="compound"
        link="http://www.kegg.jp/dbget-bin/www_bget?C21932">
        <graphics name="C21932" fgcolor="#000000" bgcolor="#FFFFFF"
             type="circle" x="107" y="581" width="8" height="8"/>
    </entry>
    <entry id="379" name="cpd:C21934" type="compound"
        link="http://www.kegg.jp/dbget-bin/www_bget?C21934">
        <graphics name="C21934" fgcolor="#000000" bgcolor="#FFFFFF"
             type="circle" x="107" y="659" width="8" height="8"/>
    </entry>
    <entry id="380" name="cpd:C21935" type="compound"
        link="http://www.kegg.jp/dbget-bin/www_bget?C21935">
        <graphics name="C21935" fgcolor="#000000" bgcolor="#FFFFFF"
             type="circle" x="251" y="269" width="8" height="8"/>
    </entry>
    <entry id="381" name="hsa:9415" type="gene" reaction="rn:R12167"
        link="http://www.kegg.jp/dbget-bin/www_bget?hsa:9415">
        <graphics name="FADS2, D6D, DES6, FADSD6, LLCDL2, SLL0262, TU13" fgcolor="#66CC66" bgcolor="#FFFFFF"
             type="line" coords="187,269,243,269"/>
    </entry>
    <entry id="382" name="cpd:C21937" type="compound"
        link="http://www.kegg.jp/dbget-bin/www_bget?C21937">
        <graphics name="C21937" fgcolor="#000000" bgcolor="#FFFFFF"
             type="circle" x="251" y="347" width="8" height="8"/>
    </entry>
    <entry id="383" name="cpd:C21939" type="compound"
        link="http://www.kegg.jp/dbget-bin/www_bget?C21939">
        <graphics name="C21939" fgcolor="#000000" bgcolor="#FFFFFF"
             type="circle" x="323" y="347" width="8" height="8"/>
    </entry>
    <entry id="384" name="hsa:3992" type="gene" reaction="rn:R12169"
        link="http://www.kegg.jp/dbget-bin/www_bget?hsa:3992">
        <graphics name="FADS1, D5D, FADS6, FADSD5, LLCDL1, TU12" fgcolor="#66CC66" bgcolor="#FFFFFF"
             type="line" coords="259,347,315,347"/>
    </entry>
    <entry id="390" name="cpd:C21941" type="compound"
        link="http://www.kegg.jp/dbget-bin/www_bget?C21941">
        <graphics name="C21941" fgcolor="#000000" bgcolor="#FFFFFF"
             type="circle" x="323" y="426" width="8" height="8"/>
    </entry>
    <entry id="391" name="cpd:C02041" type="compound"
        link="http://www.kegg.jp/dbget-bin/www_bget?C02041">
        <graphics name="C02041" fgcolor="#000000" bgcolor="#FFFFFF"
             type="circle" x="107" y="908" width="8" height="8"/>
    </entry>
    <entry id="392" name="cpd:C21947" type="compound"
        link="http://www.kegg.jp/dbget-bin/www_bget?C21947">
        <graphics name="C21947" fgcolor="#000000" bgcolor="#FFFFFF"
             type="circle" x="179" y="908" width="8" height="8"/>
    </entry>
    <entry id="398" name="hsa:79071" type="gene" reaction="rn:R07758"
        link="http://www.kegg.jp/dbget-bin/www_bget?hsa:79071">
        <graphics name="ELOVL6, FACE, FAE, LCE" fgcolor="#66CC66" bgcolor="#FFFFFF"
             type="line" coords="462,206,462,218"/>
    </entry>
    <entry id="399" name="hsa:51144" type="gene" reaction="rn:R07759"
        link="http://www.kegg.jp/dbget-bin/www_bget?hsa:51144">
        <graphics name="HSD17B12, KAR, SDR12C1" fgcolor="#66CC66" bgcolor="#FFFFFF"
             type="line" coords="462,219,462,231"/>
    </entry>
    <entry id="400" name="hsa:201562 hsa:401494 hsa:51495 hsa:9200" type="gene" reaction="rn:R07760"
        link="http://www.kegg.jp/dbget-bin/www_bget?hsa:201562+hsa:401494+hsa:51495+hsa:9200">
        <graphics name="HACD2, PTPLB..." fgcolor="#66CC66" bgcolor="#FFFFFF"
             type="line" coords="462,232,462,244"/>
    </entry>
    <entry id="401" name="hsa:9524" type="gene" reaction="rn:R07761"
        link="http://www.kegg.jp/dbget-bin/www_bget?hsa:9524">
        <graphics name="TECR, GPSN2, MRT14, SC2, TER" fgcolor="#66CC66" bgcolor="#FFFFFF"
             type="line" coords="462,245,462,257"/>
    </entry>
    <entry id="402" name="cpd:C16529" type="compound"
        link="http://www.kegg.jp/dbget-bin/www_bget?C16529">
        <graphics name="C16529" fgcolor="#000000" bgcolor="#FFFFFF"
             type="circle" x="108" y="1064" width="8" height="8"/>
    </entry>
    <entry id="403" name="cpd:C16528" type="compound"
        link="http://www.kegg.jp/dbget-bin/www_bget?C16528">
        <graphics name="C16528" fgcolor="#000000" bgcolor="#FFFFFF"
             type="circle" x="108" y="986" width="8" height="8"/>
    </entry>
    <entry id="404" name="cpd:C21932" type="compound"
        link="http://www.kegg.jp/dbget-bin/www_bget?C21932">
        <graphics name="C21932" fgcolor="#000000" bgcolor="#FFFFFF"
             type="circle" x="108" y="1143" width="8" height="8"/>
    </entry>
    <entry id="405" name="cpd:C21934" type="compound"
        link="http://www.kegg.jp/dbget-bin/www_bget?C21934">
        <graphics name="C21934" fgcolor="#000000" bgcolor="#FFFFFF"
             type="circle" x="107" y="1222" width="8" height="8"/>
    </entry>
    <entry id="407" name="hsa:60481" type="gene"
        link="http://www.kegg.jp/dbget-bin/www_bget?hsa:60481">
        <graphics name="ELOVL5, HELO1, SCA38, dJ483K16.1" fgcolor="#66CC66" bgcolor="#FFFFFF"
             type="line" coords="251,287,251,299"/>
    </entry>
    <entry id="408" name="hsa:51144" type="gene"
        link="http://www.kegg.jp/dbget-bin/www_bget?hsa:51144">
        <graphics name="HSD17B12, KAR, SDR12C1" fgcolor="#66CC66" bgcolor="#FFFFFF"
             type="line" coords="251,300,251,312"/>
    </entry>
    <entry id="409" name="hsa:201562 hsa:401494 hsa:51495 hsa:9200" type="gene"
        link="http://www.kegg.jp/dbget-bin/www_bget?hsa:201562+hsa:401494+hsa:51495+hsa:9200">
        <graphics name="HACD2, PTPLB..." fgcolor="#66CC66" bgcolor="#FFFFFF"
             type="line" coords="251,313,251,325"/>
    </entry>
    <entry id="410" name="hsa:9524" type="gene"
        link="http://www.kegg.jp/dbget-bin/www_bget?hsa:9524">
        <graphics name="TECR, GPSN2, MRT14, SC2, TER" fgcolor="#66CC66" bgcolor="#FFFFFF"
             type="line" coords="251,326,251,338"/>
    </entry>
    <entry id="411" name="hsa:60481 hsa:79993 hsa:83401" type="gene"
        link="http://www.kegg.jp/dbget-bin/www_bget?hsa:60481+hsa:79993+hsa:83401">
        <graphics name="ELOVL5, HELO1, SCA38, dJ483K16.1..." fgcolor="#66CC66" bgcolor="#FFFFFF"
             type="line" coords="179,287,179,299"/>
    </entry>
    <entry id="412" name="hsa:51144" type="gene"
        link="http://www.kegg.jp/dbget-bin/www_bget?hsa:51144">
        <graphics name="HSD17B12, KAR, SDR12C1" fgcolor="#66CC66" bgcolor="#FFFFFF"
             type="line" coords="179,300,179,312"/>
    </entry>
    <entry id="413" name="hsa:201562 hsa:401494 hsa:51495 hsa:9200" type="gene"
        link="http://www.kegg.jp/dbget-bin/www_bget?hsa:201562+hsa:401494+hsa:51495+hsa:9200">
        <graphics name="HACD2, PTPLB..." fgcolor="#66CC66" bgcolor="#FFFFFF"
             type="line" coords="179,313,179,325"/>
    </entry>
    <entry id="414" name="hsa:9524" type="gene"
        link="http://www.kegg.jp/dbget-bin/www_bget?hsa:9524">
        <graphics name="TECR, GPSN2, MRT14, SC2, TER" fgcolor="#66CC66" bgcolor="#FFFFFF"
             type="line" coords="179,326,179,338"/>
    </entry>
    <entry id="415" name="hsa:60481 hsa:79993" type="gene"
        link="http://www.kegg.jp/dbget-bin/www_bget?hsa:60481+hsa:79993">
        <graphics name="ELOVL5, HELO1, SCA38, dJ483K16.1..." fgcolor="#66CC66" bgcolor="#FFFFFF"
             type="line" coords="678,287,678,299"/>
    </entry>
    <entry id="416" name="hsa:51144" type="gene"
        link="http://www.kegg.jp/dbget-bin/www_bget?hsa:51144">
        <graphics name="HSD17B12, KAR, SDR12C1" fgcolor="#66CC66" bgcolor="#FFFFFF"
             type="line" coords="678,300,678,312"/>
    </entry>
    <entry id="417" name="hsa:201562 hsa:401494 hsa:51495 hsa:9200" type="gene"
        link="http://www.kegg.jp/dbget-bin/www_bget?hsa:201562+hsa:401494+hsa:51495+hsa:9200">
        <graphics name="HACD2, PTPLB..." fgcolor="#66CC66" bgcolor="#FFFFFF"
             type="line" coords="678,313,678,325"/>
    </entry>
    <entry id="418" name="hsa:9524" type="gene"
        link="http://www.kegg.jp/dbget-bin/www_bget?hsa:9524">
        <graphics name="TECR, GPSN2, MRT14, SC2, TER" fgcolor="#66CC66" bgcolor="#FFFFFF"
             type="line" coords="678,326,678,338"/>
    </entry>
    <entry id="419" name="hsa:60481" type="gene"
        link="http://www.kegg.jp/dbget-bin/www_bget?hsa:60481">
        <graphics name="ELOVL5, HELO1, SCA38, dJ483K16.1" fgcolor="#66CC66" bgcolor="#FFFFFF"
             type="line" coords="606,848,606,860"/>
    </entry>
    <entry id="420" name="hsa:51144" type="gene"
        link="http://www.kegg.jp/dbget-bin/www_bget?hsa:51144">
        <graphics name="HSD17B12, KAR, SDR12C1" fgcolor="#66CC66" bgcolor="#FFFFFF"
             type="line" coords="606,861,606,873"/>
    </entry>
    <entry id="421" name="hsa:201562 hsa:401494 hsa:51495 hsa:9200" type="gene"
        link="http://www.kegg.jp/dbget-bin/www_bget?hsa:201562+hsa:401494+hsa:51495+hsa:9200">
        <graphics name="HACD2, PTPLB..." fgcolor="#66CC66" bgcolor="#FFFFFF"
             type="line" coords="606,874,606,886"/>
    </entry>
    <entry id="422" name="hsa:9524" type="gene"
        link="http://www.kegg.jp/dbget-bin/www_bget?hsa:9524">
        <graphics name="TECR, GPSN2, MRT14, SC2, TER" fgcolor="#66CC66" bgcolor="#FFFFFF"
             type="line" coords="606,887,606,899"/>
    </entry>
    <entry id="423" name="hsa:6785" type="gene"
        link="http://www.kegg.jp/dbget-bin/www_bget?hsa:6785">
        <graphics name="ELOVL4, ADMD, CT118, ISQMR, SCA34, STGD2, STGD3" fgcolor="#66CC66" bgcolor="#FFFFFF"
             type="line" coords="822,522,822,534"/>
    </entry>
    <entry id="424" name="hsa:51144" type="gene"
        link="http://www.kegg.jp/dbget-bin/www_bget?hsa:51144">
        <graphics name="HSD17B12, KAR, SDR12C1" fgcolor="#66CC66" bgcolor="#FFFFFF"
             type="line" coords="822,535,822,547"/>
    </entry>
    <entry id="425" name="hsa:201562 hsa:401494 hsa:51495 hsa:9200" type="gene"
        link="http://www.kegg.jp/dbget-bin/www_bget?hsa:201562+hsa:401494+hsa:51495+hsa:9200">
        <graphics name="HACD2, PTPLB..." fgcolor="#66CC66" bgcolor="#FFFFFF"
             type="line" coords="822,548,822,560"/>
    </entry>
    <entry id="426" name="hsa:9524" type="gene"
        link="http://www.kegg.jp/dbget-bin/www_bget?hsa:9524">
        <graphics name="TECR, GPSN2, MRT14, SC2, TER" fgcolor="#66CC66" bgcolor="#FFFFFF"
             type="line" coords="822,561,822,573"/>
    </entry>
    <entry id="427" name="cpd:C21949" type="compound"
        link="http://www.kegg.jp/dbget-bin/www_bget?C21949">
        <graphics name="C21949" fgcolor="#000000" bgcolor="#FFFFFF"
             type="circle" x="822" y="581" width="8" height="8"/>
    </entry>
    <entry id="428" name="hsa:6785" type="gene"
        link="http://www.kegg.jp/dbget-bin/www_bget?hsa:6785">
        <graphics name="ELOVL4, ADMD, CT118, ISQMR, SCA34, STGD2, STGD3" fgcolor="#66CC66" bgcolor="#FFFFFF"
             type="line" coords="822,600,822,612"/>
    </entry>
    <entry id="429" name="hsa:51144" type="gene"
        link="http://www.kegg.jp/dbget-bin/www_bget?hsa:51144">
        <graphics name="HSD17B12, KAR, SDR12C1" fgcolor="#66CC66" bgcolor="#FFFFFF"
             type="line" coords="822,613,822,625"/>
    </entry>
    <entry id="430" name="hsa:201562 hsa:401494 hsa:51495 hsa:9200" type="gene"
        link="http://www.kegg.jp/dbget-bin/www_bget?hsa:201562+hsa:401494+hsa:51495+hsa:9200">
        <graphics name="HACD2, PTPLB..." fgcolor="#66CC66" bgcolor="#FFFFFF"
             type="line" coords="822,626,822,638"/>
    </entry>
    <entry id="431" name="hsa:9524" type="gene"
        link="http://www.kegg.jp/dbget-bin/www_bget?hsa:9524">
        <graphics name="TECR, GPSN2, MRT14, SC2, TER" fgcolor="#66CC66" bgcolor="#FFFFFF"
             type="line" coords="822,639,822,651"/>
    </entry>
    <entry id="432" name="cpd:C21951" type="compound"
        link="http://www.kegg.jp/dbget-bin/www_bget?C21951">
        <graphics name="C21951" fgcolor="#000000" bgcolor="#FFFFFF"
             type="circle" x="822" y="659" width="8" height="8"/>
    </entry>
    <entry id="433" name="cpd:C21981" type="compound"
        link="http://www.kegg.jp/dbget-bin/www_bget?C21981">
        <graphics name="C21981" fgcolor="#000000" bgcolor="#FFFFFF"
             type="circle" x="249" y="753" width="8" height="8"/>
    </entry>
    <entry id="435" name="cpd:C17279" type="compound"
        link="http://www.kegg.jp/dbget-bin/www_bget?C17279">
        <graphics name="C17279" fgcolor="#000000" bgcolor="#FFFFFF"
             type="circle" x="179" y="581" width="8" height="8"/>
    </entry>
    <entry id="436" name="hsa:64834 hsa:83401" type="gene"
        link="http://www.kegg.jp/dbget-bin/www_bget?hsa:64834+hsa:83401">
        <graphics name="ELOVL1, CGI-88, Ssc1..." fgcolor="#66CC66" bgcolor="#FFFFFF"
             type="line" coords="180,365,180,377"/>
    </entry>
    <entry id="437" name="hsa:51144" type="gene"
        link="http://www.kegg.jp/dbget-bin/www_bget?hsa:51144">
        <graphics name="HSD17B12, KAR, SDR12C1" fgcolor="#66CC66" bgcolor="#FFFFFF"
             type="line" coords="180,378,180,390"/>
    </entry>
    <entry id="438" name="hsa:201562 hsa:401494 hsa:51495 hsa:9200" type="gene"
        link="http://www.kegg.jp/dbget-bin/www_bget?hsa:201562+hsa:401494+hsa:51495+hsa:9200">
        <graphics name="HACD2, PTPLB..." fgcolor="#66CC66" bgcolor="#FFFFFF"
             type="line" coords="180,391,180,403"/>
    </entry>
    <entry id="439" name="hsa:9524" type="gene"
        link="http://www.kegg.jp/dbget-bin/www_bget?hsa:9524">
        <graphics name="TECR, GPSN2, MRT14, SC2, TER" fgcolor="#66CC66" bgcolor="#FFFFFF"
             type="line" coords="180,404,180,416"/>
    </entry>
    <entry id="440" name="hsa:64834 hsa:83401" type="gene"
        link="http://www.kegg.jp/dbget-bin/www_bget?hsa:64834+hsa:83401">
        <graphics name="ELOVL1, CGI-88, Ssc1..." fgcolor="#66CC66" bgcolor="#FFFFFF"
             type="line" coords="180,444,180,456"/>
    </entry>
    <entry id="441" name="hsa:51144" type="gene"
        link="http://www.kegg.jp/dbget-bin/www_bget?hsa:51144">
        <graphics name="HSD17B12, KAR, SDR12C1" fgcolor="#66CC66" bgcolor="#FFFFFF"
             type="line" coords="180,457,180,469"/>
    </entry>
    <entry id="442" name="hsa:201562 hsa:401494 hsa:51495 hsa:9200" type="gene"
        link="http://www.kegg.jp/dbget-bin/www_bget?hsa:201562+hsa:401494+hsa:51495+hsa:9200">
        <graphics name="HACD2, PTPLB..." fgcolor="#66CC66" bgcolor="#FFFFFF"
             type="line" coords="180,470,180,482"/>
    </entry>
    <entry id="443" name="hsa:9524" type="gene"
        link="http://www.kegg.jp/dbget-bin/www_bget?hsa:9524">
        <graphics name="TECR, GPSN2, MRT14, SC2, TER" fgcolor="#66CC66" bgcolor="#FFFFFF"
             type="line" coords="180,483,180,495"/>
    </entry>
    <entry id="444" name="hsa:64834 hsa:6785" type="gene"
        link="http://www.kegg.jp/dbget-bin/www_bget?hsa:64834+hsa:6785">
        <graphics name="ELOVL1, CGI-88, Ssc1..." fgcolor="#66CC66" bgcolor="#FFFFFF"
             type="line" coords="180,522,180,534"/>
    </entry>
    <entry id="445" name="hsa:51144" type="gene"
        link="http://www.kegg.jp/dbget-bin/www_bget?hsa:51144">
        <graphics name="HSD17B12, KAR, SDR12C1" fgcolor="#66CC66" bgcolor="#FFFFFF"
             type="line" coords="180,535,180,547"/>
    </entry>
    <entry id="446" name="hsa:201562 hsa:401494 hsa:51495 hsa:9200" type="gene"
        link="http://www.kegg.jp/dbget-bin/www_bget?hsa:201562+hsa:401494+hsa:51495+hsa:9200">
        <graphics name="HACD2, PTPLB..." fgcolor="#66CC66" bgcolor="#FFFFFF"
             type="line" coords="180,548,180,560"/>
    </entry>
    <entry id="447" name="hsa:9524" type="gene"
        link="http://www.kegg.jp/dbget-bin/www_bget?hsa:9524">
        <graphics name="TECR, GPSN2, MRT14, SC2, TER" fgcolor="#66CC66" bgcolor="#FFFFFF"
             type="line" coords="180,561,180,573"/>
    </entry>
    <entry id="448" name="cpd:C17279" type="compound"
        link="http://www.kegg.jp/dbget-bin/www_bget?C17279">
        <graphics name="C17279" fgcolor="#000000" bgcolor="#FFFFFF"
             type="circle" x="534" y="581" width="8" height="8"/>
    </entry>
    <entry id="449" name="cpd:C17279" type="compound"
        link="http://www.kegg.jp/dbget-bin/www_bget?C17279">
        <graphics name="C17279" fgcolor="#000000" bgcolor="#FFFFFF"
             type="circle" x="534" y="1143" width="8" height="8"/>
    </entry>
    <reaction id="164" name="rn:R01274" type="irreversible">
        <substrate id="213" name="cpd:C00154"/>
        <product id="179" name="cpd:C00249"/>
    </reaction>
    <reaction id="165" name="rn:R08174" type="irreversible">
        <substrate id="212" name="cpd:C00412"/>
        <product id="177" name="cpd:C01530"/>
    </reaction>
    <reaction id="166" name="rn:R08175" type="irreversible">
        <substrate id="209" name="cpd:C02041"/>
        <product id="185" name="cpd:C06425"/>
    </reaction>
    <reaction id="167" name="rn:R08176" type="irreversible">
        <substrate id="202" name="cpd:C00510"/>
        <product id="178" name="cpd:C00712"/>
    </reaction>
    <reaction id="168" name="rn:R08177" type="irreversible">
        <substrate id="195" name="cpd:C02050"/>
        <product id="176" name="cpd:C01595"/>
    </reaction>
    <reaction id="169" name="rn:R08183" type="irreversible">
        <substrate id="215" name="cpd:C02249"/>
        <product id="180" name="cpd:C00219"/>
    </reaction>
    <reaction id="170" name="rn:R08182" type="irreversible">
        <substrate id="216" name="cpd:C03595"/>
        <product id="175" name="cpd:C03242"/>
    </reaction>
    <reaction id="171" name="rn:R08181" type="irreversible">
        <substrate id="217" name="cpd:C03035"/>
        <product id="186" name="cpd:C06426"/>
    </reaction>
    <reaction id="172" name="rn:R08180" type="irreversible">
        <substrate id="219" name="cpd:C16169"/>
        <product id="187" name="cpd:C06429"/>
    </reaction>
    <reaction id="173" name="rn:R08179" type="irreversible">
        <substrate id="220" name="cpd:C16165"/>
        <product id="192" name="cpd:C06428"/>
    </reaction>
    <reaction id="174" name="rn:R08178" type="irreversible">
        <substrate id="222" name="cpd:C16162"/>
        <product id="194" name="cpd:C06427"/>
    </reaction>
    <reaction id="270" name="rn:R07933" type="irreversible">
        <substrate id="242" name="cpd:C16162"/>
        <product id="240" name="cpd:C16163"/>
    </reaction>
    <reaction id="271" name="rn:R11110" type="irreversible">
        <substrate id="232" name="cpd:C16167"/>
        <product id="231" name="cpd:C16168"/>
    </reaction>
    <reaction id="306" name="rn:R11111" type="irreversible">
        <substrate id="224" name="cpd:C16171"/>
        <product id="223" name="cpd:C16172"/>
    </reaction>
    <reaction id="308" name="rn:R11059" type="irreversible">
        <substrate id="228" name="cpd:C03595"/>
        <product id="227" name="cpd:C02249"/>
    </reaction>
    <reaction id="309" name="rn:R03814" type="irreversible">
        <substrate id="241" name="cpd:C02050"/>
        <product id="230" name="cpd:C03035"/>
    </reaction>
    <reaction id="314" name="rn:R11060" type="irreversible">
        <substrate id="235" name="cpd:C16164"/>
        <product id="234" name="cpd:C16165"/>
    </reaction>
    <reaction id="361" name="rn:R12172" type="irreversible">
        <substrate id="359" name="cpd:C00154"/>
        <product id="360" name="cpd:C21943"/>
    </reaction>
    <reaction id="367" name="rn:R12173" type="irreversible">
        <substrate id="358" name="cpd:C00154"/>
        <product id="366" name="cpd:C21072"/>
    </reaction>
    <reaction id="381" name="rn:R12167" type="irreversible">
        <substrate id="372" name="cpd:C00510"/>
        <product id="380" name="cpd:C21935"/>
    </reaction>
    <reaction id="384" name="rn:R12169" type="irreversible">
        <substrate id="382" name="cpd:C21937"/>
        <product id="383" name="cpd:C21939"/>
    </reaction>
    <reaction id="119" name="rn:R12168" type="irreversible">
        <substrate id="374" name="cpd:C16530"/>
        <product id="382" name="cpd:C21937"/>
    </reaction>
    <reaction id="118" name="rn:R12170" type="irreversible">
        <substrate id="236" name="cpd:C16179"/>
        <product id="235" name="cpd:C16164"/>
    </reaction>
    <reaction id="117" name="rn:R12171" type="irreversible">
        <substrate id="229" name="cpd:C16180"/>
        <product id="228" name="cpd:C03595"/>
    </reaction>
</pathway>
