<?xml version="1.0"?>
<!DOCTYPE pathway SYSTEM "http://www.kegg.jp/kegg/xml/KGML_v0.7.2_.dtd">
<!-- Creation date: Apr 6, 2018 10:23:12 +0900 (GMT+9) -->
<pathway name="path:hsa04912" org="hsa" number="04912"
         title="GnRH signaling pathway"
         image="http://www.kegg.jp/kegg/pathway/hsa/hsa04912.png"
         link="http://www.kegg.jp/kegg-bin/show_pathway?hsa04912">
    <entry id="8" name="cpd:C00076" type="compound"
        link="http://www.kegg.jp/dbget-bin/www_bget?C00076">
        <graphics name="C00076" fgcolor="#000000" bgcolor="#FFFFFF"
             type="circle" x="137" y="370" width="8" height="8"/>
    </entry>
    <entry id="9" name="hsa:5578 hsa:5579 hsa:5580" type="gene"
        link="http://www.kegg.jp/dbget-bin/www_bget?hsa:5578+hsa:5579+hsa:5580">
        <graphics name="PRKCA, AAG6, PKC-alpha, PKCA, PKCI+/-, PKCalpha, PRKACA..." fgcolor="#000000" bgcolor="#BFFFBF"
             type="rectangle" x="444" y="370" width="46" height="17"/>
    </entry>
    <entry id="10" name="hsa:107 hsa:108 hsa:109 hsa:111 hsa:112 hsa:113 hsa:114 hsa:115 hsa:196883" type="gene"
        link="http://www.kegg.jp/dbget-bin/www_bget?hsa:107+hsa:108+hsa:109+hsa:111+hsa:112+hsa:113+hsa:114+hsa:115+hsa:196883">
        <graphics name="ADCY1, AC1, DFNB44..." fgcolor="#000000" bgcolor="#BFFFBF"
             type="rectangle" x="489" y="117" width="46" height="17"/>
    </entry>
    <entry id="11" name="hsa:1081" type="gene"
        link="http://www.kegg.jp/dbget-bin/www_bget?hsa:1081">
        <graphics name="CGA, CG-ALPHA, FSHA, GPA1, GPHA1, GPHa, HCG, LHA, TSHA" fgcolor="#000000" bgcolor="#BFFFBF"
             type="rectangle" x="1040" y="310" width="46" height="17"/>
    </entry>
    <entry id="12" name="hsa:3972" type="gene"
        link="http://www.kegg.jp/dbget-bin/www_bget?hsa:3972">
        <graphics name="LHB, CGB4, HH23, LSH-B, LSH-beta" fgcolor="#000000" bgcolor="#BFFFBF"
             type="rectangle" x="986" y="310" width="46" height="17"/>
    </entry>
    <entry id="13" name="cpd:C00416" type="compound"
        link="http://www.kegg.jp/dbget-bin/www_bget?C00416">
        <graphics name="C00416" fgcolor="#000000" bgcolor="#FFFFFF"
             type="circle" x="629" y="381" width="8" height="8"/>
    </entry>
    <entry id="14" name="cpd:C00219" type="compound"
        link="http://www.kegg.jp/dbget-bin/www_bget?C00219">
        <graphics name="C00219" fgcolor="#000000" bgcolor="#FFFFFF"
             type="circle" x="628" y="351" width="8" height="8"/>
    </entry>
    <entry id="15" name="cpd:C00165" type="compound"
        link="http://www.kegg.jp/dbget-bin/www_bget?C00165">
        <graphics name="C00165" fgcolor="#000000" bgcolor="#FFFFFF"
             type="circle" x="398" y="323" width="8" height="8"/>
    </entry>
    <entry id="16" name="cpd:C01245" type="compound"
        link="http://www.kegg.jp/dbget-bin/www_bget?C01245">
        <graphics name="C01245" fgcolor="#000000" bgcolor="#FFFFFF"
             type="circle" x="429" y="246" width="8" height="8"/>
    </entry>
    <entry id="17" name="hsa:23236 hsa:5330 hsa:5331 hsa:5332" type="gene"
        link="http://www.kegg.jp/dbget-bin/www_bget?hsa:23236+hsa:5330+hsa:5331+hsa:5332">
        <graphics name="PLCB1, EIEE12, PI-PLC, PLC-154, PLC-I, PLC-beta-1, PLC154, PLCB1A, PLCB1B..." fgcolor="#000000" bgcolor="#BFFFBF"
             type="rectangle" x="352" y="283" width="46" height="17"/>
    </entry>
    <entry id="18" name="hsa:998" type="gene"
        link="http://www.kegg.jp/dbget-bin/www_bget?hsa:998">
        <graphics name="CDC42, CDC42Hs, G25K, TKS" fgcolor="#000000" bgcolor="#BFFFBF"
             type="rectangle" x="643" y="423" width="46" height="17"/>
    </entry>
    <entry id="19" name="cpd:C00076" type="compound"
        link="http://www.kegg.jp/dbget-bin/www_bget?C00076">
        <graphics name="C00076" fgcolor="#000000" bgcolor="#FFFFFF"
             type="circle" x="541" y="180" width="8" height="8"/>
    </entry>
    <entry id="20" name="cpd:C00575" type="compound"
        link="http://www.kegg.jp/dbget-bin/www_bget?C00575">
        <graphics name="C00575" fgcolor="#000000" bgcolor="#FFFFFF"
             type="circle" x="615" y="116" width="8" height="8"/>
    </entry>
    <entry id="21" name="hsa:468" type="gene"
        link="http://www.kegg.jp/dbget-bin/www_bget?hsa:468">
        <graphics name="ATF4, CREB-2, CREB2, TAXREB67, TXREB" fgcolor="#000000" bgcolor="#BFFFBF"
             type="rectangle" x="870" y="117" width="46" height="17"/>
    </entry>
    <entry id="22" name="hsa:815 hsa:816 hsa:817 hsa:818" type="gene"
        link="http://www.kegg.jp/dbget-bin/www_bget?hsa:815+hsa:816+hsa:817+hsa:818">
        <graphics name="CAMK2A, CAMKA, CaMKIINalpha, MRD53, MRT63..." fgcolor="#000000" bgcolor="#BFFFBF"
             type="rectangle" x="718" y="180" width="46" height="17"/>
    </entry>
    <entry id="23" name="hsa:5606 hsa:5608" type="gene"
        link="http://www.kegg.jp/dbget-bin/www_bget?hsa:5606+hsa:5608">
        <graphics name="MAP2K3, MAPKK3, MEK3, MKK3, PRKMK3, SAPKK-2, SAPKK2..." fgcolor="#000000" bgcolor="#BFFFBF"
             type="rectangle" x="645" y="262" width="46" height="17"/>
    </entry>
    <entry id="24" name="hsa:1432 hsa:5600 hsa:5603 hsa:6300" type="gene"
        link="http://www.kegg.jp/dbget-bin/www_bget?hsa:1432+hsa:5600+hsa:5603+hsa:6300">
        <graphics name="MAPK14, CSBP, CSBP1, CSBP2, CSPB1, EXIP, Mxi2, PRKM14, PRKM15, RK, SAPK2A, p38, p38ALPHA..." fgcolor="#000000" bgcolor="#BFFFBF"
             type="rectangle" x="722" y="262" width="46" height="17"/>
    </entry>
    <entry id="25" name="hsa:10746 hsa:4214 hsa:4215 hsa:4216" type="gene"
        link="http://www.kegg.jp/dbget-bin/www_bget?hsa:10746+hsa:4214+hsa:4215+hsa:4216">
        <graphics name="MAP3K2, MEKK2, MEKK2B..." fgcolor="#000000" bgcolor="#BFFFBF"
             type="rectangle" x="570" y="262" width="46" height="17"/>
    </entry>
    <entry id="26" name="hsa:5598" type="gene"
        link="http://www.kegg.jp/dbget-bin/www_bget?hsa:5598">
        <graphics name="MAPK7, BMK1, ERK4, ERK5, PRKM7" fgcolor="#000000" bgcolor="#BFFFBF"
             type="rectangle" x="570" y="306" width="46" height="17"/>
    </entry>
    <entry id="27" name="hsa:100137049 hsa:123745 hsa:255189 hsa:283748 hsa:5321 hsa:8605 hsa:8681" type="gene"
        link="http://www.kegg.jp/dbget-bin/www_bget?hsa:100137049+hsa:123745+hsa:255189+hsa:283748+hsa:5321+hsa:8605+hsa:8681">
        <graphics name="PLA2G4B, HsT16992, cPLA2-beta..." fgcolor="#000000" bgcolor="#BFFFBF"
             type="rectangle" x="570" y="350" width="46" height="17"/>
    </entry>
    <entry id="28" name="hsa:3708 hsa:3709 hsa:3710" type="gene"
        link="http://www.kegg.jp/dbget-bin/www_bget?hsa:3708+hsa:3709+hsa:3710">
        <graphics name="ITPR1, ACV, CLA4, INSP3R1, IP3R, IP3R1, PPP1R94, SCA15, SCA16, SCA29..." fgcolor="#000000" bgcolor="#BFFFBF"
             type="rectangle" x="459" y="180" width="46" height="17"/>
    </entry>
    <entry id="29" name="hsa:163688 hsa:51806 hsa:801 hsa:805 hsa:808 hsa:810 hsa:91860" type="gene"
        link="http://www.kegg.jp/dbget-bin/www_bget?hsa:163688+hsa:51806+hsa:801+hsa:805+hsa:808+hsa:810+hsa:91860">
        <graphics name="CALML6, CAGLP..." fgcolor="#000000" bgcolor="#BFFFBF"
             type="rectangle" x="623" y="180" width="46" height="17"/>
    </entry>
    <entry id="30" name="hsa:2767 hsa:2776" type="gene"
        link="http://www.kegg.jp/dbget-bin/www_bget?hsa:2767+hsa:2776">
        <graphics name="GNA11, FBH, FBH2, FHH2, GNA-11, HHC2, HYPOC2..." fgcolor="#000000" bgcolor="#BFFFBF"
             type="rectangle" x="279" y="264" width="46" height="17"/>
    </entry>
    <entry id="31" name="hsa:4323" type="gene"
        link="http://www.kegg.jp/dbget-bin/www_bget?hsa:4323">
        <graphics name="MMP14, MMP-14, MMP-X1, MT-MMP, MT-MMP_1, MT1-MMP, MT1MMP, MTMMP1, WNCHRS" fgcolor="#000000" bgcolor="#BFFFBF"
             type="rectangle" x="191" y="425" width="46" height="17"/>
    </entry>
    <entry id="32" name="hsa:2798" type="gene"
        link="http://www.kegg.jp/dbget-bin/www_bget?hsa:2798">
        <graphics name="GNRHR, GNRHR1, GRHR, HH7, LHRHR, LRHR" fgcolor="#000000" bgcolor="#BFFFBF"
             type="rectangle" x="191" y="197" width="46" height="17"/>
    </entry>
    <entry id="33" name="hsa:5337 hsa:5338" type="gene"
        link="http://www.kegg.jp/dbget-bin/www_bget?hsa:5337+hsa:5338">
        <graphics name="PLD1, CVDD..." fgcolor="#000000" bgcolor="#BFFFBF"
             type="rectangle" x="570" y="380" width="46" height="17"/>
    </entry>
    <entry id="34" name="hsa:2778" type="gene"
        link="http://www.kegg.jp/dbget-bin/www_bget?hsa:2778">
        <graphics name="GNAS, AHO, C20orf45, GNAS1, GPSA, GSA, GSP, NESP, PITA3, POH, SCG6, SgVI" fgcolor="#000000" bgcolor="#BFFFBF"
             type="rectangle" x="362" y="117" width="46" height="17"/>
    </entry>
    <entry id="35" name="hsa:2796 hsa:2797" type="gene"
        link="http://www.kegg.jp/dbget-bin/www_bget?hsa:2796+hsa:2797">
        <graphics name="GNRH1, GNRH, GRH, LHRH, LNRH..." fgcolor="#000000" bgcolor="#BFFFBF"
             type="rectangle" x="109" y="197" width="46" height="17"/>
    </entry>
    <entry id="36" name="hsa:6714" type="gene"
        link="http://www.kegg.jp/dbget-bin/www_bget?hsa:6714">
        <graphics name="SRC, ASV, SRC1, THC6, c-SRC, p60-Src" fgcolor="#000000" bgcolor="#BFFFBF"
             type="rectangle" x="570" y="423" width="46" height="17"/>
    </entry>
    <entry id="37" name="hsa:4313" type="gene"
        link="http://www.kegg.jp/dbget-bin/www_bget?hsa:4313">
        <graphics name="MMP2, CLG4, CLG4A, MMP-2, MMP-II, MONA, TBE-1" fgcolor="#000000" bgcolor="#BFFFBF"
             type="rectangle" x="146" y="425" width="46" height="17"/>
    </entry>
    <entry id="38" name="hsa:5566 hsa:5567 hsa:5568" type="gene"
        link="http://www.kegg.jp/dbget-bin/www_bget?hsa:5566+hsa:5567+hsa:5568">
        <graphics name="PRKACA, PKACA, PPNAD4..." fgcolor="#000000" bgcolor="#BFFFBF"
             type="rectangle" x="743" y="117" width="46" height="17"/>
    </entry>
    <entry id="39" name="hsa:775 hsa:776 hsa:778 hsa:779" type="gene"
        link="http://www.kegg.jp/dbget-bin/www_bget?hsa:775+hsa:776+hsa:778+hsa:779">
        <graphics name="CACNA1C, CACH2, CACN2, CACNL1A1, CCHL1A1, CaV1.2, LQT8, TS, TS._LQT8..." fgcolor="#000000" bgcolor="#BFFFBF"
             type="rectangle" x="191" y="369" width="46" height="17"/>
    </entry>
    <entry id="40" name="hsa:2002" type="gene"
        link="http://www.kegg.jp/dbget-bin/www_bget?hsa:2002">
        <graphics name="ELK1" fgcolor="#000000" bgcolor="#BFFFBF"
             type="rectangle" x="939" y="549" width="46" height="17"/>
    </entry>
    <entry id="41" name="hsa:5594 hsa:5595" type="gene"
        link="http://www.kegg.jp/dbget-bin/www_bget?hsa:5594+hsa:5595">
        <graphics name="MAPK1, ERK, ERK-2, ERK2, ERT1, MAPK2, P42MAPK, PRKM1, PRKM2, p38, p40, p41, p41mapk, p42-MAPK..." fgcolor="#000000" bgcolor="#BFFFBF"
             type="rectangle" x="864" y="560" width="46" height="17"/>
    </entry>
    <entry id="42" name="hsa:2488" type="gene"
        link="http://www.kegg.jp/dbget-bin/www_bget?hsa:2488">
        <graphics name="FSHB, HH24" fgcolor="#000000" bgcolor="#BFFFBF"
             type="rectangle" x="1094" y="310" width="46" height="17"/>
    </entry>
    <entry id="43" name="hsa:5604 hsa:5605" type="gene"
        link="http://www.kegg.jp/dbget-bin/www_bget?hsa:5604+hsa:5605">
        <graphics name="MAP2K1, CFC3, MAPKK1, MEK1, MKK1, PRKMK1..." fgcolor="#000000" bgcolor="#BFFFBF"
             type="rectangle" x="667" y="560" width="46" height="17"/>
    </entry>
    <entry id="44" name="hsa:5894" type="gene"
        link="http://www.kegg.jp/dbget-bin/www_bget?hsa:5894">
        <graphics name="RAF1, CMD1NN, CRAF, NS5, Raf-1, c-Raf" fgcolor="#000000" bgcolor="#BFFFBF"
             type="rectangle" x="571" y="560" width="46" height="17"/>
    </entry>
    <entry id="45" name="hsa:3265 hsa:3845 hsa:4893" type="gene"
        link="http://www.kegg.jp/dbget-bin/www_bget?hsa:3265+hsa:3845+hsa:4893">
        <graphics name="HRAS, C-BAS/HAS, C-H-RAS, C-HA-RAS1, CTLO, H-RASIDX, HAMSV, HRAS1, KRAS, KRAS2, Ki-Ras, RASH1, RASK2, c-K-ras, c-Ki-ras, p21ras..." fgcolor="#000000" bgcolor="#BFFFBF"
             type="rectangle" x="455" y="560" width="46" height="17"/>
    </entry>
    <entry id="46" name="hsa:6654 hsa:6655" type="gene"
        link="http://www.kegg.jp/dbget-bin/www_bget?hsa:6654+hsa:6655">
        <graphics name="SOS1, GF1, GGF1, GINGF, HGF, NS4, SOS-1..." fgcolor="#000000" bgcolor="#BFFFBF"
             type="rectangle" x="369" y="560" width="46" height="17"/>
    </entry>
    <entry id="47" name="hsa:2885" type="gene"
        link="http://www.kegg.jp/dbget-bin/www_bget?hsa:2885">
        <graphics name="GRB2, ASH, EGFRBP-GRB2, Grb3-3, MST084, MSTP084, NCKAP2" fgcolor="#000000" bgcolor="#BFFFBF"
             type="rectangle" x="283" y="560" width="46" height="17"/>
    </entry>
    <entry id="48" name="hsa:1956" type="gene"
        link="http://www.kegg.jp/dbget-bin/www_bget?hsa:1956">
        <graphics name="EGFR, ERBB, ERBB1, HER1, NISBD2, PIG61, mENA" fgcolor="#000000" bgcolor="#BFFFBF"
             type="rectangle" x="191" y="501" width="46" height="17"/>
    </entry>
    <entry id="49" name="hsa:1839" type="gene"
        link="http://www.kegg.jp/dbget-bin/www_bget?hsa:1839">
        <graphics name="HBEGF, DTR, DTS, DTSF, HEGFL" fgcolor="#000000" bgcolor="#BFFFBF"
             type="rectangle" x="109" y="501" width="46" height="17"/>
    </entry>
    <entry id="50" name="hsa:2185" type="gene"
        link="http://www.kegg.jp/dbget-bin/www_bget?hsa:2185">
        <graphics name="PTK2B, CADTK, CAKB, FADK2, FAK2, PKB, PTK, PYK2, RAFTK" fgcolor="#000000" bgcolor="#BFFFBF"
             type="rectangle" x="618" y="520" width="46" height="17"/>
    </entry>
    <entry id="51" name="hsa:5609 hsa:6416" type="gene"
        link="http://www.kegg.jp/dbget-bin/www_bget?hsa:5609+hsa:6416">
        <graphics name="MAP2K7, JNKK2, MAPKK7, MEK, MEK_7, MKK7, PRKMK7, SAPKK-4, SAPKK4..." fgcolor="#000000" bgcolor="#BFFFBF"
             type="rectangle" x="791" y="423" width="46" height="17"/>
    </entry>
    <entry id="52" name="hsa:5599 hsa:5601 hsa:5602" type="gene"
        link="http://www.kegg.jp/dbget-bin/www_bget?hsa:5599+hsa:5601+hsa:5602">
        <graphics name="MAPK8, JNK, JNK-46, JNK1, JNK1A2, JNK21B1/2, PRKM8, SAPK1, SAPK1c..." fgcolor="#000000" bgcolor="#BFFFBF"
             type="rectangle" x="864" y="423" width="46" height="17"/>
    </entry>
    <entry id="53" name="hsa:3725" type="gene"
        link="http://www.kegg.jp/dbget-bin/www_bget?hsa:3725">
        <graphics name="JUN, AP-1, AP1, c-Jun, p39" fgcolor="#000000" bgcolor="#BFFFBF"
             type="rectangle" x="938" y="423" width="46" height="17"/>
    </entry>
    <entry id="54" name="hsa:4214" type="gene"
        link="http://www.kegg.jp/dbget-bin/www_bget?hsa:4214">
        <graphics name="MAP3K1, MAPKKK1, MEKK, MEKK_1, MEKK1, SRXY6" fgcolor="#000000" bgcolor="#BFFFBF"
             type="rectangle" x="717" y="423" width="46" height="17"/>
    </entry>
    <entry id="55" name="path:hsa04912" type="map"
        link="http://www.kegg.jp/dbget-bin/www_bget?hsa04912">
        <graphics name="TITLE:GnRH signaling pathway" fgcolor="#000000" bgcolor="#FFFFFF"
             type="roundrectangle" x="161" y="41" width="219" height="25"/>
    </entry>
    <entry id="56" name="path:hsa04020" type="map"
        link="http://www.kegg.jp/dbget-bin/www_bget?hsa04020">
        <graphics name="Calcium signaling pathway" fgcolor="#000000" bgcolor="#FFFFFF"
             type="roundrectangle" x="607" y="220" width="111" height="34"/>
    </entry>
    <entry id="57" name="path:hsa04010" type="map"
        link="http://www.kegg.jp/dbget-bin/www_bget?hsa04010">
        <graphics name="MAPK signaling pathway" fgcolor="#000000" bgcolor="#FFFFFF"
             type="roundrectangle" x="739" y="472" width="115" height="34"/>
    </entry>
    <entry id="58" name="path:hsa04060" type="map"
        link="http://www.kegg.jp/dbget-bin/www_bget?hsa04060">
        <graphics name="Cytokine-cytokine receptor interaction" fgcolor="#000000" bgcolor="#FFFFFF"
             type="roundrectangle" x="105" y="547" width="111" height="45"/>
    </entry>
    <entry id="59" name="path:hsa04080" type="map"
        link="http://www.kegg.jp/dbget-bin/www_bget?hsa04080">
        <graphics name="Neuroactive ligand-receptor interaction" fgcolor="#000000" bgcolor="#FFFFFF"
             type="roundrectangle" x="105" y="243" width="115" height="35"/>
    </entry>
    <entry id="119" name="hsa:1958" type="gene"
        link="http://www.kegg.jp/dbget-bin/www_bget?hsa:1958">
        <graphics name="EGR1, AT225, G0S30, KROX-24, NGFI-A, TIS8, ZIF-268, ZNF225" fgcolor="#000000" bgcolor="#BFFFBF"
             type="rectangle" x="939" y="571" width="46" height="17"/>
    </entry>
    <entry id="120" name="path:hsa04024" type="map"
        link="http://www.kegg.jp/dbget-bin/www_bget?hsa04024">
        <graphics name="cAMP signaling pathway" fgcolor="#000000" bgcolor="#FFFFFF"
             type="roundrectangle" x="615" y="84" width="115" height="34"/>
    </entry>
    <relation entry1="10" entry2="38" type="PPrel">
        <subtype name="compound" value="20"/>
    </relation>
    <relation entry1="17" entry2="28" type="PPrel">
        <subtype name="compound" value="16"/>
    </relation>
    <relation entry1="28" entry2="29" type="PPrel">
        <subtype name="compound" value="19"/>
    </relation>
    <relation entry1="17" entry2="9" type="PPrel">
        <subtype name="compound" value="15"/>
    </relation>
    <relation entry1="35" entry2="32" type="PPrel">
        <subtype name="activation" value="--&gt;"/>
    </relation>
    <relation entry1="32" entry2="34" type="PPrel">
        <subtype name="activation" value="--&gt;"/>
    </relation>
    <relation entry1="34" entry2="10" type="PPrel">
        <subtype name="activation" value="--&gt;"/>
    </relation>
    <relation entry1="32" entry2="30" type="PPrel">
        <subtype name="activation" value="--&gt;"/>
    </relation>
    <relation entry1="30" entry2="17" type="PPrel">
        <subtype name="activation" value="--&gt;"/>
    </relation>
    <relation entry1="29" entry2="22" type="PPrel">
        <subtype name="activation" value="--&gt;"/>
    </relation>
    <relation entry1="37" entry2="49" type="PPrel">
        <subtype name="activation" value="--&gt;"/>
    </relation>
    <relation entry1="49" entry2="48" type="PPrel">
        <subtype name="activation" value="--&gt;"/>
    </relation>
    <relation entry1="48" entry2="47" type="PPrel">
        <subtype name="activation" value="--&gt;"/>
    </relation>
    <relation entry1="47" entry2="46" type="PPrel">
        <subtype name="activation" value="--&gt;"/>
    </relation>
    <relation entry1="46" entry2="45" type="PPrel">
        <subtype name="activation" value="--&gt;"/>
    </relation>
    <relation entry1="45" entry2="44" type="PPrel">
        <subtype name="activation" value="--&gt;"/>
    </relation>
    <relation entry1="9" entry2="25" type="PPrel">
        <subtype name="indirect effect" value="..&gt;"/>
    </relation>
    <relation entry1="9" entry2="26" type="PPrel">
        <subtype name="indirect effect" value="..&gt;"/>
    </relation>
    <relation entry1="9" entry2="27" type="PPrel">
        <subtype name="indirect effect" value="..&gt;"/>
    </relation>
    <relation entry1="9" entry2="33" type="PPrel">
        <subtype name="indirect effect" value="..&gt;"/>
    </relation>
    <relation entry1="9" entry2="36" type="PPrel">
        <subtype name="indirect effect" value="..&gt;"/>
    </relation>
    <relation entry1="9" entry2="50" type="PPrel">
        <subtype name="indirect effect" value="..&gt;"/>
    </relation>
    <relation entry1="36" entry2="18" type="PPrel">
        <subtype name="indirect effect" value="..&gt;"/>
    </relation>
    <relation entry1="18" entry2="54" type="PPrel">
        <subtype name="indirect effect" value="..&gt;"/>
    </relation>
    <relation entry1="9" entry2="31" type="PPrel">
        <subtype name="indirect effect" value="..&gt;"/>
    </relation>
    <relation entry1="31" entry2="37" type="PPrel">
        <subtype name="binding/association" value="---"/>
    </relation>
    <relation entry1="38" entry2="21" type="PPrel">
        <subtype name="activation" value="--&gt;"/>
        <subtype name="phosphorylation" value="+p"/>
    </relation>
    <relation entry1="25" entry2="23" type="PPrel">
        <subtype name="activation" value="--&gt;"/>
        <subtype name="phosphorylation" value="+p"/>
    </relation>
    <relation entry1="23" entry2="24" type="PPrel">
        <subtype name="activation" value="--&gt;"/>
        <subtype name="phosphorylation" value="+p"/>
    </relation>
    <relation entry1="54" entry2="51" type="PPrel">
        <subtype name="activation" value="--&gt;"/>
        <subtype name="phosphorylation" value="+p"/>
    </relation>
    <relation entry1="51" entry2="52" type="PPrel">
        <subtype name="activation" value="--&gt;"/>
        <subtype name="phosphorylation" value="+p"/>
    </relation>
    <relation entry1="52" entry2="53" type="PPrel">
        <subtype name="activation" value="--&gt;"/>
        <subtype name="phosphorylation" value="+p"/>
    </relation>
    <relation entry1="36" entry2="48" type="PPrel">
        <subtype name="activation" value="--&gt;"/>
        <subtype name="phosphorylation" value="+p"/>
    </relation>
    <relation entry1="9" entry2="44" type="PPrel">
        <subtype name="activation" value="--&gt;"/>
        <subtype name="phosphorylation" value="+p"/>
    </relation>
    <relation entry1="44" entry2="43" type="PPrel">
        <subtype name="activation" value="--&gt;"/>
        <subtype name="phosphorylation" value="+p"/>
    </relation>
    <relation entry1="43" entry2="41" type="PPrel">
        <subtype name="activation" value="--&gt;"/>
        <subtype name="phosphorylation" value="+p"/>
    </relation>
    <relation entry1="41" entry2="40" type="PPrel">
        <subtype name="activation" value="--&gt;"/>
        <subtype name="phosphorylation" value="+p"/>
    </relation>
    <relation entry1="36" entry2="45" type="PPrel">
        <subtype name="activation" value="--&gt;"/>
        <subtype name="indirect effect" value="..&gt;"/>
    </relation>
    <relation entry1="41" entry2="119" type="PPrel">
        <subtype name="activation" value="--&gt;"/>
        <subtype name="phosphorylation" value="+p"/>
    </relation>
</pathway>
