<?xml version="1.0"?>
<!DOCTYPE pathway SYSTEM "http://www.kegg.jp/kegg/xml/KGML_v0.7.2_.dtd">
<!-- Creation date: May 31, 2018 11:45:59 +0900 (GMT+9) -->
<pathway name="path:hsa04612" org="hsa" number="04612"
         title="Antigen processing and presentation"
         image="http://www.kegg.jp/kegg/pathway/hsa/hsa04612.png"
         link="http://www.kegg.jp/kegg-bin/show_pathway?hsa04612">
    <entry id="17" name="hsa:972" type="gene"
        link="http://www.kegg.jp/dbget-bin/www_bget?hsa:972">
        <graphics name="CD74, DHLAG, HLADG, II, Ia-GAMMA, p33" fgcolor="#000000" bgcolor="#BFFFBF"
             type="rectangle" x="489" y="576" width="46" height="17"/>
    </entry>
    <entry id="18" name="hsa:972" type="gene"
        link="http://www.kegg.jp/dbget-bin/www_bget?hsa:972">
        <graphics name="CD74, DHLAG, HLADG, II, Ia-GAMMA, p33" fgcolor="#000000" bgcolor="#BFFFBF"
             type="rectangle" x="371" y="576" width="46" height="17"/>
    </entry>
    <entry id="19" name="hsa:3108 hsa:3109" type="gene"
        link="http://www.kegg.jp/dbget-bin/www_bget?hsa:3108+hsa:3109">
        <graphics name="HLA-DMA, D6S222E, DMA, HLADM, RING6..." fgcolor="#000000" bgcolor="#BFFFBF"
             type="rectangle" x="557" y="553" width="46" height="17"/>
    </entry>
    <entry id="20" name="hsa:4800 hsa:4801 hsa:4802" type="gene"
        link="http://www.kegg.jp/dbget-bin/www_bget?hsa:4800+hsa:4801+hsa:4802">
        <graphics name="NFYA, CBF-A, CBF-B, HAP2, NF-YA..." fgcolor="#000000" bgcolor="#BFFFBF"
             type="rectangle" x="336" y="771" width="46" height="17"/>
    </entry>
    <entry id="21" name="hsa:5993 hsa:5994 hsa:8625" type="gene"
        link="http://www.kegg.jp/dbget-bin/www_bget?hsa:5993+hsa:5994+hsa:8625">
        <graphics name="RFX5..." fgcolor="#000000" bgcolor="#BFFFBF"
             type="rectangle" x="336" y="731" width="46" height="17"/>
    </entry>
    <entry id="22" name="hsa:1385" type="gene"
        link="http://www.kegg.jp/dbget-bin/www_bget?hsa:1385">
        <graphics name="CREB1, CREB, CREB-1" fgcolor="#000000" bgcolor="#BFFFBF"
             type="rectangle" x="336" y="751" width="46" height="17"/>
    </entry>
    <entry id="23" name="hsa:4261" type="gene"
        link="http://www.kegg.jp/dbget-bin/www_bget?hsa:4261">
        <graphics name="CIITA, C2TA, CIITAIV, MHC2TA, NLRA" fgcolor="#000000" bgcolor="#BFFFBF"
             type="rectangle" x="230" y="761" width="46" height="17"/>
    </entry>
    <entry id="24" name="hsa:1508 hsa:1514 hsa:1520" type="gene"
        link="http://www.kegg.jp/dbget-bin/www_bget?hsa:1508+hsa:1514+hsa:1520">
        <graphics name="CTSB, APPS, CPSB, RECEUP..." fgcolor="#000000" bgcolor="#BFFFBF"
             type="rectangle" x="427" y="563" width="46" height="17"/>
    </entry>
    <entry id="25" name="hsa:5641" type="gene"
        link="http://www.kegg.jp/dbget-bin/www_bget?hsa:5641">
        <graphics name="LGMN, AEP, LGMN1, PRSC1" fgcolor="#000000" bgcolor="#BFFFBF"
             type="rectangle" x="311" y="564" width="46" height="17"/>
    </entry>
    <entry id="26" name="hsa:972" type="gene"
        link="http://www.kegg.jp/dbget-bin/www_bget?hsa:972">
        <graphics name="CD74, DHLAG, HLADG, II, Ia-GAMMA, p33" fgcolor="#000000" bgcolor="#BFFFBF"
             type="rectangle" x="457" y="782" width="46" height="17"/>
    </entry>
    <entry id="27" name="hsa:972" type="gene"
        link="http://www.kegg.jp/dbget-bin/www_bget?hsa:972">
        <graphics name="CD74, DHLAG, HLADG, II, Ia-GAMMA, p33" fgcolor="#000000" bgcolor="#BFFFBF"
             type="rectangle" x="255" y="576" width="46" height="17"/>
    </entry>
    <entry id="28" name="hsa:1508" type="gene"
        link="http://www.kegg.jp/dbget-bin/www_bget?hsa:1508">
        <graphics name="CTSB, APPS, CPSB, RECEUP" fgcolor="#000000" bgcolor="#BFFFBF"
             type="rectangle" x="355" y="453" width="46" height="17"/>
    </entry>
    <entry id="29" name="hsa:5641" type="gene"
        link="http://www.kegg.jp/dbget-bin/www_bget?hsa:5641">
        <graphics name="LGMN, AEP, LGMN1, PRSC1" fgcolor="#000000" bgcolor="#BFFFBF"
             type="rectangle" x="305" y="453" width="46" height="17"/>
    </entry>
    <entry id="30" name="hsa:10437" type="gene"
        link="http://www.kegg.jp/dbget-bin/www_bget?hsa:10437">
        <graphics name="IFI30, GILT, IFI-30, IP-30, IP30" fgcolor="#000000" bgcolor="#BFFFBF"
             type="rectangle" x="255" y="453" width="46" height="17"/>
    </entry>
    <entry id="31" name="ko:K10784 ko:K10785" type="ortholog"
        link="http://www.kegg.jp/dbget-bin/www_bget?K10784+K10785">
        <graphics name="K10784..." fgcolor="#000000" bgcolor="#FFFFFF"
             type="rectangle" x="769" y="593" width="46" height="17"/>
    </entry>
    <entry id="32" name="ko:K10784 ko:K10785" type="ortholog"
        link="http://www.kegg.jp/dbget-bin/www_bget?K10784+K10785">
        <graphics name="K10784..." fgcolor="#000000" bgcolor="#FFFFFF"
             type="rectangle" x="769" y="231" width="46" height="17"/>
    </entry>
    <entry id="33" name="hsa:920" type="gene"
        link="http://www.kegg.jp/dbget-bin/www_bget?hsa:920">
        <graphics name="CD4, CD4mut" fgcolor="#000000" bgcolor="#BFFFBF"
             type="rectangle" x="769" y="572" width="46" height="17"/>
    </entry>
    <entry id="34" name="hsa:100132285 hsa:115653 hsa:3802 hsa:3803 hsa:3804 hsa:3805 hsa:3806 hsa:3808 hsa:3809 hsa:3810 hsa:3811 hsa:3812 hsa:3821 hsa:3822 hsa:3823 hsa:3824 hsa:57292 hsa:8302" type="gene"
        link="http://www.kegg.jp/dbget-bin/www_bget?hsa:100132285+hsa:115653+hsa:3802+hsa:3803+hsa:3804+hsa:3805+hsa:3806+hsa:3808+hsa:3809+hsa:3810+hsa:3811+hsa:3812+hsa:3821+hsa:3822+hsa:3823+hsa:3824+hsa:57292+hsa:8302">
        <graphics name="KIR2DS2, 183ActI, CD158J, CD158b, KIR-2DS2, NKAT-5, NKAT5, cl-49..." fgcolor="#000000" bgcolor="#BFFFBF"
             type="rectangle" x="769" y="377" width="46" height="17"/>
    </entry>
    <entry id="35" name="hsa:925 hsa:926" type="gene"
        link="http://www.kegg.jp/dbget-bin/www_bget?hsa:925+hsa:926">
        <graphics name="CD8A, CD8, Leu2, p32..." fgcolor="#000000" bgcolor="#BFFFBF"
             type="rectangle" x="769" y="209" width="46" height="17"/>
    </entry>
    <entry id="36" name="hsa:6892" type="gene"
        link="http://www.kegg.jp/dbget-bin/www_bget?hsa:6892">
        <graphics name="TAPBP, NGS17, TAPA, TPN, TPSN" fgcolor="#000000" bgcolor="#BFFFBF"
             type="rectangle" x="363" y="270" width="46" height="17"/>
    </entry>
    <entry id="37" name="hsa:811" type="gene"
        link="http://www.kegg.jp/dbget-bin/www_bget?hsa:811">
        <graphics name="CALR, CRT, HEL-S-99n, RO, SSA, cC1qR" fgcolor="#000000" bgcolor="#BFFFBF"
             type="rectangle" x="287" y="289" width="46" height="17"/>
    </entry>
    <entry id="38" name="hsa:2923" type="gene"
        link="http://www.kegg.jp/dbget-bin/www_bget?hsa:2923">
        <graphics name="PDIA3, ER60, ERp57, ERp60, ERp61, GRP57, GRP58, HEL-S-269, HEL-S-93n, HsT17083, P58, PI-PLC" fgcolor="#000000" bgcolor="#BFFFBF"
             type="rectangle" x="287" y="272" width="46" height="17"/>
    </entry>
    <entry id="39" name="hsa:567" type="gene"
        link="http://www.kegg.jp/dbget-bin/www_bget?hsa:567">
        <graphics name="B2M, IMD43" fgcolor="#000000" bgcolor="#BFFFBF"
             type="rectangle" x="667" y="322" width="46" height="17"/>
    </entry>
    <entry id="40" name="hsa:567" type="gene"
        link="http://www.kegg.jp/dbget-bin/www_bget?hsa:567">
        <graphics name="B2M, IMD43" fgcolor="#000000" bgcolor="#BFFFBF"
             type="rectangle" x="508" y="323" width="46" height="17"/>
    </entry>
    <entry id="41" name="hsa:567" type="gene"
        link="http://www.kegg.jp/dbget-bin/www_bget?hsa:567">
        <graphics name="B2M, IMD43" fgcolor="#000000" bgcolor="#BFFFBF"
             type="rectangle" x="287" y="323" width="46" height="17"/>
    </entry>
    <entry id="42" name="hsa:3105 hsa:3106 hsa:3107 hsa:3133 hsa:3134 hsa:3135" type="gene"
        link="http://www.kegg.jp/dbget-bin/www_bget?hsa:3105+hsa:3106+hsa:3107+hsa:3133+hsa:3134+hsa:3135">
        <graphics name="HLA-A, HLAA..." fgcolor="#000000" bgcolor="#BFFFBF"
             type="rectangle" x="457" y="740" width="46" height="17"/>
    </entry>
    <entry id="43" name="hsa:3108 hsa:3109 hsa:3111 hsa:3112 hsa:3113 hsa:3115 hsa:3117 hsa:3118 hsa:3119 hsa:3122 hsa:3123 hsa:3125 hsa:3126 hsa:3127" type="gene"
        link="http://www.kegg.jp/dbget-bin/www_bget?hsa:3108+hsa:3109+hsa:3111+hsa:3112+hsa:3113+hsa:3115+hsa:3117+hsa:3118+hsa:3119+hsa:3122+hsa:3123+hsa:3125+hsa:3126+hsa:3127">
        <graphics name="HLA-DMA, D6S222E, DMA, HLADM, RING6..." fgcolor="#000000" bgcolor="#BFFFBF"
             type="rectangle" x="457" y="761" width="46" height="17"/>
    </entry>
    <entry id="44" name="hsa:3108 hsa:3109 hsa:3111 hsa:3112 hsa:3113 hsa:3115 hsa:3117 hsa:3118 hsa:3119 hsa:3122 hsa:3123 hsa:3125 hsa:3126 hsa:3127" type="gene"
        link="http://www.kegg.jp/dbget-bin/www_bget?hsa:3108+hsa:3109+hsa:3111+hsa:3112+hsa:3113+hsa:3115+hsa:3117+hsa:3118+hsa:3119+hsa:3122+hsa:3123+hsa:3125+hsa:3126+hsa:3127">
        <graphics name="HLA-DMA, D6S222E, DMA, HLADM, RING6..." fgcolor="#000000" bgcolor="#BFFFBF"
             type="rectangle" x="667" y="593" width="46" height="17"/>
    </entry>
    <entry id="45" name="hsa:3108 hsa:3109 hsa:3111 hsa:3112 hsa:3113 hsa:3115 hsa:3117 hsa:3118 hsa:3119 hsa:3122 hsa:3123 hsa:3125 hsa:3126 hsa:3127" type="gene"
        link="http://www.kegg.jp/dbget-bin/www_bget?hsa:3108+hsa:3109+hsa:3111+hsa:3112+hsa:3113+hsa:3115+hsa:3117+hsa:3118+hsa:3119+hsa:3122+hsa:3123+hsa:3125+hsa:3126+hsa:3127">
        <graphics name="HLA-DMA, D6S222E, DMA, HLADM, RING6..." fgcolor="#000000" bgcolor="#BFFFBF"
             type="rectangle" x="255" y="593" width="46" height="17"/>
    </entry>
    <entry id="46" name="hsa:3105 hsa:3106 hsa:3107 hsa:3133 hsa:3134 hsa:3135" type="gene"
        link="http://www.kegg.jp/dbget-bin/www_bget?hsa:3105+hsa:3106+hsa:3107+hsa:3133+hsa:3134+hsa:3135">
        <graphics name="HLA-A, HLAA..." fgcolor="#000000" bgcolor="#BFFFBF"
             type="rectangle" x="667" y="305" width="46" height="17"/>
    </entry>
    <entry id="47" name="hsa:3105 hsa:3106 hsa:3107 hsa:3133 hsa:3134 hsa:3135" type="gene"
        link="http://www.kegg.jp/dbget-bin/www_bget?hsa:3105+hsa:3106+hsa:3107+hsa:3133+hsa:3134+hsa:3135">
        <graphics name="HLA-A, HLAA..." fgcolor="#000000" bgcolor="#BFFFBF"
             type="rectangle" x="508" y="306" width="46" height="17"/>
    </entry>
    <entry id="48" name="hsa:3105 hsa:3106 hsa:3107 hsa:3133 hsa:3134 hsa:3135" type="gene"
        link="http://www.kegg.jp/dbget-bin/www_bget?hsa:3105+hsa:3106+hsa:3107+hsa:3133+hsa:3134+hsa:3135">
        <graphics name="HLA-A, HLAA..." fgcolor="#000000" bgcolor="#BFFFBF"
             type="rectangle" x="287" y="306" width="46" height="17"/>
    </entry>
    <entry id="49" name="hsa:6890 hsa:6891" type="gene"
        link="http://www.kegg.jp/dbget-bin/www_bget?hsa:6890+hsa:6891">
        <graphics name="TAP1, ABC17, ABCB2, APT1, D6S114E, PSF-1, PSF1, RING4, TAP1*0102N, TAP1N..." fgcolor="#000000" bgcolor="#BFFFBF"
             type="rectangle" x="432" y="241" width="46" height="17"/>
    </entry>
    <entry id="50" name="hsa:3105 hsa:3106 hsa:3107 hsa:3133 hsa:3134 hsa:3135" type="gene"
        link="http://www.kegg.jp/dbget-bin/www_bget?hsa:3105+hsa:3106+hsa:3107+hsa:3133+hsa:3134+hsa:3135">
        <graphics name="HLA-A, HLAA..." fgcolor="#000000" bgcolor="#BFFFBF"
             type="rectangle" x="187" y="306" width="46" height="17"/>
    </entry>
    <entry id="51" name="hsa:821" type="gene"
        link="http://www.kegg.jp/dbget-bin/www_bget?hsa:821">
        <graphics name="CANX, CNX, IP90, P90" fgcolor="#000000" bgcolor="#BFFFBF"
             type="rectangle" x="187" y="289" width="46" height="17"/>
    </entry>
    <entry id="52" name="hsa:3309" type="gene"
        link="http://www.kegg.jp/dbget-bin/www_bget?hsa:3309">
        <graphics name="HSPA5, BIP, GRP78, HEL-S-89n, MIF2" fgcolor="#000000" bgcolor="#BFFFBF"
             type="rectangle" x="187" y="272" width="46" height="17"/>
    </entry>
    <entry id="53" name="hsa:3320 hsa:3326" type="gene"
        link="http://www.kegg.jp/dbget-bin/www_bget?hsa:3320+hsa:3326">
        <graphics name="HSP90AA1, EL52, HEL-S-65p, HSP86, HSP89A, HSP90A, HSP90N, HSPC1, HSPCA, HSPCAL1, HSPCAL4, HSPN, Hsp103, Hsp89, Hsp90, LAP-2, LAP2..." fgcolor="#000000" bgcolor="#BFFFBF"
             type="rectangle" x="388" y="216" width="46" height="17"/>
    </entry>
    <entry id="54" name="hsa:3303 hsa:3304 hsa:3305 hsa:3306 hsa:3308 hsa:3310 hsa:3312" type="gene"
        link="http://www.kegg.jp/dbget-bin/www_bget?hsa:3303+hsa:3304+hsa:3305+hsa:3306+hsa:3308+hsa:3310+hsa:3312">
        <graphics name="HSPA1A, HEL-S-103, HSP70-1, HSP70-1A, HSP70-2, HSP70.1, HSP70.2, HSP70I, HSP72, HSPA1..." fgcolor="#000000" bgcolor="#BFFFBF"
             type="rectangle" x="388" y="195" width="46" height="17"/>
    </entry>
    <entry id="55" name="hsa:10197 hsa:5720 hsa:5721" type="gene"
        link="http://www.kegg.jp/dbget-bin/www_bget?hsa:10197+hsa:5720+hsa:5721">
        <graphics name="PSME3, HEL-S-283, Ki, PA28-gamma, PA28G, PA28gamma, REG-GAMMA..." fgcolor="#000000" bgcolor="#BFFFBF"
             type="rectangle" x="305" y="149" width="46" height="17"/>
    </entry>
    <entry id="56" name="hsa:7124" type="gene"
        link="http://www.kegg.jp/dbget-bin/www_bget?hsa:7124">
        <graphics name="TNF, DIF, TNF-alpha, TNFA, TNFSF2, TNLG1F" fgcolor="#000000" bgcolor="#BFFFBF"
             type="rectangle" x="329" y="111" width="46" height="17"/>
    </entry>
    <entry id="57" name="hsa:3458" type="gene"
        link="http://www.kegg.jp/dbget-bin/www_bget?hsa:3458">
        <graphics name="IFNG, IFG, IFI" fgcolor="#000000" bgcolor="#BFFFBF"
             type="rectangle" x="280" y="111" width="46" height="17"/>
    </entry>
    <entry id="58" name="path:hsa03050" type="map"
        link="http://www.kegg.jp/dbget-bin/www_bget?hsa03050">
        <graphics name="Proteasome" fgcolor="#000000" bgcolor="#FFFFFF"
             type="roundrectangle" x="306" y="180" width="89" height="25"/>
    </entry>
    <entry id="59" name="path:hsa04660" type="map"
        link="http://www.kegg.jp/dbget-bin/www_bget?hsa04660">
        <graphics name="T cell receptor signaling pathway" fgcolor="#000000" bgcolor="#FFFFFF"
             type="roundrectangle" x="831" y="627" width="117" height="34"/>
    </entry>
    <entry id="60" name="path:hsa04650" type="map"
        link="http://www.kegg.jp/dbget-bin/www_bget?hsa04650">
        <graphics name="Natural killer cell mediated cytotoxicity" fgcolor="#000000" bgcolor="#FFFFFF"
             type="roundrectangle" x="831" y="408" width="117" height="34"/>
    </entry>
    <entry id="61" name="path:hsa04660" type="map"
        link="http://www.kegg.jp/dbget-bin/www_bget?hsa04660">
        <graphics name="T cell receptor signaling pathway" fgcolor="#000000" bgcolor="#FFFFFF"
             type="roundrectangle" x="831" y="263" width="117" height="34"/>
    </entry>
    <entry id="62" name="path:hsa04612" type="map"
        link="http://www.kegg.jp/dbget-bin/www_bget?hsa04612">
        <graphics name="TITLE:Antigen processing and presentation" fgcolor="#000000" bgcolor="#FFFFFF"
             type="roundrectangle" x="205" y="58" width="329" height="25"/>
    </entry>
    <relation entry1="42" entry2="50" type="PPrel">
        <subtype name="state change" value="..."/>
    </relation>
    <relation entry1="50" entry2="48" type="PPrel">
        <subtype name="state change" value="..."/>
    </relation>
    <relation entry1="48" entry2="47" type="PPrel">
        <subtype name="state change" value="..."/>
    </relation>
    <relation entry1="47" entry2="46" type="PPrel">
        <subtype name="state change" value="..."/>
    </relation>
    <relation entry1="43" entry2="45" type="PPrel">
        <subtype name="state change" value="..."/>
    </relation>
    <relation entry1="45" entry2="44" type="PPrel">
        <subtype name="state change" value="..."/>
    </relation>
    <relation entry1="26" entry2="27" type="PPrel">
        <subtype name="state change" value="..."/>
    </relation>
    <relation entry1="27" entry2="18" type="PPrel">
        <subtype name="state change" value="..."/>
    </relation>
    <relation entry1="18" entry2="17" type="PPrel">
        <subtype name="state change" value="..."/>
    </relation>
    <relation entry1="57" entry2="55" type="PPrel">
        <subtype name="activation" value="--&gt;"/>
    </relation>
    <relation entry1="56" entry2="55" type="PPrel">
        <subtype name="activation" value="--&gt;"/>
    </relation>
    <relation entry1="23" entry2="21" type="PPrel">
        <subtype name="activation" value="--&gt;"/>
    </relation>
    <relation entry1="23" entry2="22" type="PPrel">
        <subtype name="activation" value="--&gt;"/>
    </relation>
    <relation entry1="23" entry2="20" type="PPrel">
        <subtype name="activation" value="--&gt;"/>
    </relation>
    <relation entry1="46" entry2="34" type="PPrel">
        <subtype name="activation" value="--&gt;"/>
    </relation>
    <relation entry1="35" entry2="46" type="PPrel">
        <subtype name="binding/association" value="---"/>
    </relation>
    <relation entry1="33" entry2="44" type="PPrel">
        <subtype name="binding/association" value="---"/>
    </relation>
    <relation entry1="19" entry2="17" type="PPrel">
        <subtype name="activation" value="--&gt;"/>
    </relation>
    <relation entry1="24" entry2="18" type="PPrel">
        <subtype name="activation" value="--&gt;"/>
    </relation>
    <relation entry1="25" entry2="27" type="PPrel">
        <subtype name="activation" value="--&gt;"/>
    </relation>
    <relation entry1="36" entry2="48" type="PPrel">
        <subtype name="binding/association" value="---"/>
    </relation>
    <relation entry1="36" entry2="49" type="PPrel">
        <subtype name="binding/association" value="---"/>
    </relation>
</pathway>
