<?xml version="1.0"?>
<!DOCTYPE pathway SYSTEM "http://www.kegg.jp/kegg/xml/KGML_v0.7.2_.dtd">
<!-- Creation date: May 27, 2016 12:00:45 +0900 (GMT+9) -->
<pathway name="path:hsa04392" org="hsa" number="04392"
         title="Hippo signaling pathway - multiple species"
         image="http://www.kegg.jp/kegg/pathway/hsa/hsa04392.png"
         link="http://www.kegg.jp/kegg-bin/show_pathway?hsa04392">
    <entry id="2" name="path:hsa04392" type="map"
        link="http://www.kegg.jp/dbget-bin/www_bget?hsa04392">
        <graphics name="TITLE:Hippo signaling pathway - multiple species" fgcolor="#000000" bgcolor="#FFFFFF"
             type="roundrectangle" x="234" y="58" width="387" height="25"/>
    </entry>
    <entry id="3" name="hsa:23286" type="gene"
        link="http://www.kegg.jp/dbget-bin/www_bget?hsa:23286">
        <graphics name="WWC1, HBEBP3, HBEBP36, KIBRA, MEMRYQTL, PPP1R168" fgcolor="#000000" bgcolor="#BFFFBF"
             type="rectangle" x="295" y="161" width="46" height="17"/>
    </entry>
    <entry id="4" name="hsa:4771" type="gene"
        link="http://www.kegg.jp/dbget-bin/www_bget?hsa:4771">
        <graphics name="NF2, ACN, BANF, SCH" fgcolor="#000000" bgcolor="#BFFFBF"
             type="rectangle" x="264" y="144" width="46" height="17"/>
    </entry>
    <entry id="5" name="hsa:122786 hsa:79981" type="gene"
        link="http://www.kegg.jp/dbget-bin/www_bget?hsa:122786+hsa:79981">
        <graphics name="FRMD6, C14orf31, EX1, Willin, c14_5320..." fgcolor="#000000" bgcolor="#BFFFBF"
             type="rectangle" x="264" y="178" width="46" height="17"/>
    </entry>
    <entry id="6" name="hsa:60485" type="gene"
        link="http://www.kegg.jp/dbget-bin/www_bget?hsa:60485">
        <graphics name="SAV1, SAV, WW45, WWP4" fgcolor="#000000" bgcolor="#BFFFBF"
             type="rectangle" x="406" y="178" width="46" height="17"/>
    </entry>
    <entry id="7" name="hsa:6788" type="gene"
        link="http://www.kegg.jp/dbget-bin/www_bget?hsa:6788">
        <graphics name="STK3, KRS1, MST2" fgcolor="#000000" bgcolor="#BFFFBF"
             type="rectangle" x="389" y="161" width="46" height="17"/>
    </entry>
    <entry id="8" name="hsa:10413 hsa:25937" type="gene"
        link="http://www.kegg.jp/dbget-bin/www_bget?hsa:10413+hsa:25937">
        <graphics name="YAP1, COB1, YAP, YAP2, YAP65, YKI..." fgcolor="#000000" bgcolor="#BFFFBF"
             type="rectangle" x="768" y="161" width="46" height="17"/>
    </entry>
    <entry id="9" name="hsa:26524 hsa:9113" type="gene"
        link="http://www.kegg.jp/dbget-bin/www_bget?hsa:26524+hsa:9113">
        <graphics name="LATS2, KPM..." fgcolor="#000000" bgcolor="#BFFFBF"
             type="rectangle" x="531" y="161" width="46" height="17"/>
    </entry>
    <entry id="17" name="hsa:55233 hsa:92597" type="gene"
        link="http://www.kegg.jp/dbget-bin/www_bget?hsa:55233+hsa:92597">
        <graphics name="MOB1A, C2orf6, MATS1, MOB1, MOBK1B, MOBKL1B, Mob4B..." fgcolor="#000000" bgcolor="#BFFFBF"
             type="rectangle" x="511" y="178" width="46" height="17"/>
    </entry>
    <entry id="19" name="hsa:7003 hsa:7004 hsa:7005 hsa:8463" type="gene"
        link="http://www.kegg.jp/dbget-bin/www_bget?hsa:7003+hsa:7004+hsa:7005+hsa:8463">
        <graphics name="TEAD1, AA, NTEF-1, REF1, TCF-13, TCF13, TEAD-1, TEF-1..." fgcolor="#000000" bgcolor="#BFFFBF"
             type="rectangle" x="785" y="178" width="46" height="17"/>
    </entry>
    <entry id="20" name="hsa:10413 hsa:25937" type="gene"
        link="http://www.kegg.jp/dbget-bin/www_bget?hsa:10413+hsa:25937">
        <graphics name="YAP1, COB1, YAP, YAP2, YAP65, YKI..." fgcolor="#000000" bgcolor="#BFFFBF"
             type="rectangle" x="626" y="161" width="46" height="17"/>
    </entry>
    <entry id="23" name="hsa:23286" type="gene"
        link="http://www.kegg.jp/dbget-bin/www_bget?hsa:23286">
        <graphics name="WWC1, HBEBP3, HBEBP36, KIBRA, MEMRYQTL, PPP1R168" fgcolor="#000000" bgcolor="#BFFFBF"
             type="rectangle" x="295" y="331" width="46" height="17"/>
    </entry>
    <entry id="24" name="hsa:4771" type="gene"
        link="http://www.kegg.jp/dbget-bin/www_bget?hsa:4771">
        <graphics name="NF2, ACN, BANF, SCH" fgcolor="#000000" bgcolor="#BFFFBF"
             type="rectangle" x="264" y="314" width="46" height="17"/>
    </entry>
    <entry id="25" name="ko:K16683" type="ortholog"
        link="http://www.kegg.jp/dbget-bin/www_bget?K16683">
        <graphics name="K16683" fgcolor="#000000" bgcolor="#FFFFFF"
             type="rectangle" x="264" y="348" width="46" height="17"/>
    </entry>
    <entry id="26" name="hsa:60485" type="gene"
        link="http://www.kegg.jp/dbget-bin/www_bget?hsa:60485">
        <graphics name="SAV1, SAV, WW45, WWP4" fgcolor="#000000" bgcolor="#BFFFBF"
             type="rectangle" x="406" y="348" width="46" height="17"/>
    </entry>
    <entry id="27" name="hsa:6788" type="gene"
        link="http://www.kegg.jp/dbget-bin/www_bget?hsa:6788">
        <graphics name="STK3, KRS1, MST2" fgcolor="#000000" bgcolor="#BFFFBF"
             type="rectangle" x="389" y="331" width="46" height="17"/>
    </entry>
    <entry id="28" name="hsa:55233 hsa:92597" type="gene"
        link="http://www.kegg.jp/dbget-bin/www_bget?hsa:55233+hsa:92597">
        <graphics name="MOB1A, C2orf6, MATS1, MOB1, MOBK1B, MOBKL1B, Mob4B..." fgcolor="#000000" bgcolor="#BFFFBF"
             type="rectangle" x="511" y="348" width="46" height="17"/>
    </entry>
    <entry id="29" name="hsa:26524 hsa:9113" type="gene"
        link="http://www.kegg.jp/dbget-bin/www_bget?hsa:26524+hsa:9113">
        <graphics name="LATS2, KPM..." fgcolor="#000000" bgcolor="#BFFFBF"
             type="rectangle" x="531" y="331" width="46" height="17"/>
    </entry>
    <entry id="34" name="hsa:10413" type="gene"
        link="http://www.kegg.jp/dbget-bin/www_bget?hsa:10413">
        <graphics name="YAP1, COB1, YAP, YAP2, YAP65, YKI" fgcolor="#000000" bgcolor="#BFFFBF"
             type="rectangle" x="626" y="331" width="46" height="17"/>
    </entry>
    <entry id="36" name="hsa:10413" type="gene"
        link="http://www.kegg.jp/dbget-bin/www_bget?hsa:10413">
        <graphics name="YAP1, COB1, YAP, YAP2, YAP65, YKI" fgcolor="#000000" bgcolor="#BFFFBF"
             type="rectangle" x="768" y="331" width="46" height="17"/>
    </entry>
    <entry id="37" name="hsa:7003 hsa:7004 hsa:7005 hsa:8463" type="gene"
        link="http://www.kegg.jp/dbget-bin/www_bget?hsa:7003+hsa:7004+hsa:7005+hsa:8463">
        <graphics name="TEAD1, AA, NTEF-1, REF1, TCF-13, TCF13, TEAD-1, TEF-1..." fgcolor="#000000" bgcolor="#BFFFBF"
             type="rectangle" x="785" y="348" width="46" height="17"/>
    </entry>
    <entry id="41" name="ko:K06683" type="ortholog"
        link="http://www.kegg.jp/dbget-bin/www_bget?K06683">
        <graphics name="K06683" fgcolor="#000000" bgcolor="#FFFFFF"
             type="rectangle" x="389" y="636" width="46" height="17"/>
    </entry>
    <entry id="42" name="hsa:5058" type="gene"
        link="http://www.kegg.jp/dbget-bin/www_bget?hsa:5058">
        <graphics name="PAK1, IDDMSSD, PAKalpha" fgcolor="#000000" bgcolor="#BFFFBF"
             type="rectangle" x="389" y="681" width="46" height="17"/>
    </entry>
    <entry id="43" name="ko:K06684" type="ortholog"
        link="http://www.kegg.jp/dbget-bin/www_bget?K06684">
        <graphics name="K06684" fgcolor="#000000" bgcolor="#FFFFFF"
             type="rectangle" x="531" y="637" width="46" height="17"/>
    </entry>
    <entry id="44" name="hsa:55233 hsa:92597" type="gene"
        link="http://www.kegg.jp/dbget-bin/www_bget?hsa:55233+hsa:92597">
        <graphics name="MOB1A, C2orf6, MATS1, MOB1, MOBK1B, MOBKL1B, Mob4B..." fgcolor="#000000" bgcolor="#BFFFBF"
             type="rectangle" x="511" y="654" width="46" height="17"/>
    </entry>
    <entry id="45" name="hsa:7003 hsa:7004 hsa:7005 hsa:8463" type="gene"
        link="http://www.kegg.jp/dbget-bin/www_bget?hsa:7003+hsa:7004+hsa:7005+hsa:8463">
        <graphics name="TEAD1, AA, NTEF-1, REF1, TCF-13, TCF13, TEAD-1, TEF-1..." fgcolor="#000000" bgcolor="#BFFFBF"
             type="rectangle" x="768" y="681" width="46" height="17"/>
    </entry>
    <entry id="47" name="hsa:26524 hsa:9113" type="gene"
        link="http://www.kegg.jp/dbget-bin/www_bget?hsa:26524+hsa:9113">
        <graphics name="LATS2, KPM..." fgcolor="#000000" bgcolor="#BFFFBF"
             type="rectangle" x="531" y="502" width="46" height="17"/>
    </entry>
    <entry id="48" name="hsa:10413" type="gene"
        link="http://www.kegg.jp/dbget-bin/www_bget?hsa:10413">
        <graphics name="YAP1, COB1, YAP, YAP2, YAP65, YKI" fgcolor="#000000" bgcolor="#BFFFBF"
             type="rectangle" x="626" y="502" width="46" height="17"/>
    </entry>
    <entry id="49" name="hsa:7003 hsa:7004 hsa:7005 hsa:8463" type="gene"
        link="http://www.kegg.jp/dbget-bin/www_bget?hsa:7003+hsa:7004+hsa:7005+hsa:8463">
        <graphics name="TEAD1, AA, NTEF-1, REF1, TCF-13, TCF13, TEAD-1, TEF-1..." fgcolor="#000000" bgcolor="#BFFFBF"
             type="rectangle" x="785" y="519" width="46" height="17"/>
    </entry>
    <entry id="50" name="hsa:6788" type="gene"
        link="http://www.kegg.jp/dbget-bin/www_bget?hsa:6788">
        <graphics name="STK3, KRS1, MST2" fgcolor="#000000" bgcolor="#BFFFBF"
             type="rectangle" x="389" y="480" width="46" height="17"/>
    </entry>
    <entry id="51" name="hsa:60485" type="gene"
        link="http://www.kegg.jp/dbget-bin/www_bget?hsa:60485">
        <graphics name="SAV1, SAV, WW45, WWP4" fgcolor="#000000" bgcolor="#BFFFBF"
             type="rectangle" x="406" y="510" width="46" height="17"/>
    </entry>
    <entry id="52" name="ko:K20236" type="ortholog"
        link="http://www.kegg.jp/dbget-bin/www_bget?K20236">
        <graphics name="K20236" fgcolor="#000000" bgcolor="#FFFFFF"
             type="rectangle" x="511" y="532" width="46" height="17"/>
    </entry>
    <entry id="55" name="path:hsa04390" type="map"
        link="http://www.kegg.jp/dbget-bin/www_bget?hsa04390">
        <graphics name="Hippo signaling pathway" fgcolor="#000000" bgcolor="#FFFFFF"
             type="roundrectangle" x="175" y="223" width="128" height="34"/>
    </entry>
    <entry id="56" name="path:map04391" type="map"
        link="http://www.kegg.jp/dbget-bin/www_bget?map04391">
        <graphics name="Hippo signaling pathway - fly" fgcolor="#000000" bgcolor="#FFFFFF"
             type="roundrectangle" x="175" y="404" width="128" height="34"/>
    </entry>
    <entry id="60" name="path:map04111" type="map"
        link="http://www.kegg.jp/dbget-bin/www_bget?map04111">
        <graphics name="Cell cycle - yeast" fgcolor="#000000" bgcolor="#FFFFFF"
             type="roundrectangle" x="298" y="615" width="128" height="25"/>
    </entry>
    <entry id="61" name="ko:K02218" type="ortholog"
        link="http://www.kegg.jp/dbget-bin/www_bget?K02218">
        <graphics name="K02218" fgcolor="#000000" bgcolor="#FFFFFF"
             type="rectangle" x="148" y="644" width="46" height="17"/>
    </entry>
    <entry id="62" name="hsa:54798 hsa:8642" type="gene"
        link="http://www.kegg.jp/dbget-bin/www_bget?hsa:54798+hsa:8642">
        <graphics name="DCHS2, CDH27, CDHJ, CDHR7, PCDH23, PCDHJ..." fgcolor="#000000" bgcolor="#BFFFBF"
             type="rectangle" x="148" y="504" width="46" height="17"/>
    </entry>
    <entry id="63" name="hsa:54798 hsa:8642" type="gene"
        link="http://www.kegg.jp/dbget-bin/www_bget?hsa:54798+hsa:8642">
        <graphics name="DCHS2, CDH27, CDHJ, CDHR7, PCDH23, PCDHJ..." fgcolor="#000000" bgcolor="#BFFFBF"
             type="rectangle" x="148" y="309" width="46" height="17"/>
    </entry>
    <entry id="64" name="hsa:79633" type="gene"
        link="http://www.kegg.jp/dbget-bin/www_bget?hsa:79633">
        <graphics name="FAT4, CDHF14, CDHR11, FAT-J, FATJ, HKLLS2, NBLA00548, VMLDS2" fgcolor="#000000" bgcolor="#BFFFBF"
             type="rectangle" x="148" y="331" width="46" height="17"/>
    </entry>
    <entry id="65" name="hsa:54798 hsa:8642" type="gene"
        link="http://www.kegg.jp/dbget-bin/www_bget?hsa:54798+hsa:8642">
        <graphics name="DCHS2, CDH27, CDHJ, CDHR7, PCDH23, PCDHJ..." fgcolor="#000000" bgcolor="#BFFFBF"
             type="rectangle" x="148" y="139" width="46" height="17"/>
    </entry>
    <entry id="66" name="hsa:79633" type="gene"
        link="http://www.kegg.jp/dbget-bin/www_bget?hsa:79633">
        <graphics name="FAT4, CDHF14, CDHR11, FAT-J, FATJ, HKLLS2, NBLA00548, VMLDS2" fgcolor="#000000" bgcolor="#BFFFBF"
             type="rectangle" x="148" y="161" width="46" height="17"/>
    </entry>
    <entry id="67" name="hsa:102800317 hsa:1454" type="gene"
        link="http://www.kegg.jp/dbget-bin/www_bget?hsa:102800317+hsa:1454">
        <graphics name="TPTEP2-CSNK1E, LOC400927-CSNK1E..." fgcolor="#000000" bgcolor="#BFFFBF"
             type="rectangle" x="148" y="183" width="46" height="17"/>
    </entry>
    <entry id="71" name="hsa:10413" type="gene"
        link="http://www.kegg.jp/dbget-bin/www_bget?hsa:10413">
        <graphics name="YAP1, COB1, YAP, YAP2, YAP65, YKI" fgcolor="#000000" bgcolor="#BFFFBF"
             type="rectangle" x="768" y="502" width="46" height="17"/>
    </entry>
    <entry id="73" name="hsa:83937 hsa:9770" type="gene"
        link="http://www.kegg.jp/dbget-bin/www_bget?hsa:83937+hsa:9770">
        <graphics name="RASSF4, AD037..." fgcolor="#000000" bgcolor="#BFFFBF"
             type="rectangle" x="328" y="293" width="46" height="17"/>
    </entry>
    <entry id="74" name="hsa:166824" type="gene"
        link="http://www.kegg.jp/dbget-bin/www_bget?hsa:166824">
        <graphics name="RASSF6" fgcolor="#000000" bgcolor="#BFFFBF"
             type="rectangle" x="328" y="126" width="46" height="17"/>
    </entry>
    <entry id="79" name="hsa:11186" type="gene"
        link="http://www.kegg.jp/dbget-bin/www_bget?hsa:11186">
        <graphics name="RASSF1, 123F2, NORE2A, RASSF1A, RDA32, REH3P21" fgcolor="#000000" bgcolor="#BFFFBF"
             type="rectangle" x="328" y="105" width="46" height="17"/>
    </entry>
    <entry id="85" name="hsa:126374 hsa:84962 hsa:8994" type="gene"
        link="http://www.kegg.jp/dbget-bin/www_bget?hsa:126374+hsa:84962+hsa:8994">
        <graphics name="WTIP..." fgcolor="#000000" bgcolor="#BFFFBF"
             type="rectangle" x="484" y="216" width="46" height="17"/>
    </entry>
    <entry id="86" name="hsa:126374 hsa:84962 hsa:8994" type="gene"
        link="http://www.kegg.jp/dbget-bin/www_bget?hsa:126374+hsa:84962+hsa:8994">
        <graphics name="WTIP..." fgcolor="#000000" bgcolor="#BFFFBF"
             type="rectangle" x="485" y="385" width="46" height="17"/>
    </entry>
    <entry id="98" name="path:map04011" type="map"
        link="http://www.kegg.jp/dbget-bin/www_bget?map04011">
        <graphics name="MAPK signaling pathway - yeast" fgcolor="#000000" bgcolor="#FFFFFF"
             type="roundrectangle" x="578" y="702" width="128" height="34"/>
    </entry>
    <entry id="99" name="ko:K20237" type="ortholog"
        link="http://www.kegg.jp/dbget-bin/www_bget?K20237">
        <graphics name="K20237" fgcolor="#000000" bgcolor="#FFFFFF"
             type="rectangle" x="406" y="653" width="46" height="17"/>
    </entry>
    <entry id="101" name="hsa:102800317 hsa:1454" type="gene"
        link="http://www.kegg.jp/dbget-bin/www_bget?hsa:102800317+hsa:1454">
        <graphics name="TPTEP2-CSNK1E, LOC400927-CSNK1E..." fgcolor="#000000" bgcolor="#BFFFBF"
             type="rectangle" x="148" y="353" width="46" height="17"/>
    </entry>
    <entry id="102" name="undefined" type="group">
        <graphics fgcolor="#000000" bgcolor="#FFFFFF"
             type="rectangle" x="279" y="161" width="77" height="51"/>
        <component id="3"/>
        <component id="4"/>
        <component id="5"/>
    </entry>
    <entry id="103" name="undefined" type="group">
        <graphics fgcolor="#000000" bgcolor="#FFFFFF"
             type="rectangle" x="279" y="322" width="77" height="34"/>
        <component id="23"/>
        <component id="24"/>
    </entry>
    <entry id="104" name="undefined" type="group">
        <graphics fgcolor="#000000" bgcolor="#FFFFFF"
             type="rectangle" x="397" y="169" width="63" height="34"/>
        <component id="6"/>
        <component id="7"/>
    </entry>
    <entry id="105" name="undefined" type="group">
        <graphics fgcolor="#000000" bgcolor="#FFFFFF"
             type="rectangle" x="397" y="339" width="63" height="34"/>
        <component id="26"/>
        <component id="27"/>
    </entry>
    <relation entry1="65" entry2="102" type="PPrel">
        <subtype name="activation" value="--&gt;"/>
        <subtype name="indirect effect" value="..&gt;"/>
    </relation>
    <relation entry1="66" entry2="102" type="PPrel">
        <subtype name="activation" value="--&gt;"/>
        <subtype name="indirect effect" value="..&gt;"/>
    </relation>
    <relation entry1="67" entry2="102" type="PPrel">
        <subtype name="activation" value="--&gt;"/>
        <subtype name="indirect effect" value="..&gt;"/>
    </relation>
    <relation entry1="63" entry2="103" type="PPrel">
        <subtype name="activation" value="--&gt;"/>
        <subtype name="indirect effect" value="..&gt;"/>
    </relation>
    <relation entry1="64" entry2="103" type="PPrel">
        <subtype name="activation" value="--&gt;"/>
        <subtype name="indirect effect" value="..&gt;"/>
    </relation>
    <relation entry1="101" entry2="103" type="PPrel">
        <subtype name="activation" value="--&gt;"/>
        <subtype name="indirect effect" value="..&gt;"/>
    </relation>
    <relation entry1="3" entry2="104" type="PPrel">
        <subtype name="activation" value="--&gt;"/>
        <subtype name="indirect effect" value="..&gt;"/>
    </relation>
    <relation entry1="23" entry2="105" type="PPrel">
        <subtype name="activation" value="--&gt;"/>
        <subtype name="indirect effect" value="..&gt;"/>
    </relation>
    <relation entry1="79" entry2="7" type="PPrel">
        <subtype name="activation" value="--&gt;"/>
    </relation>
    <relation entry1="74" entry2="7" type="PPrel">
        <subtype name="inhibition" value="--|"/>
    </relation>
    <relation entry1="73" entry2="27" type="PPrel">
        <subtype name="inhibition" value="--|"/>
    </relation>
    <relation entry1="7" entry2="9" type="PPrel">
        <subtype name="activation" value="--&gt;"/>
        <subtype name="phosphorylation" value="+p"/>
    </relation>
    <relation entry1="7" entry2="17" type="PPrel">
        <subtype name="activation" value="--&gt;"/>
        <subtype name="phosphorylation" value="+p"/>
    </relation>
    <relation entry1="27" entry2="29" type="PPrel">
        <subtype name="activation" value="--&gt;"/>
        <subtype name="phosphorylation" value="+p"/>
    </relation>
    <relation entry1="27" entry2="28" type="PPrel">
        <subtype name="activation" value="--&gt;"/>
        <subtype name="phosphorylation" value="+p"/>
    </relation>
    <relation entry1="9" entry2="20" type="PPrel">
        <subtype name="inhibition" value="--|"/>
        <subtype name="phosphorylation" value="+p"/>
    </relation>
    <relation entry1="29" entry2="34" type="PPrel">
        <subtype name="inhibition" value="--|"/>
        <subtype name="phosphorylation" value="+p"/>
    </relation>
    <relation entry1="85" entry2="6" type="PPrel">
        <subtype name="inhibition" value="--|"/>
    </relation>
    <relation entry1="85" entry2="9" type="PPrel">
        <subtype name="inhibition" value="--|"/>
    </relation>
    <relation entry1="86" entry2="26" type="PPrel">
        <subtype name="inhibition" value="--|"/>
    </relation>
    <relation entry1="86" entry2="29" type="PPrel">
        <subtype name="inhibition" value="--|"/>
    </relation>
    <relation entry1="8" entry2="19" type="PPrel">
        <subtype name="binding/association" value="---"/>
    </relation>
    <relation entry1="36" entry2="37" type="PPrel">
        <subtype name="binding/association" value="---"/>
    </relation>
    <relation entry1="71" entry2="49" type="PPrel">
        <subtype name="binding/association" value="---"/>
    </relation>
    <relation entry1="47" entry2="48" type="PPrel">
        <subtype name="inhibition" value="--|"/>
    </relation>
    <relation entry1="42" entry2="45" type="PPrel">
        <subtype name="activation" value="--&gt;"/>
        <subtype name="indirect effect" value="..&gt;"/>
    </relation>
</pathway>
