<?xml version="1.0"?>
<!DOCTYPE pathway SYSTEM "http://www.kegg.jp/kegg/xml/KGML_v0.7.2_.dtd">
<!-- Creation date: Jan 9, 2019 15:48:08 +0900 (GMT+9) -->
<pathway name="path:hsa04727" org="hsa" number="04727"
         title="GABAergic synapse"
         image="http://www.kegg.jp/kegg/pathway/hsa/hsa04727.png"
         link="http://www.kegg.jp/kegg-bin/show_pathway?hsa04727">
    <entry id="17" name="path:hsa04727" type="map"
        link="http://www.kegg.jp/dbget-bin/www_bget?hsa04727">
        <graphics name="TITLE:GABAergic synapse" fgcolor="#000000" bgcolor="#FFFFFF"
             type="roundrectangle" x="130" y="58" width="180" height="25"/>
    </entry>
    <entry id="23" name="hsa:2550 hsa:9568" type="gene"
        link="http://www.kegg.jp/dbget-bin/www_bget?hsa:2550+hsa:9568">
        <graphics name="GABBR1, GABABR1, GABBR1-3, GB1, GPRC3A..." fgcolor="#000000" bgcolor="#BFFFBF"
             type="rectangle" x="757" y="762" width="46" height="17"/>
    </entry>
    <entry id="25" name="hsa:6538 hsa:6540" type="gene"
        link="http://www.kegg.jp/dbget-bin/www_bget?hsa:6538+hsa:6540">
        <graphics name="SLC6A11, GAT-3, GAT3, GAT4..." fgcolor="#000000" bgcolor="#BFFFBF"
             type="rectangle" x="718" y="219" width="46" height="17"/>
    </entry>
    <entry id="28" name="hsa:140679" type="gene"
        link="http://www.kegg.jp/dbget-bin/www_bget?hsa:140679">
        <graphics name="SLC32A1, VGAT, VIAAT" fgcolor="#000000" bgcolor="#BFFFBF"
             type="rectangle" x="244" y="556" width="46" height="17"/>
    </entry>
    <entry id="29" name="cpd:C00025" type="compound"
        link="http://www.kegg.jp/dbget-bin/www_bget?C00025">
        <graphics name="C00025" fgcolor="#000000" bgcolor="#FFFFFF"
             type="circle" x="122" y="555" width="8" height="8"/>
    </entry>
    <entry id="30" name="cpd:C00334" type="compound"
        link="http://www.kegg.jp/dbget-bin/www_bget?C00334">
        <graphics name="C00334" fgcolor="#000000" bgcolor="#FFFFFF"
             type="circle" x="197" y="555" width="8" height="8"/>
    </entry>
    <entry id="31" name="cpd:C00334" type="compound"
        link="http://www.kegg.jp/dbget-bin/www_bget?C00334">
        <graphics name="C00334" fgcolor="#000000" bgcolor="#FFFFFF"
             type="circle" x="445" y="533" width="8" height="8"/>
    </entry>
    <entry id="32" name="hsa:107 hsa:108 hsa:109 hsa:111 hsa:112 hsa:113 hsa:114 hsa:115 hsa:196883" type="gene"
        link="http://www.kegg.jp/dbget-bin/www_bget?hsa:107+hsa:108+hsa:109+hsa:111+hsa:112+hsa:113+hsa:114+hsa:115+hsa:196883">
        <graphics name="ADCY1, AC1, DFNB44..." fgcolor="#000000" bgcolor="#BFFFBF"
             type="rectangle" x="935" y="762" width="46" height="17"/>
    </entry>
    <entry id="35" name="cpd:C00334" type="compound"
        link="http://www.kegg.jp/dbget-bin/www_bget?C00334">
        <graphics name="C00334" fgcolor="#000000" bgcolor="#FFFFFF"
             type="circle" x="635" y="641" width="8" height="8"/>
    </entry>
    <entry id="37" name="hsa:2571 hsa:2572" type="gene"
        link="http://www.kegg.jp/dbget-bin/www_bget?hsa:2571+hsa:2572">
        <graphics name="GAD1, CPSQ1, GAD, SCP..." fgcolor="#000000" bgcolor="#BFFFBF"
             type="rectangle" x="152" y="570" width="46" height="17"/>
    </entry>
    <entry id="38" name="hsa:6529 hsa:6538 hsa:6539 hsa:6540" type="gene"
        link="http://www.kegg.jp/dbget-bin/www_bget?hsa:6529+hsa:6538+hsa:6539+hsa:6540">
        <graphics name="SLC6A1, GABATHG, GABATR, GAT1, MAE..." fgcolor="#000000" bgcolor="#BFFFBF"
             type="rectangle" x="623" y="794" width="46" height="17"/>
    </entry>
    <entry id="39" name="cpd:C00334" type="compound"
        link="http://www.kegg.jp/dbget-bin/www_bget?C00334">
        <graphics name="C00334" fgcolor="#000000" bgcolor="#FFFFFF"
             type="circle" x="686" y="792" width="8" height="8"/>
    </entry>
    <entry id="48" name="hsa:773 hsa:774" type="gene"
        link="http://www.kegg.jp/dbget-bin/www_bget?hsa:773+hsa:774">
        <graphics name="CACNA1A, APCA, BI, CACNL1A4, CAV2.1, EA2, EIEE42, FHM, HPCA, MHP, MHP1, SCA6..." fgcolor="#000000" bgcolor="#BFFFBF"
             type="rectangle" x="623" y="497" width="46" height="17"/>
    </entry>
    <entry id="49" name="cpd:C00076" type="compound"
        link="http://www.kegg.jp/dbget-bin/www_bget?C00076">
        <graphics name="C00076" fgcolor="#000000" bgcolor="#FFFFFF"
             type="circle" x="665" y="497" width="8" height="8"/>
    </entry>
    <entry id="72" name="hsa:10681 hsa:2770 hsa:2771 hsa:2773 hsa:2775 hsa:2782 hsa:2783 hsa:2784 hsa:2785 hsa:2786 hsa:2787 hsa:2788 hsa:2790 hsa:2791 hsa:2792 hsa:2793 hsa:51764 hsa:54331 hsa:55970 hsa:59345 hsa:94235" type="gene"
        link="http://www.kegg.jp/dbget-bin/www_bget?hsa:10681+hsa:2770+hsa:2771+hsa:2773+hsa:2775+hsa:2782+hsa:2783+hsa:2784+hsa:2785+hsa:2786+hsa:2787+hsa:2788+hsa:2790+hsa:2791+hsa:2792+hsa:2793+hsa:51764+hsa:54331+hsa:55970+hsa:59345+hsa:94235">
        <graphics name="GNB5, GB5, IDDCA, LADCI..." fgcolor="#000000" bgcolor="#BFFFBF"
             type="rectangle" x="848" y="762" width="46" height="17"/>
    </entry>
    <entry id="73" name="cpd:C00064" type="compound"
        link="http://www.kegg.jp/dbget-bin/www_bget?C00064">
        <graphics name="C00064" fgcolor="#000000" bgcolor="#FFFFFF"
             type="circle" x="123" y="449" width="8" height="8"/>
    </entry>
    <entry id="75" name="hsa:2554 hsa:2555 hsa:2556 hsa:2557 hsa:2558 hsa:2559 hsa:2560 hsa:2561 hsa:2562 hsa:2563 hsa:2564 hsa:2565 hsa:2566 hsa:2567 hsa:2568 hsa:55879" type="gene"
        link="http://www.kegg.jp/dbget-bin/www_bget?hsa:2554+hsa:2555+hsa:2556+hsa:2557+hsa:2558+hsa:2559+hsa:2560+hsa:2561+hsa:2562+hsa:2563+hsa:2564+hsa:2565+hsa:2566+hsa:2567+hsa:2568+hsa:55879">
        <graphics name="GABRA1, ECA4, EIEE19, EJM, EJM5..." fgcolor="#000000" bgcolor="#BFFFBF"
             type="rectangle" x="757" y="598" width="46" height="17"/>
    </entry>
    <entry id="76" name="path:hsa00250" type="map"
        link="http://www.kegg.jp/dbget-bin/www_bget?hsa00250">
        <graphics name="Alanine, aspartate and glutamate metabolism" fgcolor="#000000" bgcolor="#FFFFFF"
             type="roundrectangle" x="203" y="493" width="136" height="34"/>
    </entry>
    <entry id="79" name="hsa:2550 hsa:9568" type="gene"
        link="http://www.kegg.jp/dbget-bin/www_bget?hsa:2550+hsa:9568">
        <graphics name="GABBR1, GABABR1, GABBR1-3, GB1, GPRC3A..." fgcolor="#000000" bgcolor="#BFFFBF"
             type="rectangle" x="532" y="321" width="46" height="17"/>
    </entry>
    <entry id="81" name="cpd:C00334" type="compound"
        link="http://www.kegg.jp/dbget-bin/www_bget?C00334">
        <graphics name="C00334" fgcolor="#000000" bgcolor="#FFFFFF"
             type="circle" x="715" y="148" width="8" height="8"/>
    </entry>
    <entry id="82" name="cpd:C00025" type="compound"
        link="http://www.kegg.jp/dbget-bin/www_bget?C00025">
        <graphics name="C00025" fgcolor="#000000" bgcolor="#FFFFFF"
             type="circle" x="444" y="148" width="8" height="8"/>
    </entry>
    <entry id="83" name="cpd:C00064" type="compound"
        link="http://www.kegg.jp/dbget-bin/www_bget?C00064">
        <graphics name="C00064" fgcolor="#000000" bgcolor="#FFFFFF"
             type="circle" x="342" y="148" width="8" height="8"/>
    </entry>
    <entry id="84" name="hsa:18" type="gene"
        link="http://www.kegg.jp/dbget-bin/www_bget?hsa:18">
        <graphics name="ABAT, GABA-AT, GABAT, NPD009" fgcolor="#000000" bgcolor="#BFFFBF"
             type="rectangle" x="679" y="136" width="46" height="17"/>
    </entry>
    <entry id="85" name="hsa:2752" type="gene"
        link="http://www.kegg.jp/dbget-bin/www_bget?hsa:2752">
        <graphics name="GLUL, GLNS, GS, PIG43, PIG59" fgcolor="#000000" bgcolor="#BFFFBF"
             type="rectangle" x="399" y="133" width="46" height="17"/>
    </entry>
    <entry id="88" name="cpd:C00698" type="compound"
        link="http://www.kegg.jp/dbget-bin/www_bget?C00698">
        <graphics name="C00698" fgcolor="#000000" bgcolor="#FFFFFF"
             type="circle" x="710" y="597" width="8" height="8"/>
    </entry>
    <entry id="90" name="hsa:3763" type="gene"
        link="http://www.kegg.jp/dbget-bin/www_bget?hsa:3763">
        <graphics name="KCNJ6, BIR1, GIRK-2, GIRK2, KATP-2, KATP2, KCNJ7, KIR3.2, KPLBS, hiGIRK2" fgcolor="#000000" bgcolor="#BFFFBF"
             type="rectangle" x="757" y="810" width="46" height="17"/>
    </entry>
    <entry id="91" name="cpd:C00238" type="compound"
        link="http://www.kegg.jp/dbget-bin/www_bget?C00238">
        <graphics name="C00238" fgcolor="#000000" bgcolor="#FFFFFF"
             type="circle" x="803" y="810" width="8" height="8"/>
    </entry>
    <entry id="93" name="hsa:27165 hsa:2744" type="gene"
        link="http://www.kegg.jp/dbget-bin/www_bget?hsa:27165+hsa:2744">
        <graphics name="GLS2, GA, GLS, LGA, hLGA..." fgcolor="#000000" bgcolor="#BFFFBF"
             type="rectangle" x="87" y="492" width="46" height="17"/>
    </entry>
    <entry id="100" name="path:hsa00020" type="map"
        link="http://www.kegg.jp/dbget-bin/www_bget?hsa00020">
        <graphics name="Citrate cycle (TCA cycle)" fgcolor="#000000" bgcolor="#FFFFFF"
             type="roundrectangle" x="567" y="120" width="92" height="34"/>
    </entry>
    <entry id="102" name="hsa:18" type="gene"
        link="http://www.kegg.jp/dbget-bin/www_bget?hsa:18">
        <graphics name="ABAT, GABA-AT, GABAT, NPD009" fgcolor="#000000" bgcolor="#BFFFBF"
             type="rectangle" x="236" y="639" width="46" height="17"/>
    </entry>
    <entry id="106" name="hsa:10681 hsa:2770 hsa:2771 hsa:2773 hsa:2775 hsa:2782 hsa:2783 hsa:2784 hsa:2785 hsa:2786 hsa:2787 hsa:2788 hsa:2790 hsa:2791 hsa:2792 hsa:2793 hsa:51764 hsa:54331 hsa:55970 hsa:59345 hsa:94235" type="gene"
        link="http://www.kegg.jp/dbget-bin/www_bget?hsa:10681+hsa:2770+hsa:2771+hsa:2773+hsa:2775+hsa:2782+hsa:2783+hsa:2784+hsa:2785+hsa:2786+hsa:2787+hsa:2788+hsa:2790+hsa:2791+hsa:2792+hsa:2793+hsa:51764+hsa:54331+hsa:55970+hsa:59345+hsa:94235">
        <graphics name="GNB5, GB5, IDDCA, LADCI..." fgcolor="#000000" bgcolor="#BFFFBF"
             type="rectangle" x="531" y="380" width="46" height="17"/>
    </entry>
    <entry id="113" name="cpd:C00575" type="compound"
        link="http://www.kegg.jp/dbget-bin/www_bget?C00575">
        <graphics name="C00575" fgcolor="#000000" bgcolor="#FFFFFF"
             type="circle" x="991" y="763" width="8" height="8"/>
    </entry>
    <entry id="114" name="path:hsa04721" type="map"
        link="http://www.kegg.jp/dbget-bin/www_bget?hsa04721">
        <graphics name="Synaptic vesicle cycle" fgcolor="#000000" bgcolor="#FFFFFF"
             type="roundrectangle" x="446" y="612" width="92" height="34"/>
    </entry>
    <entry id="116" name="hsa:107 hsa:108 hsa:109 hsa:111 hsa:112 hsa:113 hsa:114 hsa:115 hsa:196883" type="gene"
        link="http://www.kegg.jp/dbget-bin/www_bget?hsa:107+hsa:108+hsa:109+hsa:111+hsa:112+hsa:113+hsa:114+hsa:115+hsa:196883">
        <graphics name="ADCY1, AC1, DFNB44..." fgcolor="#000000" bgcolor="#BFFFBF"
             type="rectangle" x="468" y="421" width="46" height="17"/>
    </entry>
    <entry id="117" name="hsa:5566 hsa:5567 hsa:5568" type="gene"
        link="http://www.kegg.jp/dbget-bin/www_bget?hsa:5566+hsa:5567+hsa:5568">
        <graphics name="PRKACA, PKACA, PPNAD4..." fgcolor="#000000" bgcolor="#BFFFBF"
             type="rectangle" x="514" y="515" width="46" height="17"/>
    </entry>
    <entry id="119" name="cpd:C00575" type="compound"
        link="http://www.kegg.jp/dbget-bin/www_bget?C00575">
        <graphics name="C00575" fgcolor="#000000" bgcolor="#FFFFFF"
             type="circle" x="468" y="458" width="8" height="8"/>
    </entry>
    <entry id="124" name="hsa:10243" type="gene"
        link="http://www.kegg.jp/dbget-bin/www_bget?hsa:10243">
        <graphics name="GPHN, GEPH, GPH, GPHRYN, HKPX1, MOCODC" fgcolor="#000000" bgcolor="#BFFFBF"
             type="rectangle" x="834" y="619" width="46" height="17"/>
    </entry>
    <entry id="128" name="hsa:2554 hsa:2555 hsa:2556 hsa:2557 hsa:2558 hsa:2559 hsa:2560 hsa:2561 hsa:2562 hsa:2563 hsa:2564 hsa:2565 hsa:2566 hsa:2567 hsa:2568 hsa:55879" type="gene"
        link="http://www.kegg.jp/dbget-bin/www_bget?hsa:2554+hsa:2555+hsa:2556+hsa:2557+hsa:2558+hsa:2559+hsa:2560+hsa:2561+hsa:2562+hsa:2563+hsa:2564+hsa:2565+hsa:2566+hsa:2567+hsa:2568+hsa:55879">
        <graphics name="GABRA1, ECA4, EIEE19, EJM, EJM5..." fgcolor="#000000" bgcolor="#BFFFBF"
             type="rectangle" x="1128" y="545" width="46" height="17"/>
    </entry>
    <entry id="129" name="hsa:11337 hsa:11345 hsa:23710" type="gene"
        link="http://www.kegg.jp/dbget-bin/www_bget?hsa:11337+hsa:11345+hsa:23710">
        <graphics name="GABARAP, ATG8A, GABARAP-a, MM46..." fgcolor="#000000" bgcolor="#BFFFBF"
             type="rectangle" x="1111" y="528" width="46" height="17"/>
    </entry>
    <entry id="130" name="hsa:4905" type="gene"
        link="http://www.kegg.jp/dbget-bin/www_bget?hsa:4905">
        <graphics name="NSF, SEC18, SKD2" fgcolor="#000000" bgcolor="#BFFFBF"
             type="rectangle" x="1111" y="562" width="46" height="17"/>
    </entry>
    <entry id="131" name="hsa:2554 hsa:2555 hsa:2556 hsa:2557 hsa:2558 hsa:2559 hsa:2560 hsa:2561 hsa:2562 hsa:2563 hsa:2564 hsa:2565 hsa:2566 hsa:2567 hsa:2568 hsa:55879" type="gene"
        link="http://www.kegg.jp/dbget-bin/www_bget?hsa:2554+hsa:2555+hsa:2556+hsa:2557+hsa:2558+hsa:2559+hsa:2560+hsa:2561+hsa:2562+hsa:2563+hsa:2564+hsa:2565+hsa:2566+hsa:2567+hsa:2568+hsa:55879">
        <graphics name="GABRA1, ECA4, EIEE19, EJM, EJM5..." fgcolor="#000000" bgcolor="#BFFFBF"
             type="rectangle" x="970" y="548" width="46" height="17"/>
    </entry>
    <entry id="132" name="hsa:66008" type="gene"
        link="http://www.kegg.jp/dbget-bin/www_bget?hsa:66008">
        <graphics name="TRAK2, ALS2CR3, CALS-C, GRIF-1, GRIF1, MILT2, OIP98" fgcolor="#000000" bgcolor="#BFFFBF"
             type="rectangle" x="951" y="531" width="46" height="17"/>
    </entry>
    <entry id="133" name="hsa:5334" type="gene"
        link="http://www.kegg.jp/dbget-bin/www_bget?hsa:5334">
        <graphics name="PLCL1, PLCE, PLCL, PLDL1, PPP1R127, PRIP" fgcolor="#000000" bgcolor="#BFFFBF"
             type="rectangle" x="951" y="565" width="46" height="17"/>
    </entry>
    <entry id="141" name="hsa:2554 hsa:2555 hsa:2556 hsa:2557 hsa:2558 hsa:2559 hsa:2560 hsa:2561 hsa:2562 hsa:2563 hsa:2564 hsa:2565 hsa:2566 hsa:2567 hsa:2568 hsa:55879" type="gene"
        link="http://www.kegg.jp/dbget-bin/www_bget?hsa:2554+hsa:2555+hsa:2556+hsa:2557+hsa:2558+hsa:2559+hsa:2560+hsa:2561+hsa:2562+hsa:2563+hsa:2564+hsa:2565+hsa:2566+hsa:2567+hsa:2568+hsa:55879">
        <graphics name="GABRA1, ECA4, EIEE19, EJM, EJM5..." fgcolor="#000000" bgcolor="#BFFFBF"
             type="rectangle" x="825" y="450" width="46" height="17"/>
    </entry>
    <entry id="142" name="hsa:2554 hsa:2555 hsa:2556 hsa:2557 hsa:2558 hsa:2559 hsa:2560 hsa:2561 hsa:2562 hsa:2563 hsa:2564 hsa:2565 hsa:2566 hsa:2567 hsa:2568 hsa:55879" type="gene"
        link="http://www.kegg.jp/dbget-bin/www_bget?hsa:2554+hsa:2555+hsa:2556+hsa:2557+hsa:2558+hsa:2559+hsa:2560+hsa:2561+hsa:2562+hsa:2563+hsa:2564+hsa:2565+hsa:2566+hsa:2567+hsa:2568+hsa:55879">
        <graphics name="GABRA1, ECA4, EIEE19, EJM, EJM5..." fgcolor="#000000" bgcolor="#BFFFBF"
             type="rectangle" x="1032" y="452" width="46" height="17"/>
    </entry>
    <entry id="146" name="hsa:9001" type="gene"
        link="http://www.kegg.jp/dbget-bin/www_bget?hsa:9001">
        <graphics name="HAP1, HAP2, HIP5, HLP, hHLP1" fgcolor="#000000" bgcolor="#BFFFBF"
             type="rectangle" x="1012" y="469" width="46" height="17"/>
    </entry>
    <entry id="147" name="hsa:773 hsa:774 hsa:775 hsa:776 hsa:778 hsa:779" type="gene"
        link="http://www.kegg.jp/dbget-bin/www_bget?hsa:773+hsa:774+hsa:775+hsa:776+hsa:778+hsa:779">
        <graphics name="CACNA1A, APCA, BI, CACNL1A4, CAV2.1, EA2, EIEE42, FHM, HPCA, MHP, MHP1, SCA6..." fgcolor="#000000" bgcolor="#BFFFBF"
             type="rectangle" x="757" y="717" width="46" height="17"/>
    </entry>
    <entry id="150" name="cpd:C00076" type="compound"
        link="http://www.kegg.jp/dbget-bin/www_bget?C00076">
        <graphics name="C00076" fgcolor="#000000" bgcolor="#FFFFFF"
             type="circle" x="709" y="717" width="8" height="8"/>
    </entry>
    <entry id="154" name="hsa:200959 hsa:2569 hsa:2570" type="gene"
        link="http://www.kegg.jp/dbget-bin/www_bget?hsa:200959+hsa:2569+hsa:2570">
        <graphics name="GABRR3..." fgcolor="#000000" bgcolor="#BFFFBF"
             type="rectangle" x="757" y="679" width="46" height="17"/>
    </entry>
    <entry id="155" name="hsa:57468" type="gene"
        link="http://www.kegg.jp/dbget-bin/www_bget?hsa:57468">
        <graphics name="SLC12A5, EIEE34, EIG14, KCC2, hKCC2" fgcolor="#000000" bgcolor="#BFFFBF"
             type="rectangle" x="757" y="643" width="46" height="17"/>
    </entry>
    <entry id="156" name="cpd:C00698" type="compound"
        link="http://www.kegg.jp/dbget-bin/www_bget?C00698">
        <graphics name="C00698" fgcolor="#000000" bgcolor="#FFFFFF"
             type="circle" x="705" y="677" width="8" height="8"/>
    </entry>
    <entry id="158" name="cpd:C00238" type="compound"
        link="http://www.kegg.jp/dbget-bin/www_bget?C00238">
        <graphics name="C00238" fgcolor="#000000" bgcolor="#FFFFFF"
             type="circle" x="798" y="639" width="8" height="8"/>
    </entry>
    <entry id="159" name="cpd:C00698" type="compound"
        link="http://www.kegg.jp/dbget-bin/www_bget?C00698">
        <graphics name="C00698" fgcolor="#000000" bgcolor="#FFFFFF"
             type="circle" x="798" y="650" width="8" height="8"/>
    </entry>
    <entry id="225" name="path:hsa04144" type="map"
        link="http://www.kegg.jp/dbget-bin/www_bget?hsa04144">
        <graphics name="Endocytosis" fgcolor="#000000" bgcolor="#FFFFFF"
             type="roundrectangle" x="909" y="456" width="92" height="25"/>
    </entry>
    <entry id="226" name="hsa:2554 hsa:2555 hsa:2556 hsa:2557 hsa:2558 hsa:2559 hsa:2560 hsa:2561 hsa:2562 hsa:2563 hsa:2564 hsa:2565 hsa:2566 hsa:2567 hsa:2568 hsa:55879" type="gene"
        link="http://www.kegg.jp/dbget-bin/www_bget?hsa:2554+hsa:2555+hsa:2556+hsa:2557+hsa:2558+hsa:2559+hsa:2560+hsa:2561+hsa:2562+hsa:2563+hsa:2564+hsa:2565+hsa:2566+hsa:2567+hsa:2568+hsa:55879">
        <graphics name="GABRA1, ECA4, EIEE19, EJM, EJM5..." fgcolor="#000000" bgcolor="#BFFFBF"
             type="rectangle" x="877" y="384" width="46" height="17"/>
    </entry>
    <entry id="227" name="hsa:5566 hsa:5567 hsa:5568" type="gene"
        link="http://www.kegg.jp/dbget-bin/www_bget?hsa:5566+hsa:5567+hsa:5568">
        <graphics name="PRKACA, PKACA, PPNAD4..." fgcolor="#000000" bgcolor="#BFFFBF"
             type="rectangle" x="812" y="509" width="46" height="17"/>
    </entry>
    <entry id="228" name="hsa:5578 hsa:5579 hsa:5582" type="gene"
        link="http://www.kegg.jp/dbget-bin/www_bget?hsa:5578+hsa:5579+hsa:5582">
        <graphics name="PRKCA, AAG6, PKC-alpha, PKCA, PKCI+/-, PKCalpha, PRKACA..." fgcolor="#000000" bgcolor="#BFFFBF"
             type="rectangle" x="812" y="530" width="46" height="17"/>
    </entry>
    <entry id="229" name="hsa:6714" type="gene"
        link="http://www.kegg.jp/dbget-bin/www_bget?hsa:6714">
        <graphics name="SRC, ASV, SRC1, THC6, c-SRC, p60-Src" fgcolor="#000000" bgcolor="#BFFFBF"
             type="rectangle" x="862" y="509" width="46" height="17"/>
    </entry>
    <entry id="233" name="cpd:C00026" type="compound"
        link="http://www.kegg.jp/dbget-bin/www_bget?C00026">
        <graphics name="C00026" fgcolor="#000000" bgcolor="#FFFFFF"
             type="circle" x="514" y="148" width="8" height="8"/>
    </entry>
    <entry id="234" name="cpd:C00042" type="compound"
        link="http://www.kegg.jp/dbget-bin/www_bget?C00042">
        <graphics name="C00042" fgcolor="#000000" bgcolor="#FFFFFF"
             type="circle" x="615" y="148" width="8" height="8"/>
    </entry>
    <entry id="236" name="hsa:10991 hsa:92745" type="gene"
        link="http://www.kegg.jp/dbget-bin/www_bget?hsa:10991+hsa:92745">
        <graphics name="SLC38A3, G17, NAT1, SN1, SNAT3..." fgcolor="#000000" bgcolor="#BFFFBF"
             type="rectangle" x="341" y="219" width="46" height="17"/>
    </entry>
    <entry id="237" name="hsa:54407 hsa:81539" type="gene"
        link="http://www.kegg.jp/dbget-bin/www_bget?hsa:54407+hsa:81539">
        <graphics name="SLC38A2, ATA2, PRO1068, SAT2, SNAT2..." fgcolor="#000000" bgcolor="#BFFFBF"
             type="rectangle" x="123" y="395" width="46" height="17"/>
    </entry>
    <relation entry1="79" entry2="106" type="PPrel">
        <subtype name="activation" value="--&gt;"/>
    </relation>
    <relation entry1="116" entry2="119" type="PCrel">
        <subtype name="activation" value="--&gt;"/>
    </relation>
    <relation entry1="119" entry2="117" type="PCrel">
        <subtype name="activation" value="--&gt;"/>
    </relation>
    <relation entry1="23" entry2="72" type="PPrel">
        <subtype name="activation" value="--&gt;"/>
    </relation>
    <relation entry1="72" entry2="90" type="PPrel">
        <subtype name="activation" value="--&gt;"/>
    </relation>
    <relation entry1="106" entry2="116" type="PPrel">
        <subtype name="inhibition" value="--|"/>
    </relation>
    <relation entry1="106" entry2="48" type="PPrel">
        <subtype name="inhibition" value="--|"/>
    </relation>
    <relation entry1="72" entry2="147" type="PPrel">
        <subtype name="inhibition" value="--|"/>
    </relation>
    <relation entry1="142" entry2="146" type="PPrel">
        <subtype name="binding/association" value="---"/>
    </relation>
    <relation entry1="129" entry2="128" type="PPrel">
        <subtype name="binding/association" value="---"/>
    </relation>
    <relation entry1="128" entry2="130" type="PPrel">
        <subtype name="binding/association" value="---"/>
    </relation>
    <relation entry1="132" entry2="131" type="PPrel">
        <subtype name="binding/association" value="---"/>
    </relation>
    <relation entry1="131" entry2="133" type="PPrel">
        <subtype name="binding/association" value="---"/>
    </relation>
    <relation entry1="75" entry2="124" type="PPrel">
        <subtype name="binding/association" value="---"/>
    </relation>
    <relation entry1="72" entry2="32" type="PPrel">
        <subtype name="inhibition" value="--|"/>
    </relation>
    <relation entry1="35" entry2="79" type="PCrel">
        <subtype name="activation" value="--&gt;"/>
    </relation>
    <relation entry1="35" entry2="75" type="PCrel">
        <subtype name="activation" value="--&gt;"/>
    </relation>
    <relation entry1="35" entry2="154" type="PCrel">
        <subtype name="activation" value="--&gt;"/>
    </relation>
    <relation entry1="35" entry2="23" type="PCrel">
        <subtype name="activation" value="--&gt;"/>
    </relation>
</pathway>
