<?xml version="1.0"?>
<!DOCTYPE pathway SYSTEM "http://www.kegg.jp/kegg/xml/KGML_v0.7.2_.dtd">
<!-- Creation date: Feb 1, 2019 16:52:58 +0900 (GMT+9) -->
<pathway name="path:hsa04927" org="hsa" number="04927"
         title="Cortisol synthesis and secretion"
         image="http://www.kegg.jp/kegg/pathway/hsa/hsa04927.png"
         link="http://www.kegg.jp/kegg-bin/show_pathway?hsa04927">
    <entry id="13" name="path:hsa04927" type="map"
        link="http://www.kegg.jp/dbget-bin/www_bget?hsa04927">
        <graphics name="TITLE:Cortisol synthesis and secretion" fgcolor="#000000" bgcolor="#FFFFFF"
             type="roundrectangle" x="197" y="58" width="313" height="25"/>
    </entry>
    <entry id="15" name="hsa:3708 hsa:3709 hsa:3710" type="gene"
        link="http://www.kegg.jp/dbget-bin/www_bget?hsa:3708+hsa:3709+hsa:3710">
        <graphics name="ITPR1, ACV, CLA4, INSP3R1, IP3R, IP3R1, PPP1R94, SCA15, SCA16, SCA29..." fgcolor="#000000" bgcolor="#BFFFBF"
             type="rectangle" x="562" y="355" width="46" height="17"/>
    </entry>
    <entry id="16" name="cpd:C00076" type="compound"
        link="http://www.kegg.jp/dbget-bin/www_bget?C00076">
        <graphics name="C00076" fgcolor="#000000" bgcolor="#FFFFFF"
             type="circle" x="509" y="353" width="8" height="8"/>
    </entry>
    <entry id="17" name="cpd:C00238" type="compound"
        link="http://www.kegg.jp/dbget-bin/www_bget?C00238">
        <graphics name="C00238" fgcolor="#000000" bgcolor="#FFFFFF"
             type="circle" x="186" y="331" width="8" height="8"/>
    </entry>
    <entry id="18" name="hsa:23236 hsa:5330 hsa:5331 hsa:5332" type="gene"
        link="http://www.kegg.jp/dbget-bin/www_bget?hsa:23236+hsa:5330+hsa:5331+hsa:5332">
        <graphics name="PLCB1, EIEE12, PI-PLC, PLC-154, PLC-I, PLC-beta-1, PLC154, PLCB1A, PLCB1B..." fgcolor="#000000" bgcolor="#BFFFBF"
             type="rectangle" x="479" y="290" width="46" height="17"/>
    </entry>
    <entry id="19" name="hsa:775 hsa:776 hsa:778 hsa:779" type="gene"
        link="http://www.kegg.jp/dbget-bin/www_bget?hsa:775+hsa:776+hsa:778+hsa:779">
        <graphics name="CACNA1C, CACH2, CACN2, CACNL1A1, CCHL1A1, CaV1.2, LQT8, TS, TS._LQT8..." fgcolor="#000000" bgcolor="#BFFFBF"
             type="rectangle" x="244" y="460" width="46" height="17"/>
    </entry>
    <entry id="20" name="cpd:C01245" type="compound"
        link="http://www.kegg.jp/dbget-bin/www_bget?C01245">
        <graphics name="C01245" fgcolor="#000000" bgcolor="#FFFFFF"
             type="circle" x="516" y="323" width="8" height="8"/>
    </entry>
    <entry id="22" name="hsa:2767 hsa:2776" type="gene"
        link="http://www.kegg.jp/dbget-bin/www_bget?hsa:2767+hsa:2776">
        <graphics name="GNA11, FBH, FBH2, FHH2, GNA-11, HHC2, HYPOC2..." fgcolor="#000000" bgcolor="#BFFFBF"
             type="rectangle" x="396" y="290" width="46" height="17"/>
    </entry>
    <entry id="23" name="hsa:8911 hsa:8912 hsa:8913" type="gene"
        link="http://www.kegg.jp/dbget-bin/www_bget?hsa:8911+hsa:8912+hsa:8913">
        <graphics name="CACNA1I, Cav3.3, ca(v)3.3..." fgcolor="#000000" bgcolor="#BFFFBF"
             type="rectangle" x="244" y="436" width="46" height="17"/>
    </entry>
    <entry id="25" name="cpd:C00076" type="compound"
        link="http://www.kegg.jp/dbget-bin/www_bget?C00076">
        <graphics name="C00076" fgcolor="#000000" bgcolor="#FFFFFF"
             type="circle" x="186" y="436" width="8" height="8"/>
    </entry>
    <entry id="26" name="path:hsa04020" type="map"
        link="http://www.kegg.jp/dbget-bin/www_bget?hsa04020">
        <graphics name="Calcium signaling pathway" fgcolor="#000000" bgcolor="#FFFFFF"
             type="roundrectangle" x="452" y="429" width="125" height="34"/>
    </entry>
    <entry id="27" name="hsa:10488 hsa:1385 hsa:1386 hsa:1388 hsa:148327 hsa:468 hsa:64764 hsa:84699 hsa:90993 hsa:9586" type="gene"
        link="http://www.kegg.jp/dbget-bin/www_bget?hsa:10488+hsa:1385+hsa:1386+hsa:1388+hsa:148327+hsa:468+hsa:64764+hsa:84699+hsa:90993+hsa:9586">
        <graphics name="CREB3, LUMAN, LZIP, sLZIP..." fgcolor="#000000" bgcolor="#BFFFBF"
             type="rectangle" x="793" y="375" width="46" height="17"/>
    </entry>
    <entry id="28" name="hsa:107 hsa:108 hsa:109 hsa:111 hsa:112 hsa:113 hsa:114 hsa:115 hsa:196883" type="gene"
        link="http://www.kegg.jp/dbget-bin/www_bget?hsa:107+hsa:108+hsa:109+hsa:111+hsa:112+hsa:113+hsa:114+hsa:115+hsa:196883">
        <graphics name="ADCY1, AC1, DFNB44..." fgcolor="#000000" bgcolor="#BFFFBF"
             type="rectangle" x="244" y="213" width="46" height="17"/>
    </entry>
    <entry id="29" name="cpd:C00575" type="compound"
        link="http://www.kegg.jp/dbget-bin/www_bget?C00575">
        <graphics name="C00575" fgcolor="#000000" bgcolor="#FFFFFF"
             type="circle" x="359" y="214" width="8" height="8"/>
    </entry>
    <entry id="30" name="cpd:C00020" type="compound"
        link="http://www.kegg.jp/dbget-bin/www_bget?C00020">
        <graphics name="C00020" fgcolor="#000000" bgcolor="#FFFFFF"
             type="circle" x="549" y="214" width="8" height="8"/>
    </entry>
    <entry id="33" name="hsa:5151 hsa:8622" type="gene"
        link="http://www.kegg.jp/dbget-bin/www_bget?hsa:5151+hsa:8622">
        <graphics name="PDE8A, HsT19550..." fgcolor="#000000" bgcolor="#BFFFBF"
             type="rectangle" x="435" y="201" width="46" height="17"/>
    </entry>
    <entry id="34" name="cpd:C00076" type="compound"
        link="http://www.kegg.jp/dbget-bin/www_bget?C00076">
        <graphics name="C00076" fgcolor="#000000" bgcolor="#FFFFFF"
             type="circle" x="186" y="458" width="8" height="8"/>
    </entry>
    <entry id="35" name="cpd:C00076" type="compound"
        link="http://www.kegg.jp/dbget-bin/www_bget?C00076">
        <graphics name="C00076" fgcolor="#000000" bgcolor="#FFFFFF"
             type="circle" x="386" y="456" width="8" height="8"/>
    </entry>
    <entry id="36" name="hsa:185" type="gene"
        link="http://www.kegg.jp/dbget-bin/www_bget?hsa:185">
        <graphics name="AGTR1, AG2S, AGTR1B, AT1, AT1AR, AT1B, AT1BR, AT1R, AT2R1, HAT1R" fgcolor="#000000" bgcolor="#BFFFBF"
             type="rectangle" x="244" y="261" width="46" height="17"/>
    </entry>
    <entry id="38" name="hsa:4158" type="gene"
        link="http://www.kegg.jp/dbget-bin/www_bget?hsa:4158">
        <graphics name="MC2R, ACTHR" fgcolor="#000000" bgcolor="#BFFFBF"
             type="rectangle" x="244" y="162" width="46" height="17"/>
    </entry>
    <entry id="40" name="hsa:2778" type="gene"
        link="http://www.kegg.jp/dbget-bin/www_bget?hsa:2778">
        <graphics name="GNAS, AHO, C20orf45, GNAS1, GPSA, GSA, GSP, NESP, PITA3, POH, SCG6, SgVI" fgcolor="#000000" bgcolor="#BFFFBF"
             type="rectangle" x="343" y="162" width="46" height="17"/>
    </entry>
    <entry id="46" name="hsa:6770" type="gene"
        link="http://www.kegg.jp/dbget-bin/www_bget?hsa:6770">
        <graphics name="STAR, STARD1" fgcolor="#000000" bgcolor="#BFFFBF"
             type="rectangle" x="995" y="355" width="46" height="17"/>
    </entry>
    <entry id="48" name="hsa:6770" type="gene"
        link="http://www.kegg.jp/dbget-bin/www_bget?hsa:6770">
        <graphics name="STAR, STARD1" fgcolor="#000000" bgcolor="#BFFFBF"
             type="rectangle" x="759" y="548" width="46" height="17"/>
    </entry>
    <entry id="51" name="hsa:3283 hsa:3284" type="gene"
        link="http://www.kegg.jp/dbget-bin/www_bget?hsa:3283+hsa:3284">
        <graphics name="HSD3B1, 3BETAHSD, HSD3B, HSDB3, HSDB3A, SDR11E1..." fgcolor="#000000" bgcolor="#BFFFBF"
             type="rectangle" x="948" y="617" width="46" height="17"/>
    </entry>
    <entry id="52" name="cpd:C00187" type="compound"
        link="http://www.kegg.jp/dbget-bin/www_bget?C00187">
        <graphics name="C00187" fgcolor="#000000" bgcolor="#FFFFFF"
             type="circle" x="761" y="503" width="8" height="8"/>
    </entry>
    <entry id="53" name="cpd:C01953" type="compound"
        link="http://www.kegg.jp/dbget-bin/www_bget?C01953">
        <graphics name="C01953" fgcolor="#000000" bgcolor="#FFFFFF"
             type="circle" x="921" y="579" width="8" height="8"/>
    </entry>
    <entry id="54" name="cpd:C00410" type="compound"
        link="http://www.kegg.jp/dbget-bin/www_bget?C00410">
        <graphics name="C00410" fgcolor="#000000" bgcolor="#FFFFFF"
             type="circle" x="921" y="666" width="8" height="8"/>
    </entry>
    <entry id="55" name="cpd:C05488" type="compound"
        link="http://www.kegg.jp/dbget-bin/www_bget?C05488">
        <graphics name="C05488" fgcolor="#000000" bgcolor="#FFFFFF"
             type="circle" x="921" y="736" width="8" height="8"/>
    </entry>
    <entry id="61" name="hsa:5566 hsa:5567 hsa:5568" type="gene"
        link="http://www.kegg.jp/dbget-bin/www_bget?hsa:5566+hsa:5567+hsa:5568">
        <graphics name="PRKACA, PKACA, PPNAD4..." fgcolor="#000000" bgcolor="#BFFFBF"
             type="rectangle" x="435" y="251" width="46" height="17"/>
    </entry>
    <entry id="67" name="path:hsa04024" type="map"
        link="http://www.kegg.jp/dbget-bin/www_bget?hsa04024">
        <graphics name="cAMP signaling pathway" fgcolor="#000000" bgcolor="#FFFFFF"
             type="roundrectangle" x="537" y="186" width="125" height="34"/>
    </entry>
    <entry id="68" name="path:hsa04960" type="map"
        link="http://www.kegg.jp/dbget-bin/www_bget?hsa04960">
        <graphics name="Aldosterone-regulated sodium reabsorption" fgcolor="#000000" bgcolor="#FFFFFF"
             type="roundrectangle" x="134" y="847" width="125" height="34"/>
    </entry>
    <entry id="70" name="path:hsa00140" type="map"
        link="http://www.kegg.jp/dbget-bin/www_bget?hsa00140">
        <graphics name="Steroid hormone biosynthesis" fgcolor="#000000" bgcolor="#FFFFFF"
             type="roundrectangle" x="779" y="657" width="125" height="34"/>
    </entry>
    <entry id="72" name="hsa:84876" type="gene"
        link="http://www.kegg.jp/dbget-bin/www_bget?hsa:84876">
        <graphics name="ORAI1, CRACM1, IMD9, ORAT1, TAM2, TMEM142A" fgcolor="#000000" bgcolor="#BFFFBF"
             type="rectangle" x="244" y="505" width="46" height="17"/>
    </entry>
    <entry id="73" name="cpd:C00076" type="compound"
        link="http://www.kegg.jp/dbget-bin/www_bget?C00076">
        <graphics name="C00076" fgcolor="#000000" bgcolor="#FFFFFF"
             type="circle" x="186" y="505" width="8" height="8"/>
    </entry>
    <entry id="77" name="hsa:3949" type="gene"
        link="http://www.kegg.jp/dbget-bin/www_bget?hsa:3949">
        <graphics name="LDLR, FH, FHC, FHCL1, LDLCQ2" fgcolor="#000000" bgcolor="#BFFFBF"
             type="rectangle" x="244" y="714" width="46" height="17"/>
    </entry>
    <entry id="78" name="hsa:949" type="gene"
        link="http://www.kegg.jp/dbget-bin/www_bget?hsa:949">
        <graphics name="SCARB1, CD36L1, CLA-1, CLA1, HDLQTL6, SR-BI, SRB1" fgcolor="#000000" bgcolor="#BFFFBF"
             type="rectangle" x="244" y="748" width="46" height="17"/>
    </entry>
    <entry id="84" name="hsa:1583" type="gene"
        link="http://www.kegg.jp/dbget-bin/www_bget?hsa:1583">
        <graphics name="CYP11A1, CYP11A, CYPXIA1, P450SCC" fgcolor="#000000" bgcolor="#BFFFBF"
             type="rectangle" x="811" y="590" width="46" height="17"/>
    </entry>
    <entry id="85" name="hsa:1589" type="gene"
        link="http://www.kegg.jp/dbget-bin/www_bget?hsa:1589">
        <graphics name="CYP21A2, CA21H, CAH1, CPS1, CYP21, CYP21B, P450c21B" fgcolor="#000000" bgcolor="#BFFFBF"
             type="rectangle" x="1032" y="703" width="46" height="17"/>
    </entry>
    <entry id="89" name="hsa:4158" type="gene"
        link="http://www.kegg.jp/dbget-bin/www_bget?hsa:4158">
        <graphics name="MC2R, ACTHR" fgcolor="#000000" bgcolor="#BFFFBF"
             type="rectangle" x="786" y="125" width="46" height="17"/>
    </entry>
    <entry id="90" name="hsa:56246" type="gene"
        link="http://www.kegg.jp/dbget-bin/www_bget?hsa:56246">
        <graphics name="MRAP, B27, C21orf61, FALP, FGD2, GCCD2" fgcolor="#000000" bgcolor="#BFFFBF"
             type="rectangle" x="786" y="142" width="46" height="17"/>
    </entry>
    <entry id="92" name="cpd:C00735" type="compound"
        link="http://www.kegg.jp/dbget-bin/www_bget?C00735">
        <graphics name="C00735" fgcolor="#000000" bgcolor="#FFFFFF"
             type="circle" x="723" y="817" width="8" height="8"/>
    </entry>
    <entry id="93" name="hsa:1584" type="gene"
        link="http://www.kegg.jp/dbget-bin/www_bget?hsa:1584">
        <graphics name="CYP11B1, CPN1, CYP11B, FHI, P450C11" fgcolor="#000000" bgcolor="#BFFFBF"
             type="rectangle" x="995" y="307" width="46" height="17"/>
    </entry>
    <entry id="94" name="hsa:1584" type="gene"
        link="http://www.kegg.jp/dbget-bin/www_bget?hsa:1584">
        <graphics name="CYP11B1, CPN1, CYP11B, FHI, P450C11" fgcolor="#000000" bgcolor="#BFFFBF"
             type="rectangle" x="802" y="787" width="46" height="17"/>
    </entry>
    <entry id="95" name="hsa:3776" type="gene"
        link="http://www.kegg.jp/dbget-bin/www_bget?hsa:3776">
        <graphics name="KCNK2, K2p2.1, TPKC1, TREK, TREK-1, TREK1, hTREK-1c, hTREK-1e" fgcolor="#000000" bgcolor="#BFFFBF"
             type="rectangle" x="244" y="331" width="46" height="17"/>
    </entry>
    <entry id="99" name="hsa:57552" type="gene"
        link="http://www.kegg.jp/dbget-bin/www_bget?hsa:57552">
        <graphics name="NCEH1, AADACL1, NCEH" fgcolor="#000000" bgcolor="#BFFFBF"
             type="rectangle" x="995" y="380" width="46" height="17"/>
    </entry>
    <entry id="100" name="hsa:1586" type="gene"
        link="http://www.kegg.jp/dbget-bin/www_bget?hsa:1586">
        <graphics name="CYP17A1, CPT7, CYP17, P450C17, S17AH" fgcolor="#000000" bgcolor="#BFFFBF"
             type="rectangle" x="995" y="331" width="46" height="17"/>
    </entry>
    <entry id="107" name="hsa:3739" type="gene"
        link="http://www.kegg.jp/dbget-bin/www_bget?hsa:3739">
        <graphics name="KCNA4, HBK4, HK1, HPCN2, HUKII, KCNA4L, KCNA8, KV1.4, MCIDDS, PCN2" fgcolor="#000000" bgcolor="#BFFFBF"
             type="rectangle" x="244" y="565" width="46" height="17"/>
    </entry>
    <entry id="108" name="hsa:3777" type="gene"
        link="http://www.kegg.jp/dbget-bin/www_bget?hsa:3777">
        <graphics name="KCNK3, K2p3.1, OAT1, PPH4, TASK, TASK-1, TBAK1" fgcolor="#000000" bgcolor="#BFFFBF"
             type="rectangle" x="244" y="608" width="46" height="17"/>
    </entry>
    <entry id="109" name="cpd:C00238" type="compound"
        link="http://www.kegg.jp/dbget-bin/www_bget?C00238">
        <graphics name="C00238" fgcolor="#000000" bgcolor="#FFFFFF"
             type="circle" x="302" y="565" width="8" height="8"/>
    </entry>
    <entry id="110" name="cpd:C00238" type="compound"
        link="http://www.kegg.jp/dbget-bin/www_bget?C00238">
        <graphics name="C00238" fgcolor="#000000" bgcolor="#FFFFFF"
             type="circle" x="303" y="607" width="8" height="8"/>
    </entry>
    <entry id="111" name="hsa:5443" type="gene"
        link="http://www.kegg.jp/dbget-bin/www_bget?hsa:5443">
        <graphics name="POMC, ACTH, CLIP, LPH, MSH, NPP, OBAIRH, POC" fgcolor="#000000" bgcolor="#BFFFBF"
             type="rectangle" x="163" y="162" width="46" height="17"/>
    </entry>
    <entry id="112" name="cpd:C05488" type="compound"
        link="http://www.kegg.jp/dbget-bin/www_bget?C05488">
        <graphics name="C05488" fgcolor="#000000" bgcolor="#FFFFFF"
             type="circle" x="846" y="736" width="8" height="8"/>
    </entry>
    <entry id="114" name="hsa:2516" type="gene"
        link="http://www.kegg.jp/dbget-bin/www_bget?hsa:2516">
        <graphics name="NR5A1, AD4BP, ELP, FTZ1, FTZF1, POF7, SF-1, SF1, SPGF8, SRXX4, SRXY3, hSF-1" fgcolor="#000000" bgcolor="#BFFFBF"
             type="rectangle" x="793" y="287" width="46" height="17"/>
    </entry>
    <entry id="115" name="hsa:3164" type="gene"
        link="http://www.kegg.jp/dbget-bin/www_bget?hsa:3164">
        <graphics name="NR4A1, GFRP1, HMR, N10, NAK-1, NGFIB, NP10, NUR77, TR3" fgcolor="#000000" bgcolor="#BFFFBF"
             type="rectangle" x="793" y="309" width="46" height="17"/>
    </entry>
    <entry id="116" name="hsa:6667" type="gene"
        link="http://www.kegg.jp/dbget-bin/www_bget?hsa:6667">
        <graphics name="SP1" fgcolor="#000000" bgcolor="#BFFFBF"
             type="rectangle" x="793" y="331" width="46" height="17"/>
    </entry>
    <entry id="117" name="hsa:5087" type="gene"
        link="http://www.kegg.jp/dbget-bin/www_bget?hsa:5087">
        <graphics name="PBX1, CAKUHED" fgcolor="#000000" bgcolor="#BFFFBF"
             type="rectangle" x="793" y="353" width="46" height="17"/>
    </entry>
    <entry id="118" name="cpd:C05138" type="compound"
        link="http://www.kegg.jp/dbget-bin/www_bget?C05138">
        <graphics name="C05138" fgcolor="#000000" bgcolor="#FFFFFF"
             type="circle" x="1005" y="579" width="8" height="8"/>
    </entry>
    <entry id="119" name="cpd:C01176" type="compound"
        link="http://www.kegg.jp/dbget-bin/www_bget?C01176">
        <graphics name="C01176" fgcolor="#000000" bgcolor="#FFFFFF"
             type="circle" x="1005" y="666" width="8" height="8"/>
    </entry>
    <entry id="123" name="hsa:3283 hsa:3284" type="gene"
        link="http://www.kegg.jp/dbget-bin/www_bget?hsa:3283+hsa:3284">
        <graphics name="HSD3B1, 3BETAHSD, HSD3B, HSDB3, HSDB3A, SDR11E1..." fgcolor="#000000" bgcolor="#BFFFBF"
             type="rectangle" x="1032" y="617" width="46" height="17"/>
    </entry>
    <entry id="124" name="hsa:1586" type="gene"
        link="http://www.kegg.jp/dbget-bin/www_bget?hsa:1586">
        <graphics name="CYP17A1, CPT7, CYP17, P450C17, S17AH" fgcolor="#000000" bgcolor="#BFFFBF"
             type="rectangle" x="961" y="566" width="46" height="17"/>
    </entry>
    <entry id="125" name="hsa:1586" type="gene"
        link="http://www.kegg.jp/dbget-bin/www_bget?hsa:1586">
        <graphics name="CYP17A1, CPT7, CYP17, P450C17, S17AH" fgcolor="#000000" bgcolor="#BFFFBF"
             type="rectangle" x="961" y="654" width="46" height="17"/>
    </entry>
    <entry id="127" name="hsa:56246" type="gene"
        link="http://www.kegg.jp/dbget-bin/www_bget?hsa:56246">
        <graphics name="MRAP, B27, C21orf61, FALP, FGD2, GCCD2" fgcolor="#000000" bgcolor="#BFFFBF"
             type="rectangle" x="244" y="179" width="46" height="17"/>
    </entry>
    <entry id="128" name="hsa:57552" type="gene"
        link="http://www.kegg.jp/dbget-bin/www_bget?hsa:57552">
        <graphics name="NCEH1, AADACL1, NCEH" fgcolor="#000000" bgcolor="#BFFFBF"
             type="rectangle" x="694" y="475" width="46" height="17"/>
    </entry>
    <entry id="130" name="hsa:190" type="gene"
        link="http://www.kegg.jp/dbget-bin/www_bget?hsa:190">
        <graphics name="NR0B1, AHC, AHCH, AHX, DAX-1, DAX1, DSS, GTD, HHG, NROB1, SRXY2" fgcolor="#000000" bgcolor="#BFFFBF"
             type="rectangle" x="723" y="265" width="46" height="17"/>
    </entry>
    <entry id="134" name="hsa:183" type="gene"
        link="http://www.kegg.jp/dbget-bin/www_bget?hsa:183">
        <graphics name="AGT, ANHU, SERPINA8, hFLT1" fgcolor="#000000" bgcolor="#BFFFBF"
             type="rectangle" x="163" y="261" width="46" height="17"/>
    </entry>
    <relation entry1="36" entry2="22" type="PPrel">
        <subtype name="activation" value="--&gt;"/>
    </relation>
    <relation entry1="22" entry2="18" type="PPrel">
        <subtype name="activation" value="--&gt;"/>
    </relation>
    <relation entry1="18" entry2="20" type="PCrel">
        <subtype name="activation" value="--&gt;"/>
    </relation>
    <relation entry1="20" entry2="15" type="PCrel">
        <subtype name="activation" value="--&gt;"/>
    </relation>
    <relation entry1="38" entry2="40" type="PPrel">
        <subtype name="activation" value="--&gt;"/>
    </relation>
    <relation entry1="40" entry2="28" type="PPrel">
        <subtype name="activation" value="--&gt;"/>
    </relation>
    <relation entry1="28" entry2="29" type="PCrel">
        <subtype name="activation" value="--&gt;"/>
    </relation>
    <relation entry1="29" entry2="61" type="PCrel">
        <subtype name="activation" value="--&gt;"/>
    </relation>
    <relation entry1="27" entry2="46" type="GErel">
        <subtype name="expression" value="--&gt;"/>
    </relation>
    <relation entry1="111" entry2="38" type="PPrel">
        <subtype name="activation" value="--&gt;"/>
    </relation>
    <relation entry1="89" entry2="90" type="PPrel">
        <subtype name="binding/association" value="---"/>
    </relation>
    <relation entry1="38" entry2="127" type="PPrel">
        <subtype name="binding/association" value="---"/>
    </relation>
    <relation entry1="61" entry2="95" type="PPrel">
        <subtype name="inhibition" value="--|"/>
    </relation>
    <relation entry1="22" entry2="95" type="PPrel">
        <subtype name="inhibition" value="--|"/>
        <subtype name="indirect effect" value="..&gt;"/>
    </relation>
    <relation entry1="16" entry2="95" type="PCrel">
        <subtype name="inhibition" value="--|"/>
    </relation>
    <relation entry1="61" entry2="114" type="PPrel">
        <subtype name="activation" value="--&gt;"/>
    </relation>
    <relation entry1="61" entry2="115" type="PPrel">
        <subtype name="activation" value="--&gt;"/>
    </relation>
    <relation entry1="61" entry2="116" type="PPrel">
        <subtype name="activation" value="--&gt;"/>
    </relation>
    <relation entry1="61" entry2="117" type="PPrel">
        <subtype name="activation" value="--&gt;"/>
    </relation>
    <relation entry1="61" entry2="27" type="PPrel">
        <subtype name="activation" value="--&gt;"/>
    </relation>
    <relation entry1="114" entry2="93" type="GErel">
        <subtype name="expression" value="--&gt;"/>
    </relation>
    <relation entry1="114" entry2="100" type="GErel">
        <subtype name="expression" value="--&gt;"/>
    </relation>
    <relation entry1="114" entry2="46" type="GErel">
        <subtype name="expression" value="--&gt;"/>
    </relation>
    <relation entry1="114" entry2="99" type="GErel">
        <subtype name="expression" value="--&gt;"/>
    </relation>
    <relation entry1="115" entry2="93" type="GErel">
        <subtype name="expression" value="--&gt;"/>
    </relation>
    <relation entry1="115" entry2="100" type="GErel">
        <subtype name="expression" value="--&gt;"/>
    </relation>
    <relation entry1="115" entry2="46" type="GErel">
        <subtype name="expression" value="--&gt;"/>
    </relation>
    <relation entry1="115" entry2="99" type="GErel">
        <subtype name="expression" value="--&gt;"/>
    </relation>
    <relation entry1="116" entry2="93" type="GErel">
        <subtype name="expression" value="--&gt;"/>
    </relation>
    <relation entry1="116" entry2="100" type="GErel">
        <subtype name="expression" value="--&gt;"/>
    </relation>
    <relation entry1="116" entry2="46" type="GErel">
        <subtype name="expression" value="--&gt;"/>
    </relation>
    <relation entry1="116" entry2="99" type="GErel">
        <subtype name="expression" value="--&gt;"/>
    </relation>
    <relation entry1="117" entry2="93" type="GErel">
        <subtype name="expression" value="--&gt;"/>
    </relation>
    <relation entry1="117" entry2="100" type="GErel">
        <subtype name="expression" value="--&gt;"/>
    </relation>
    <relation entry1="117" entry2="46" type="GErel">
        <subtype name="expression" value="--&gt;"/>
    </relation>
    <relation entry1="117" entry2="99" type="GErel">
        <subtype name="expression" value="--&gt;"/>
    </relation>
    <relation entry1="27" entry2="93" type="GErel">
        <subtype name="expression" value="--&gt;"/>
    </relation>
    <relation entry1="27" entry2="100" type="GErel">
        <subtype name="expression" value="--&gt;"/>
    </relation>
    <relation entry1="27" entry2="99" type="GErel">
        <subtype name="expression" value="--&gt;"/>
    </relation>
    <relation entry1="95" entry2="23" type="PPrel">
        <subtype name="activation" value="--&gt;"/>
        <subtype name="indirect effect" value="..&gt;"/>
    </relation>
    <relation entry1="130" entry2="114" type="PPrel">
        <subtype name="inhibition" value="--|"/>
    </relation>
    <relation entry1="134" entry2="36" type="PPrel">
        <subtype name="activation" value="--&gt;"/>
    </relation>
</pathway>
