<?xml version="1.0"?>
<!DOCTYPE pathway SYSTEM "http://www.kegg.jp/kegg/xml/KGML_v0.7.2_.dtd">
<!-- Creation date: Apr 17, 2018 16:21:57 +0900 (GMT+9) -->
<pathway name="path:hsa04928" org="hsa" number="04928"
         title="Parathyroid hormone synthesis, secretion and action"
         image="http://www.kegg.jp/kegg/pathway/hsa/hsa04928.png"
         link="http://www.kegg.jp/kegg-bin/show_pathway?hsa04928">
    <entry id="12" name="path:hsa04928" type="map"
        link="http://www.kegg.jp/dbget-bin/www_bget?hsa04928">
        <graphics name="TITLE:Parathyroid hormone synthesis, secretion and action" fgcolor="#000000" bgcolor="#FFFFFF"
             type="roundrectangle" x="278" y="58" width="476" height="25"/>
    </entry>
    <entry id="14" name="hsa:3708 hsa:3709 hsa:3710" type="gene"
        link="http://www.kegg.jp/dbget-bin/www_bget?hsa:3708+hsa:3709+hsa:3710">
        <graphics name="ITPR1, ACV, CLA4, INSP3R1, IP3R, IP3R1, PPP1R94, SCA15, SCA16, SCA29..." fgcolor="#000000" bgcolor="#BFFFBF"
             type="rectangle" x="519" y="723" width="46" height="17"/>
    </entry>
    <entry id="15" name="cpd:C00076" type="compound"
        link="http://www.kegg.jp/dbget-bin/www_bget?C00076">
        <graphics name="C00076" fgcolor="#000000" bgcolor="#FFFFFF"
             type="circle" x="519" y="690" width="8" height="8"/>
    </entry>
    <entry id="16" name="hsa:23236 hsa:5330 hsa:5331 hsa:5332" type="gene"
        link="http://www.kegg.jp/dbget-bin/www_bget?hsa:23236+hsa:5330+hsa:5331+hsa:5332">
        <graphics name="PLCB1, EIEE12, PI-PLC, PLC-154, PLC-I, PLC-beta-1, PLC154, PLCB1A, PLCB1B..." fgcolor="#000000" bgcolor="#BFFFBF"
             type="rectangle" x="382" y="682" width="46" height="17"/>
    </entry>
    <entry id="17" name="cpd:C01245" type="compound"
        link="http://www.kegg.jp/dbget-bin/www_bget?C01245">
        <graphics name="C01245" fgcolor="#000000" bgcolor="#FFFFFF"
             type="circle" x="459" y="700" width="8" height="8"/>
    </entry>
    <entry id="19" name="hsa:2767 hsa:2776" type="gene"
        link="http://www.kegg.jp/dbget-bin/www_bget?hsa:2767+hsa:2776">
        <graphics name="GNA11, FBH, FBH2, FHH2, GNA-11, HHC2, HYPOC2..." fgcolor="#000000" bgcolor="#BFFFBF"
             type="rectangle" x="298" y="682" width="46" height="17"/>
    </entry>
    <entry id="20" name="path:hsa04020" type="map"
        link="http://www.kegg.jp/dbget-bin/www_bget?hsa04020">
        <graphics name="Calcium signaling pathway" fgcolor="#000000" bgcolor="#FFFFFF"
             type="roundrectangle" x="362" y="719" width="125" height="34"/>
    </entry>
    <entry id="21" name="hsa:107 hsa:108 hsa:109 hsa:111 hsa:112 hsa:113 hsa:114 hsa:115 hsa:196883" type="gene"
        link="http://www.kegg.jp/dbget-bin/www_bget?hsa:107+hsa:108+hsa:109+hsa:111+hsa:112+hsa:113+hsa:114+hsa:115+hsa:196883">
        <graphics name="ADCY1, AC1, DFNB44..." fgcolor="#000000" bgcolor="#BFFFBF"
             type="rectangle" x="382" y="837" width="46" height="17"/>
    </entry>
    <entry id="22" name="cpd:C00575" type="compound"
        link="http://www.kegg.jp/dbget-bin/www_bget?C00575">
        <graphics name="C00575" fgcolor="#000000" bgcolor="#FFFFFF"
             type="circle" x="459" y="836" width="8" height="8"/>
    </entry>
    <entry id="26" name="hsa:2778" type="gene"
        link="http://www.kegg.jp/dbget-bin/www_bget?hsa:2778">
        <graphics name="GNAS, AHO, C20orf45, GNAS1, GPSA, GSA, GSP, NESP, PITA3, POH, SCG6, SgVI" fgcolor="#000000" bgcolor="#BFFFBF"
             type="rectangle" x="298" y="837" width="46" height="17"/>
    </entry>
    <entry id="28" name="hsa:5566 hsa:5567 hsa:5568" type="gene"
        link="http://www.kegg.jp/dbget-bin/www_bget?hsa:5566+hsa:5567+hsa:5568">
        <graphics name="PRKACA, PKACA, PPNAD4..." fgcolor="#000000" bgcolor="#BFFFBF"
             type="rectangle" x="540" y="837" width="46" height="17"/>
    </entry>
    <entry id="29" name="path:hsa04024" type="map"
        link="http://www.kegg.jp/dbget-bin/www_bget?hsa04024">
        <graphics name="cAMP signaling pathway" fgcolor="#000000" bgcolor="#FFFFFF"
             type="roundrectangle" x="504" y="874" width="125" height="34"/>
    </entry>
    <entry id="33" name="cpd:C00076" type="compound"
        link="http://www.kegg.jp/dbget-bin/www_bget?C00076">
        <graphics name="C00076" fgcolor="#000000" bgcolor="#FFFFFF"
             type="circle" x="129" y="171" width="8" height="8"/>
    </entry>
    <entry id="34" name="hsa:846" type="gene"
        link="http://www.kegg.jp/dbget-bin/www_bget?hsa:846">
        <graphics name="CASR, CAR, EIG8, FHH, FIH, GPRC2A, HHC, HHC1, HYPOC1, NSHPT, PCAR1, hCasR" fgcolor="#000000" bgcolor="#BFFFBF"
             type="rectangle" x="207" y="171" width="46" height="17"/>
    </entry>
    <entry id="35" name="hsa:5741" type="gene"
        link="http://www.kegg.jp/dbget-bin/www_bget?hsa:5741">
        <graphics name="PTH, PTH1" fgcolor="#000000" bgcolor="#BFFFBF"
             type="rectangle" x="110" y="839" width="46" height="17"/>
    </entry>
    <entry id="36" name="hsa:5745" type="gene"
        link="http://www.kegg.jp/dbget-bin/www_bget?hsa:5745">
        <graphics name="PTH1R, EKNS, PFE, PTHR, PTHR1" fgcolor="#000000" bgcolor="#BFFFBF"
             type="rectangle" x="205" y="839" width="46" height="17"/>
    </entry>
    <entry id="42" name="hsa:3708 hsa:3709 hsa:3710" type="gene"
        link="http://www.kegg.jp/dbget-bin/www_bget?hsa:3708+hsa:3709+hsa:3710">
        <graphics name="ITPR1, ACV, CLA4, INSP3R1, IP3R, IP3R1, PPP1R94, SCA15, SCA16, SCA29..." fgcolor="#000000" bgcolor="#BFFFBF"
             type="rectangle" x="646" y="282" width="46" height="17"/>
    </entry>
    <entry id="43" name="cpd:C00076" type="compound"
        link="http://www.kegg.jp/dbget-bin/www_bget?C00076">
        <graphics name="C00076" fgcolor="#000000" bgcolor="#FFFFFF"
             type="circle" x="596" y="281" width="8" height="8"/>
    </entry>
    <entry id="44" name="hsa:23236 hsa:5330 hsa:5331 hsa:5332" type="gene"
        link="http://www.kegg.jp/dbget-bin/www_bget?hsa:23236+hsa:5330+hsa:5331+hsa:5332">
        <graphics name="PLCB1, EIEE12, PI-PLC, PLC-154, PLC-I, PLC-beta-1, PLC154, PLCB1A, PLCB1B..." fgcolor="#000000" bgcolor="#BFFFBF"
             type="rectangle" x="563" y="215" width="46" height="17"/>
    </entry>
    <entry id="45" name="cpd:C01245" type="compound"
        link="http://www.kegg.jp/dbget-bin/www_bget?C01245">
        <graphics name="C01245" fgcolor="#000000" bgcolor="#FFFFFF"
             type="circle" x="595" y="249" width="8" height="8"/>
    </entry>
    <entry id="47" name="hsa:2767 hsa:2776" type="gene"
        link="http://www.kegg.jp/dbget-bin/www_bget?hsa:2767+hsa:2776">
        <graphics name="GNA11, FBH, FBH2, FHH2, GNA-11, HHC2, HYPOC2..." fgcolor="#000000" bgcolor="#BFFFBF"
             type="rectangle" x="308" y="215" width="46" height="17"/>
    </entry>
    <entry id="48" name="path:hsa04020" type="map"
        link="http://www.kegg.jp/dbget-bin/www_bget?hsa04020">
        <graphics name="Calcium signaling pathway" fgcolor="#000000" bgcolor="#FFFFFF"
             type="roundrectangle" x="334" y="263" width="125" height="34"/>
    </entry>
    <entry id="53" name="hsa:2770 hsa:2771 hsa:2773" type="gene"
        link="http://www.kegg.jp/dbget-bin/www_bget?hsa:2770+hsa:2771+hsa:2773">
        <graphics name="GNAI1, Gi..." fgcolor="#000000" bgcolor="#BFFFBF"
             type="rectangle" x="306" y="171" width="46" height="17"/>
    </entry>
    <entry id="55" name="hsa:5741" type="gene"
        link="http://www.kegg.jp/dbget-bin/www_bget?hsa:5741">
        <graphics name="PTH, PTH1" fgcolor="#000000" bgcolor="#BFFFBF"
             type="rectangle" x="980" y="294" width="46" height="17"/>
    </entry>
    <entry id="56" name="hsa:5744" type="gene"
        link="http://www.kegg.jp/dbget-bin/www_bget?hsa:5744">
        <graphics name="PTHLH, BDE2, HHM, PLP, PTHR, PTHRP" fgcolor="#000000" bgcolor="#BFFFBF"
             type="rectangle" x="110" y="879" width="46" height="17"/>
    </entry>
    <entry id="58" name="cpd:C00020" type="compound"
        link="http://www.kegg.jp/dbget-bin/www_bget?C00020">
        <graphics name="C00020" fgcolor="#000000" bgcolor="#FFFFFF"
             type="circle" x="560" y="806" width="8" height="8"/>
    </entry>
    <entry id="60" name="hsa:5141 hsa:5142 hsa:5143 hsa:5144" type="gene"
        link="http://www.kegg.jp/dbget-bin/www_bget?hsa:5141+hsa:5142+hsa:5143+hsa:5144">
        <graphics name="PDE4A, DPDE2, PDE4, PDE46..." fgcolor="#000000" bgcolor="#BFFFBF"
             type="rectangle" x="513" y="791" width="46" height="17"/>
    </entry>
    <entry id="61" name="hsa:2625" type="gene"
        link="http://www.kegg.jp/dbget-bin/www_bget?hsa:2625">
        <graphics name="GATA3, HDR, HDRS" fgcolor="#000000" bgcolor="#BFFFBF"
             type="rectangle" x="814" y="260" width="46" height="17"/>
    </entry>
    <entry id="62" name="hsa:8521 hsa:9247" type="gene"
        link="http://www.kegg.jp/dbget-bin/www_bget?hsa:8521+hsa:9247">
        <graphics name="GCM1, GCMA, hGCMa..." fgcolor="#000000" bgcolor="#BFFFBF"
             type="rectangle" x="814" y="209" width="46" height="17"/>
    </entry>
    <entry id="63" name="hsa:107 hsa:108 hsa:109 hsa:111 hsa:112 hsa:113 hsa:114 hsa:115 hsa:196883" type="gene"
        link="http://www.kegg.jp/dbget-bin/www_bget?hsa:107+hsa:108+hsa:109+hsa:111+hsa:112+hsa:113+hsa:114+hsa:115+hsa:196883">
        <graphics name="ADCY1, AC1, DFNB44..." fgcolor="#000000" bgcolor="#BFFFBF"
             type="rectangle" x="434" y="171" width="46" height="17"/>
    </entry>
    <entry id="64" name="cpd:C00575" type="compound"
        link="http://www.kegg.jp/dbget-bin/www_bget?C00575">
        <graphics name="C00575" fgcolor="#000000" bgcolor="#FFFFFF"
             type="circle" x="531" y="171" width="8" height="8"/>
    </entry>
    <entry id="75" name="hsa:5741" type="gene"
        link="http://www.kegg.jp/dbget-bin/www_bget?hsa:5741">
        <graphics name="PTH, PTH1" fgcolor="#000000" bgcolor="#BFFFBF"
             type="rectangle" x="614" y="434" width="46" height="17"/>
    </entry>
    <entry id="79" name="cpd:C01673" type="compound"
        link="http://www.kegg.jp/dbget-bin/www_bget?C01673">
        <graphics name="C01673" fgcolor="#000000" bgcolor="#FFFFFF"
             type="circle" x="129" y="331" width="8" height="8"/>
    </entry>
    <entry id="80" name="hsa:7421" type="gene"
        link="http://www.kegg.jp/dbget-bin/www_bget?hsa:7421">
        <graphics name="VDR, NR1I1, PPP1R163" fgcolor="#000000" bgcolor="#BFFFBF"
             type="rectangle" x="618" y="332" width="46" height="17"/>
    </entry>
    <entry id="85" name="hsa:5741" type="gene"
        link="http://www.kegg.jp/dbget-bin/www_bget?hsa:5741">
        <graphics name="PTH, PTH1" fgcolor="#000000" bgcolor="#BFFFBF"
             type="rectangle" x="184" y="432" width="46" height="17"/>
    </entry>
    <entry id="87" name="hsa:408 hsa:409" type="gene"
        link="http://www.kegg.jp/dbget-bin/www_bget?hsa:408+hsa:409">
        <graphics name="ARRB1, ARB1, ARR1..." fgcolor="#000000" bgcolor="#BFFFBF"
             type="rectangle" x="298" y="620" width="46" height="17"/>
    </entry>
    <entry id="88" name="hsa:369 hsa:5894 hsa:673" type="gene"
        link="http://www.kegg.jp/dbget-bin/www_bget?hsa:369+hsa:5894+hsa:673">
        <graphics name="ARAF, A-RAF, ARAF1, PKS2, RAFA1..." fgcolor="#000000" bgcolor="#BFFFBF"
             type="rectangle" x="382" y="620" width="46" height="17"/>
    </entry>
    <entry id="89" name="hsa:5604" type="gene"
        link="http://www.kegg.jp/dbget-bin/www_bget?hsa:5604">
        <graphics name="MAP2K1, CFC3, MAPKK1, MEK1, MKK1, PRKMK1" fgcolor="#000000" bgcolor="#BFFFBF"
             type="rectangle" x="464" y="620" width="46" height="17"/>
    </entry>
    <entry id="90" name="hsa:5594 hsa:5595" type="gene"
        link="http://www.kegg.jp/dbget-bin/www_bget?hsa:5594+hsa:5595">
        <graphics name="MAPK1, ERK, ERK-2, ERK2, ERT1, MAPK2, P42MAPK, PRKM1, PRKM2, p38, p40, p41, p41mapk, p42-MAPK..." fgcolor="#000000" bgcolor="#BFFFBF"
             type="rectangle" x="548" y="620" width="46" height="17"/>
    </entry>
    <entry id="91" name="hsa:5578 hsa:5579 hsa:5582" type="gene"
        link="http://www.kegg.jp/dbget-bin/www_bget?hsa:5578+hsa:5579+hsa:5582">
        <graphics name="PRKCA, AAG6, PKC-alpha, PKCA, PKCI+/-, PKCalpha, PRKACA..." fgcolor="#000000" bgcolor="#BFFFBF"
             type="rectangle" x="601" y="665" width="46" height="17"/>
    </entry>
    <entry id="92" name="hsa:2770 hsa:2771 hsa:2773" type="gene"
        link="http://www.kegg.jp/dbget-bin/www_bget?hsa:2770+hsa:2771+hsa:2773">
        <graphics name="GNAI1, Gi..." fgcolor="#000000" bgcolor="#BFFFBF"
             type="rectangle" x="298" y="987" width="46" height="17"/>
    </entry>
    <entry id="93" name="hsa:10893 hsa:4323 hsa:4324 hsa:4325 hsa:4326 hsa:64386" type="gene"
        link="http://www.kegg.jp/dbget-bin/www_bget?hsa:10893+hsa:4323+hsa:4324+hsa:4325+hsa:4326+hsa:64386">
        <graphics name="MMP24, MMP-24, MMP25, MT-MMP_5, MT-MMP5, MT5-MMP, MT5MMP, MTMMP5..." fgcolor="#000000" bgcolor="#BFFFBF"
             type="rectangle" x="205" y="1009" width="46" height="17"/>
    </entry>
    <entry id="94" name="hsa:1956" type="gene"
        link="http://www.kegg.jp/dbget-bin/www_bget?hsa:1956">
        <graphics name="EGFR, ERBB, ERBB1, HER1, NISBD2, PIG61, mENA" fgcolor="#000000" bgcolor="#BFFFBF"
             type="rectangle" x="205" y="1049" width="46" height="17"/>
    </entry>
    <entry id="95" name="hsa:5594 hsa:5595" type="gene"
        link="http://www.kegg.jp/dbget-bin/www_bget?hsa:5594+hsa:5595">
        <graphics name="MAPK1, ERK, ERK-2, ERK2, ERT1, MAPK2, P42MAPK, PRKM1, PRKM2, p38, p40, p41, p41mapk, p42-MAPK..." fgcolor="#000000" bgcolor="#BFFFBF"
             type="rectangle" x="545" y="1051" width="46" height="17"/>
    </entry>
    <entry id="96" name="hsa:10672 hsa:2768" type="gene"
        link="http://www.kegg.jp/dbget-bin/www_bget?hsa:10672+hsa:2768">
        <graphics name="GNA13, G13..." fgcolor="#000000" bgcolor="#BFFFBF"
             type="rectangle" x="298" y="944" width="46" height="17"/>
    </entry>
    <entry id="97" name="hsa:11214 hsa:9138 hsa:9826" type="gene"
        link="http://www.kegg.jp/dbget-bin/www_bget?hsa:11214+hsa:9138+hsa:9826">
        <graphics name="AKAP13, AKAP-13, AKAP-Lbc, ARHGEF13, BRX, HA-3, Ht31, LBC, PRKA13, PROTO-LB, PROTO-LBC, c-lbc, p47..." fgcolor="#000000" bgcolor="#BFFFBF"
             type="rectangle" x="382" y="944" width="46" height="17"/>
    </entry>
    <entry id="98" name="hsa:387" type="gene"
        link="http://www.kegg.jp/dbget-bin/www_bget?hsa:387">
        <graphics name="RHOA, ARH12, ARHA, RHO12, RHOH12" fgcolor="#000000" bgcolor="#BFFFBF"
             type="rectangle" x="464" y="944" width="46" height="17"/>
    </entry>
    <entry id="99" name="hsa:5337 hsa:5338" type="gene"
        link="http://www.kegg.jp/dbget-bin/www_bget?hsa:5337+hsa:5338">
        <graphics name="PLD1, CVDD..." fgcolor="#000000" bgcolor="#BFFFBF"
             type="rectangle" x="548" y="944" width="46" height="17"/>
    </entry>
    <entry id="104" name="hsa:56302" type="gene"
        link="http://www.kegg.jp/dbget-bin/www_bget?hsa:56302">
        <graphics name="TRPV5, CAT2, ECAC1, OTRPC3" fgcolor="#000000" bgcolor="#BFFFBF"
             type="rectangle" x="1090" y="620" width="46" height="17"/>
    </entry>
    <entry id="105" name="hsa:9368" type="gene"
        link="http://www.kegg.jp/dbget-bin/www_bget?hsa:9368">
        <graphics name="SLC9A3R1, EBP50, NHERF, NHERF-1, NHERF1, NPHLOP2" fgcolor="#000000" bgcolor="#BFFFBF"
             type="rectangle" x="1047" y="682" width="46" height="17"/>
    </entry>
    <entry id="106" name="hsa:1594" type="gene"
        link="http://www.kegg.jp/dbget-bin/www_bget?hsa:1594">
        <graphics name="CYP27B1, CP2B, CYP1, CYP1alpha, CYP27B, P450c1, PDDR, VDD1, VDDR, VDDRI, VDR" fgcolor="#000000" bgcolor="#BFFFBF"
             type="rectangle" x="698" y="739" width="46" height="17"/>
    </entry>
    <entry id="107" name="hsa:1591" type="gene"
        link="http://www.kegg.jp/dbget-bin/www_bget?hsa:1591">
        <graphics name="CYP24A1, CP24, CYP24, HCAI, HCINF1, P450-CC24" fgcolor="#000000" bgcolor="#BFFFBF"
             type="rectangle" x="698" y="777" width="46" height="17"/>
    </entry>
    <entry id="108" name="hsa:8074" type="gene"
        link="http://www.kegg.jp/dbget-bin/www_bget?hsa:8074">
        <graphics name="FGF23, ADHR, FGFN, HFTC2, HPDR2, HYPF, PHPTC" fgcolor="#000000" bgcolor="#BFFFBF"
             type="rectangle" x="927" y="886" width="46" height="17"/>
    </entry>
    <entry id="109" name="hsa:8600" type="gene"
        link="http://www.kegg.jp/dbget-bin/www_bget?hsa:8600">
        <graphics name="TNFSF11, CD254, ODF, OPGL, OPTB2, RANKL, TNLG6B, TRANCE, hRANKL2, sOdf" fgcolor="#000000" bgcolor="#BFFFBF"
             type="rectangle" x="927" y="972" width="46" height="17"/>
    </entry>
    <entry id="110" name="hsa:50964" type="gene"
        link="http://www.kegg.jp/dbget-bin/www_bget?hsa:50964">
        <graphics name="SOST, CDD, DAND6, SOST1, VBCH" fgcolor="#000000" bgcolor="#BFFFBF"
             type="rectangle" x="927" y="858" width="46" height="17"/>
    </entry>
    <entry id="111" name="hsa:10488 hsa:1385 hsa:1386 hsa:1388 hsa:148327 hsa:468 hsa:64764 hsa:84699 hsa:90993 hsa:9586" type="gene"
        link="http://www.kegg.jp/dbget-bin/www_bget?hsa:10488+hsa:1385+hsa:1386+hsa:1388+hsa:148327+hsa:468+hsa:64764+hsa:84699+hsa:90993+hsa:9586">
        <graphics name="CREB3, LUMAN, LZIP, sLZIP..." fgcolor="#000000" bgcolor="#BFFFBF"
             type="rectangle" x="698" y="1015" width="46" height="17"/>
    </entry>
    <entry id="122" name="cpd:C00165" type="compound"
        link="http://www.kegg.jp/dbget-bin/www_bget?C00165">
        <graphics name="C00165" fgcolor="#000000" bgcolor="#FFFFFF"
             type="circle" x="459" y="657" width="8" height="8"/>
    </entry>
    <entry id="129" name="hsa:596" type="gene"
        link="http://www.kegg.jp/dbget-bin/www_bget?hsa:596">
        <graphics name="BCL2, Bcl-2, PPP1R50" fgcolor="#000000" bgcolor="#BFFFBF"
             type="rectangle" x="927" y="1000" width="46" height="17"/>
    </entry>
    <entry id="132" name="hsa:1026" type="gene"
        link="http://www.kegg.jp/dbget-bin/www_bget?hsa:1026">
        <graphics name="CDKN1A, CAP20, CDKN1, CIP1, MDA-6, P21, SDI1, WAF1, p21CIP1" fgcolor="#000000" bgcolor="#BFFFBF"
             type="rectangle" x="927" y="1021" width="46" height="17"/>
    </entry>
    <entry id="133" name="hsa:2353" type="gene"
        link="http://www.kegg.jp/dbget-bin/www_bget?hsa:2353">
        <graphics name="FOS, AP-1, C-FOS, p55" fgcolor="#000000" bgcolor="#BFFFBF"
             type="rectangle" x="927" y="1052" width="46" height="17"/>
    </entry>
    <entry id="135" name="hsa:4666" type="gene"
        link="http://www.kegg.jp/dbget-bin/www_bget?hsa:4666">
        <graphics name="NACA, HSD48, NAC-alpha, NACA1, skNAC" fgcolor="#000000" bgcolor="#BFFFBF"
             type="rectangle" x="698" y="922" width="46" height="17"/>
    </entry>
    <entry id="136" name="hsa:4666" type="gene"
        link="http://www.kegg.jp/dbget-bin/www_bget?hsa:4666">
        <graphics name="NACA, HSD48, NAC-alpha, NACA1, skNAC" fgcolor="#000000" bgcolor="#BFFFBF"
             type="rectangle" x="785" y="923" width="46" height="17"/>
    </entry>
    <entry id="137" name="hsa:3727" type="gene"
        link="http://www.kegg.jp/dbget-bin/www_bget?hsa:3727">
        <graphics name="JUND, AP-1" fgcolor="#000000" bgcolor="#BFFFBF"
             type="rectangle" x="785" y="940" width="46" height="17"/>
    </entry>
    <entry id="138" name="hsa:632" type="gene"
        link="http://www.kegg.jp/dbget-bin/www_bget?hsa:632">
        <graphics name="BGLAP, BGP, OC, OCN" fgcolor="#000000" bgcolor="#BFFFBF"
             type="rectangle" x="927" y="917" width="46" height="17"/>
    </entry>
    <entry id="139" name="hsa:4040 hsa:4041" type="gene"
        link="http://www.kegg.jp/dbget-bin/www_bget?hsa:4040+hsa:4041">
        <graphics name="LRP6, ADCAD2, STHAG7..." fgcolor="#000000" bgcolor="#BFFFBF"
             type="rectangle" x="927" y="940" width="46" height="17"/>
    </entry>
    <entry id="144" name="hsa:860" type="gene"
        link="http://www.kegg.jp/dbget-bin/www_bget?hsa:860">
        <graphics name="RUNX2, AML3, CBF-alpha-1, CBFA1, CCD, CCD1, CLCD, OSF-2, OSF2, PEA2aA, PEBP2aA" fgcolor="#000000" bgcolor="#BFFFBF"
             type="rectangle" x="698" y="1103" width="46" height="17"/>
    </entry>
    <entry id="145" name="hsa:4322" type="gene"
        link="http://www.kegg.jp/dbget-bin/www_bget?hsa:4322">
        <graphics name="MMP13, CLG3, MANDP1, MDST, MMP-13" fgcolor="#000000" bgcolor="#BFFFBF"
             type="rectangle" x="927" y="1103" width="46" height="17"/>
    </entry>
    <entry id="149" name="hsa:2353" type="gene"
        link="http://www.kegg.jp/dbget-bin/www_bget?hsa:2353">
        <graphics name="FOS, AP-1, C-FOS, p55" fgcolor="#000000" bgcolor="#BFFFBF"
             type="rectangle" x="783" y="1076" width="46" height="17"/>
    </entry>
    <entry id="154" name="cpd:C00076" type="compound"
        link="http://www.kegg.jp/dbget-bin/www_bget?C00076">
        <graphics name="C00076" fgcolor="#000000" bgcolor="#FFFFFF"
             type="circle" x="1130" y="618" width="8" height="8"/>
    </entry>
    <entry id="155" name="hsa:10568 hsa:142680 hsa:6569" type="gene"
        link="http://www.kegg.jp/dbget-bin/www_bget?hsa:10568+hsa:142680+hsa:6569">
        <graphics name="SLC34A2, NAPI-3B, NAPI-IIb, NPTIIb..." fgcolor="#000000" bgcolor="#BFFFBF"
             type="rectangle" x="1090" y="665" width="46" height="17"/>
    </entry>
    <entry id="156" name="cpd:C01330" type="compound"
        link="http://www.kegg.jp/dbget-bin/www_bget?C01330">
        <graphics name="C01330" fgcolor="#000000" bgcolor="#FFFFFF"
             type="circle" x="1131" y="660" width="8" height="8"/>
    </entry>
    <entry id="157" name="cpd:C00009" type="compound"
        link="http://www.kegg.jp/dbget-bin/www_bget?C00009">
        <graphics name="C00009" fgcolor="#000000" bgcolor="#FFFFFF"
             type="circle" x="1164" y="667" width="8" height="8"/>
    </entry>
    <entry id="158" name="cpd:C01561" type="compound"
        link="http://www.kegg.jp/dbget-bin/www_bget?C01561">
        <graphics name="C01561" fgcolor="#000000" bgcolor="#FFFFFF"
             type="circle" x="729" y="720" width="8" height="8"/>
    </entry>
    <entry id="159" name="cpd:C01673" type="compound"
        link="http://www.kegg.jp/dbget-bin/www_bget?C01673">
        <graphics name="C01673" fgcolor="#000000" bgcolor="#FFFFFF"
             type="circle" x="730" y="756" width="8" height="8"/>
    </entry>
    <entry id="160" name="cpd:C18231" type="compound"
        link="http://www.kegg.jp/dbget-bin/www_bget?C18231">
        <graphics name="C18231" fgcolor="#000000" bgcolor="#FFFFFF"
             type="circle" x="731" y="795" width="8" height="8"/>
    </entry>
    <entry id="167" name="path:hsa04961" type="map"
        link="http://www.kegg.jp/dbget-bin/www_bget?hsa04961">
        <graphics name="Endocrine and other factor-regulated calcium reabsorption" fgcolor="#000000" bgcolor="#FFFFFF"
             type="roundrectangle" x="967" y="777" width="181" height="34"/>
    </entry>
    <entry id="170" name="hsa:4205 hsa:4208 hsa:4209" type="gene"
        link="http://www.kegg.jp/dbget-bin/www_bget?hsa:4205+hsa:4208+hsa:4209">
        <graphics name="MEF2A, ADCAD1, RSRFC4, RSRFC9, mef2..." fgcolor="#000000" bgcolor="#BFFFBF"
             type="rectangle" x="782" y="859" width="46" height="17"/>
    </entry>
    <entry id="174" name="path:hsa04310" type="map"
        link="http://www.kegg.jp/dbget-bin/www_bget?hsa04310">
        <graphics name="Wnt signaling pathway" fgcolor="#000000" bgcolor="#FFFFFF"
             type="roundrectangle" x="966" y="833" width="132" height="25"/>
    </entry>
    <entry id="177" name="hsa:4929" type="gene"
        link="http://www.kegg.jp/dbget-bin/www_bget?hsa:4929">
        <graphics name="NR4A2, HZF-3, NOT, NURR1, RNR1, TINUR" fgcolor="#000000" bgcolor="#BFFFBF"
             type="rectangle" x="698" y="885" width="46" height="17"/>
    </entry>
    <entry id="180" name="path:hsa04380" type="map"
        link="http://www.kegg.jp/dbget-bin/www_bget?hsa04380">
        <graphics name="Osteoclast differentiation" fgcolor="#000000" bgcolor="#FFFFFF"
             type="roundrectangle" x="1175" y="999" width="100" height="34"/>
    </entry>
    <entry id="186" name="hsa:9935" type="gene"
        link="http://www.kegg.jp/dbget-bin/www_bget?hsa:9935">
        <graphics name="MAFB, DURS3, KRML, MCTO" fgcolor="#000000" bgcolor="#BFFFBF"
             type="rectangle" x="814" y="229" width="46" height="17"/>
    </entry>
    <entry id="187" name="hsa:6667" type="gene"
        link="http://www.kegg.jp/dbget-bin/www_bget?hsa:6667">
        <graphics name="SP1" fgcolor="#000000" bgcolor="#BFFFBF"
             type="rectangle" x="814" y="288" width="46" height="17"/>
    </entry>
    <entry id="191" name="hsa:8074" type="gene"
        link="http://www.kegg.jp/dbget-bin/www_bget?hsa:8074">
        <graphics name="FGF23, ADHR, FGFN, HFTC2, HPDR2, HYPF, PHPTC" fgcolor="#000000" bgcolor="#BFFFBF"
             type="rectangle" x="110" y="360" width="46" height="17"/>
    </entry>
    <entry id="192" name="hsa:2260" type="gene"
        link="http://www.kegg.jp/dbget-bin/www_bget?hsa:2260">
        <graphics name="FGFR1, BFGFR, CD331, CEK, ECCL, FGFBR, FGFR-1, FLG, FLT-2, FLT2, HBGFR, HH2, HRTFDS, KAL2, N-SAM, OGD, bFGF-R-1" fgcolor="#000000" bgcolor="#BFFFBF"
             type="rectangle" x="207" y="360" width="46" height="17"/>
    </entry>
    <entry id="193" name="hsa:9365" type="gene"
        link="http://www.kegg.jp/dbget-bin/www_bget?hsa:9365">
        <graphics name="KL, HFTC3" fgcolor="#000000" bgcolor="#BFFFBF"
             type="rectangle" x="207" y="377" width="46" height="17"/>
    </entry>
    <entry id="194" name="hsa:5594 hsa:5595" type="gene"
        link="http://www.kegg.jp/dbget-bin/www_bget?hsa:5594+hsa:5595">
        <graphics name="MAPK1, ERK, ERK-2, ERK2, ERT1, MAPK2, P42MAPK, PRKM1, PRKM2, p38, p40, p41, p41mapk, p42-MAPK..." fgcolor="#000000" bgcolor="#BFFFBF"
             type="rectangle" x="618" y="359" width="46" height="17"/>
    </entry>
    <entry id="195" name="hsa:1958" type="gene"
        link="http://www.kegg.jp/dbget-bin/www_bget?hsa:1958">
        <graphics name="EGR1, AT225, G0S30, KROX-24, NGFI-A, TIS8, ZIF-268, ZNF225" fgcolor="#000000" bgcolor="#BFFFBF"
             type="rectangle" x="814" y="359" width="46" height="17"/>
    </entry>
    <entry id="201" name="hsa:6256 hsa:6257 hsa:6258" type="gene"
        link="http://www.kegg.jp/dbget-bin/www_bget?hsa:6256+hsa:6257+hsa:6258">
        <graphics name="RXRA, NR2B1..." fgcolor="#000000" bgcolor="#BFFFBF"
             type="rectangle" x="814" y="315" width="46" height="17"/>
    </entry>
    <entry id="209" name="hsa:1839" type="gene"
        link="http://www.kegg.jp/dbget-bin/www_bget?hsa:1839">
        <graphics name="HBEGF, DTR, DTS, DTSF, HEGFL" fgcolor="#000000" bgcolor="#BFFFBF"
             type="rectangle" x="110" y="1049" width="46" height="17"/>
    </entry>
    <entry id="212" name="path:hsa04012" type="map"
        link="http://www.kegg.jp/dbget-bin/www_bget?hsa04012">
        <graphics name="ErbB signaling pathway" fgcolor="#000000" bgcolor="#FFFFFF"
             type="roundrectangle" x="362" y="1080" width="125" height="34"/>
    </entry>
    <entry id="213" name="undefined" type="group">
        <graphics fgcolor="#000000" bgcolor="#FFFFFF"
             type="rectangle" x="785" y="931" width="46" height="34"/>
        <component id="136"/>
        <component id="137"/>
    </entry>
    <relation entry1="33" entry2="34" type="PCrel">
        <subtype name="activation" value="--&gt;"/>
    </relation>
    <relation entry1="34" entry2="53" type="PPrel">
        <subtype name="activation" value="--&gt;"/>
    </relation>
    <relation entry1="63" entry2="64" type="PCrel">
        <subtype name="activation" value="--&gt;"/>
    </relation>
    <relation entry1="34" entry2="47" type="PPrel">
        <subtype name="activation" value="--&gt;"/>
    </relation>
    <relation entry1="47" entry2="44" type="PPrel">
        <subtype name="activation" value="--&gt;"/>
    </relation>
    <relation entry1="44" entry2="45" type="PCrel">
        <subtype name="activation" value="--&gt;"/>
    </relation>
    <relation entry1="45" entry2="42" type="PCrel">
        <subtype name="activation" value="--&gt;"/>
    </relation>
    <relation entry1="79" entry2="80" type="PCrel">
        <subtype name="activation" value="--&gt;"/>
    </relation>
    <relation entry1="191" entry2="192" type="PPrel">
        <subtype name="activation" value="--&gt;"/>
    </relation>
    <relation entry1="194" entry2="195" type="PPrel">
        <subtype name="activation" value="--&gt;"/>
    </relation>
    <relation entry1="35" entry2="36" type="PPrel">
        <subtype name="activation" value="--&gt;"/>
    </relation>
    <relation entry1="56" entry2="36" type="PPrel">
        <subtype name="activation" value="--&gt;"/>
    </relation>
    <relation entry1="36" entry2="87" type="PPrel">
        <subtype name="activation" value="--&gt;"/>
    </relation>
    <relation entry1="87" entry2="88" type="PPrel">
        <subtype name="activation" value="--&gt;"/>
    </relation>
    <relation entry1="36" entry2="19" type="PPrel">
        <subtype name="activation" value="--&gt;"/>
    </relation>
    <relation entry1="19" entry2="16" type="PPrel">
        <subtype name="activation" value="--&gt;"/>
    </relation>
    <relation entry1="16" entry2="122" type="PCrel">
        <subtype name="activation" value="--&gt;"/>
    </relation>
    <relation entry1="16" entry2="17" type="PCrel">
        <subtype name="activation" value="--&gt;"/>
    </relation>
    <relation entry1="122" entry2="91" type="PCrel">
        <subtype name="activation" value="--&gt;"/>
    </relation>
    <relation entry1="17" entry2="14" type="PCrel">
        <subtype name="activation" value="--&gt;"/>
    </relation>
    <relation entry1="15" entry2="91" type="PCrel">
        <subtype name="activation" value="--&gt;"/>
    </relation>
    <relation entry1="36" entry2="26" type="PPrel">
        <subtype name="activation" value="--&gt;"/>
    </relation>
    <relation entry1="26" entry2="21" type="PPrel">
        <subtype name="activation" value="--&gt;"/>
    </relation>
    <relation entry1="21" entry2="22" type="PCrel">
        <subtype name="activation" value="--&gt;"/>
    </relation>
    <relation entry1="22" entry2="28" type="PCrel">
        <subtype name="activation" value="--&gt;"/>
    </relation>
    <relation entry1="36" entry2="96" type="PPrel">
        <subtype name="activation" value="--&gt;"/>
    </relation>
    <relation entry1="96" entry2="97" type="PPrel">
        <subtype name="activation" value="--&gt;"/>
    </relation>
    <relation entry1="97" entry2="98" type="PPrel">
        <subtype name="activation" value="--&gt;"/>
    </relation>
    <relation entry1="98" entry2="99" type="PPrel">
        <subtype name="activation" value="--&gt;"/>
    </relation>
    <relation entry1="36" entry2="92" type="PPrel">
        <subtype name="activation" value="--&gt;"/>
    </relation>
    <relation entry1="92" entry2="93" type="PPrel">
        <subtype name="activation" value="--&gt;"/>
    </relation>
    <relation entry1="93" entry2="209" type="PPrel">
        <subtype name="activation" value="--&gt;"/>
    </relation>
    <relation entry1="209" entry2="94" type="PPrel">
        <subtype name="activation" value="--&gt;"/>
    </relation>
    <relation entry1="62" entry2="55" type="GErel">
        <subtype name="expression" value="--&gt;"/>
    </relation>
    <relation entry1="186" entry2="55" type="GErel">
        <subtype name="expression" value="--&gt;"/>
    </relation>
    <relation entry1="61" entry2="55" type="GErel">
        <subtype name="expression" value="--&gt;"/>
    </relation>
    <relation entry1="187" entry2="55" type="GErel">
        <subtype name="expression" value="--&gt;"/>
    </relation>
    <relation entry1="170" entry2="110" type="GErel">
        <subtype name="expression" value="--&gt;"/>
    </relation>
    <relation entry1="177" entry2="108" type="GErel">
        <subtype name="expression" value="--&gt;"/>
    </relation>
    <relation entry1="213" entry2="138" type="GErel">
        <subtype name="expression" value="--&gt;"/>
    </relation>
    <relation entry1="213" entry2="139" type="GErel">
        <subtype name="expression" value="--&gt;"/>
    </relation>
    <relation entry1="111" entry2="109" type="GErel">
        <subtype name="expression" value="--&gt;"/>
    </relation>
    <relation entry1="111" entry2="129" type="GErel">
        <subtype name="expression" value="--&gt;"/>
    </relation>
    <relation entry1="111" entry2="132" type="GErel">
        <subtype name="expression" value="--&gt;"/>
    </relation>
    <relation entry1="111" entry2="133" type="GErel">
        <subtype name="expression" value="--&gt;"/>
    </relation>
    <relation entry1="144" entry2="145" type="GErel">
        <subtype name="expression" value="--&gt;"/>
    </relation>
    <relation entry1="80" entry2="55" type="GErel">
        <subtype name="repression" value="--|"/>
    </relation>
    <relation entry1="195" entry2="55" type="GErel">
        <subtype name="repression" value="--|"/>
    </relation>
    <relation entry1="192" entry2="193" type="PPrel">
        <subtype name="binding/association" value="---"/>
    </relation>
    <relation entry1="149" entry2="144" type="PPrel">
        <subtype name="binding/association" value="---"/>
    </relation>
    <relation entry1="53" entry2="63" type="PPrel">
        <subtype name="inhibition" value="--|"/>
    </relation>
    <relation entry1="28" entry2="106" type="PPrel">
        <subtype name="activation" value="--&gt;"/>
        <subtype name="indirect effect" value="..&gt;"/>
    </relation>
    <relation entry1="28" entry2="107" type="PPrel">
        <subtype name="inhibition" value="--|"/>
        <subtype name="indirect effect" value="..&gt;"/>
    </relation>
    <relation entry1="28" entry2="170" type="PPrel">
        <subtype name="inhibition" value="--|"/>
        <subtype name="indirect effect" value="..&gt;"/>
    </relation>
    <relation entry1="91" entry2="104" type="PPrel">
        <subtype name="activation" value="--&gt;"/>
        <subtype name="phosphorylation" value="+p"/>
    </relation>
    <relation entry1="91" entry2="105" type="PPrel">
        <subtype name="activation" value="--&gt;"/>
        <subtype name="phosphorylation" value="+p"/>
    </relation>
    <relation entry1="28" entry2="104" type="PPrel">
        <subtype name="activation" value="--&gt;"/>
        <subtype name="phosphorylation" value="+p"/>
    </relation>
    <relation entry1="28" entry2="105" type="PPrel">
        <subtype name="activation" value="--&gt;"/>
        <subtype name="phosphorylation" value="+p"/>
    </relation>
    <relation entry1="28" entry2="135" type="PPrel">
        <subtype name="activation" value="--&gt;"/>
        <subtype name="phosphorylation" value="+p"/>
    </relation>
    <relation entry1="28" entry2="111" type="PPrel">
        <subtype name="activation" value="--&gt;"/>
        <subtype name="phosphorylation" value="+p"/>
    </relation>
    <relation entry1="28" entry2="144" type="PPrel">
        <subtype name="activation" value="--&gt;"/>
        <subtype name="phosphorylation" value="+p"/>
    </relation>
    <relation entry1="28" entry2="177" type="GErel">
        <subtype name="expression" value="--&gt;"/>
        <subtype name="indirect effect" value="..&gt;"/>
    </relation>
    <relation entry1="94" entry2="95" type="PPrel">
        <subtype name="activation" value="--&gt;"/>
        <subtype name="indirect effect" value="..&gt;"/>
    </relation>
    <relation entry1="155" entry2="105" type="PPrel">
        <subtype name="binding/association" value="---"/>
    </relation>
    <relation entry1="88" entry2="89" type="PPrel">
        <subtype name="activation" value="--&gt;"/>
        <subtype name="phosphorylation" value="+p"/>
    </relation>
    <relation entry1="89" entry2="90" type="PPrel">
        <subtype name="activation" value="--&gt;"/>
        <subtype name="phosphorylation" value="+p"/>
    </relation>
</pathway>
