<?xml version="1.0"?>
<!DOCTYPE pathway SYSTEM "http://www.kegg.jp/kegg/xml/KGML_v0.7.2_.dtd">
<!-- Creation date: Jul 21, 2010 12:06:32 +0900 (GMT+09:00) -->
<pathway name="path:hsa04962" org="hsa" number="04962"
         title="Vasopressin-regulated water reabsorption"
         image="http://www.kegg.jp/kegg/pathway/hsa/hsa04962.png"
         link="http://www.kegg.jp/kegg-bin/show_pathway?hsa04962">
    <entry id="10" name="path:hsa04962" type="map"
        link="http://www.kegg.jp/dbget-bin/www_bget?hsa04962">
        <graphics name="TITLE:Vasopressin-regulated water reabsorption" fgcolor="#000000" bgcolor="#FFFFFF"
             type="roundrectangle" x="237" y="58" width="393" height="25"/>
    </entry>
    <entry id="22" name="path:hsa04530" type="map"
        link="http://www.kegg.jp/dbget-bin/www_bget?hsa04530">
        <graphics name="Tight junction" fgcolor="#000000" bgcolor="#FFFFFF"
             type="roundrectangle" x="252" y="117" width="115" height="25"/>
    </entry>
    <entry id="25" name="cpd:C00575" type="compound"
        link="http://www.kegg.jp/dbget-bin/www_bget?C00575">
        <graphics name="C00575" fgcolor="#000000" bgcolor="#FFFFFF"
             type="circle" x="519" y="364" width="8" height="8"/>
    </entry>
    <entry id="26" name="hsa:551" type="gene"
        link="http://www.kegg.jp/dbget-bin/www_bget?hsa:551">
        <graphics name="AVP, ADH, ARVP, AVP-NPII, AVRP, VP" fgcolor="#000000" bgcolor="#BFFFBF"
             type="rectangle" x="664" y="308" width="46" height="17"/>
    </entry>
    <entry id="27" name="hsa:554" type="gene"
        link="http://www.kegg.jp/dbget-bin/www_bget?hsa:554">
        <graphics name="AVPR2, ADHR, DI1, DIR, DIR3, NDI, V2R" fgcolor="#000000" bgcolor="#BFFFBF"
             type="rectangle" x="580" y="307" width="46" height="17"/>
    </entry>
    <entry id="28" name="hsa:2778" type="gene"
        link="http://www.kegg.jp/dbget-bin/www_bget?hsa:2778">
        <graphics name="GNAS, AHO, C20orf45, GNAS1, GPSA, GSA, GSP, NESP, PITA3, POH, SCG6, SgVI" fgcolor="#000000" bgcolor="#BFFFBF"
             type="rectangle" x="530" y="333" width="46" height="17"/>
    </entry>
    <entry id="29" name="hsa:109 hsa:112 hsa:115" type="gene"
        link="http://www.kegg.jp/dbget-bin/www_bget?hsa:109+hsa:112+hsa:115">
        <graphics name="ADCY3, AC-III, AC3, BMIQ19..." fgcolor="#000000" bgcolor="#BFFFBF"
             type="rectangle" x="582" y="365" width="46" height="17"/>
    </entry>
    <entry id="30" name="hsa:5566 hsa:5567 hsa:5568" type="gene"
        link="http://www.kegg.jp/dbget-bin/www_bget?hsa:5566+hsa:5567+hsa:5568">
        <graphics name="PRKACA, PKACA, PPNAD4..." fgcolor="#000000" bgcolor="#BFFFBF"
             type="rectangle" x="463" y="365" width="46" height="17"/>
    </entry>
    <entry id="31" name="hsa:10488 hsa:1385 hsa:148327 hsa:64764 hsa:84699 hsa:90993 hsa:9586" type="gene"
        link="http://www.kegg.jp/dbget-bin/www_bget?hsa:10488+hsa:1385+hsa:148327+hsa:64764+hsa:84699+hsa:90993+hsa:9586">
        <graphics name="CREB3, LUMAN, LZIP, sLZIP..." fgcolor="#000000" bgcolor="#BFFFBF"
             type="rectangle" x="464" y="429" width="46" height="17"/>
    </entry>
    <entry id="35" name="hsa:359" type="gene"
        link="http://www.kegg.jp/dbget-bin/www_bget?hsa:359">
        <graphics name="AQP2, AQP-CD, WCH-CD" fgcolor="#000000" bgcolor="#BFFFBF"
             type="rectangle" x="370" y="365" width="46" height="17"/>
    </entry>
    <entry id="40" name="hsa:359" type="gene"
        link="http://www.kegg.jp/dbget-bin/www_bget?hsa:359">
        <graphics name="AQP2, AQP-CD, WCH-CD" fgcolor="#000000" bgcolor="#BFFFBF"
             type="rectangle" x="398" y="631" width="46" height="17"/>
    </entry>
    <entry id="41" name="hsa:359" type="gene"
        link="http://www.kegg.jp/dbget-bin/www_bget?hsa:359">
        <graphics name="AQP2, AQP-CD, WCH-CD" fgcolor="#000000" bgcolor="#BFFFBF"
             type="rectangle" x="293" y="444" width="46" height="17"/>
    </entry>
    <entry id="42" name="hsa:359" type="gene"
        link="http://www.kegg.jp/dbget-bin/www_bget?hsa:359">
        <graphics name="AQP2, AQP-CD, WCH-CD" fgcolor="#000000" bgcolor="#BFFFBF"
             type="rectangle" x="159" y="534" width="46" height="17"/>
    </entry>
    <entry id="43" name="cpd:C00001" type="compound"
        link="http://www.kegg.jp/dbget-bin/www_bget?C00001">
        <graphics name="C00001" fgcolor="#000000" bgcolor="#FFFFFF"
             type="circle" x="105" y="531" width="8" height="8"/>
    </entry>
    <entry id="44" name="path:hsa04144" type="map"
        link="http://www.kegg.jp/dbget-bin/www_bget?hsa04144">
        <graphics name="Endocytosis" fgcolor="#000000" bgcolor="#FFFFFF"
             type="roundrectangle" x="286" y="580" width="92" height="25"/>
    </entry>
    <entry id="48" name="hsa:359" type="gene"
        link="http://www.kegg.jp/dbget-bin/www_bget?hsa:359">
        <graphics name="AQP2, AQP-CD, WCH-CD" fgcolor="#000000" bgcolor="#BFFFBF"
             type="rectangle" x="244" y="628" width="46" height="17"/>
    </entry>
    <entry id="49" name="hsa:361" type="gene"
        link="http://www.kegg.jp/dbget-bin/www_bget?hsa:361">
        <graphics name="AQP4, MIWC, WCH4" fgcolor="#000000" bgcolor="#BFFFBF"
             type="rectangle" x="579" y="516" width="46" height="17"/>
    </entry>
    <entry id="50" name="cpd:C00001" type="compound"
        link="http://www.kegg.jp/dbget-bin/www_bget?C00001">
        <graphics name="C00001" fgcolor="#000000" bgcolor="#FFFFFF"
             type="circle" x="637" y="514" width="8" height="8"/>
    </entry>
    <entry id="55" name="hsa:360" type="gene"
        link="http://www.kegg.jp/dbget-bin/www_bget?hsa:360">
        <graphics name="AQP3, AQP-3, GIL" fgcolor="#000000" bgcolor="#BFFFBF"
             type="rectangle" x="580" y="547" width="46" height="17"/>
    </entry>
    <entry id="56" name="cpd:C00001" type="compound"
        link="http://www.kegg.jp/dbget-bin/www_bget?C00001">
        <graphics name="C00001" fgcolor="#000000" bgcolor="#FFFFFF"
             type="circle" x="637" y="548" width="8" height="8"/>
    </entry>
    <entry id="63" name="hsa:359" type="gene"
        link="http://www.kegg.jp/dbget-bin/www_bget?hsa:359">
        <graphics name="AQP2, AQP-CD, WCH-CD" fgcolor="#000000" bgcolor="#BFFFBF"
             type="rectangle" x="106" y="631" width="46" height="17"/>
    </entry>
    <entry id="64" name="hsa:396 hsa:397 hsa:398" type="gene"
        link="http://www.kegg.jp/dbget-bin/www_bget?hsa:396+hsa:397+hsa:398">
        <graphics name="ARHGDIA, GDIA1, HEL-S-47e, NPHS8, RHOGDI, RHOGDI-1..." fgcolor="#000000" bgcolor="#BFFFBF"
             type="rectangle" x="400" y="273" width="46" height="17"/>
    </entry>
    <entry id="68" name="hsa:360" type="gene"
        link="http://www.kegg.jp/dbget-bin/www_bget?hsa:360">
        <graphics name="AQP3, AQP-3, GIL" fgcolor="#000000" bgcolor="#BFFFBF"
             type="rectangle" x="465" y="718" width="46" height="17"/>
    </entry>
    <entry id="70" name="cpd:C00001" type="compound"
        link="http://www.kegg.jp/dbget-bin/www_bget?C00001">
        <graphics name="C00001" fgcolor="#000000" bgcolor="#FFFFFF"
             type="circle" x="655" y="748" width="8" height="8"/>
    </entry>
    <entry id="71" name="hsa:8766 hsa:9230" type="gene"
        link="http://www.kegg.jp/dbget-bin/www_bget?hsa:8766+hsa:9230">
        <graphics name="RAB11A, YL8..." fgcolor="#000000" bgcolor="#BFFFBF"
             type="rectangle" x="386" y="343" width="46" height="17"/>
    </entry>
    <entry id="72" name="hsa:5868 hsa:5869 hsa:5878" type="gene"
        link="http://www.kegg.jp/dbget-bin/www_bget?hsa:5868+hsa:5869+hsa:5878">
        <graphics name="RAB5A, RAB5..." fgcolor="#000000" bgcolor="#BFFFBF"
             type="rectangle" x="409" y="606" width="46" height="17"/>
    </entry>
    <entry id="74" name="hsa:6810" type="gene"
        link="http://www.kegg.jp/dbget-bin/www_bget?hsa:6810">
        <graphics name="STX4, STX4A, p35-2" fgcolor="#000000" bgcolor="#BFFFBF"
             type="rectangle" x="159" y="445" width="46" height="17"/>
    </entry>
    <entry id="75" name="hsa:6844" type="gene"
        link="http://www.kegg.jp/dbget-bin/www_bget?hsa:6844">
        <graphics name="VAMP2, SYB2, VAMP-2" fgcolor="#000000" bgcolor="#BFFFBF"
             type="rectangle" x="227" y="445" width="46" height="17"/>
    </entry>
    <entry id="76" name="hsa:4905" type="gene"
        link="http://www.kegg.jp/dbget-bin/www_bget?hsa:4905">
        <graphics name="NSF, SEC18, SKD2" fgcolor="#000000" bgcolor="#BFFFBF"
             type="rectangle" x="200" y="462" width="46" height="17"/>
    </entry>
    <entry id="78" name="hsa:10540 hsa:10671 hsa:1639 hsa:51164 hsa:84516" type="gene"
        link="http://www.kegg.jp/dbget-bin/www_bget?hsa:10540+hsa:10671+hsa:1639+hsa:51164+hsa:84516">
        <graphics name="DCTN2, DCTN50, DYNAMITIN, HEL-S-77, RBP50..." fgcolor="#000000" bgcolor="#BFFFBF"
             type="rectangle" x="335" y="331" width="46" height="17"/>
    </entry>
    <entry id="79" name="hsa:140735 hsa:1778 hsa:1780 hsa:1781 hsa:1783 hsa:51143 hsa:51626 hsa:79659 hsa:8655" type="gene"
        link="http://www.kegg.jp/dbget-bin/www_bget?hsa:140735+hsa:1778+hsa:1780+hsa:1781+hsa:1783+hsa:51143+hsa:51626+hsa:79659+hsa:8655">
        <graphics name="DYNLL2, DNCL1B, Dlc2, RSPH22..." fgcolor="#000000" bgcolor="#BFFFBF"
             type="rectangle" x="335" y="314" width="46" height="17"/>
    </entry>
    <relation entry1="26" entry2="27" type="PPrel">
        <subtype name="activation" value="--&gt;"/>
    </relation>
    <relation entry1="27" entry2="28" type="PPrel">
        <subtype name="activation" value="--&gt;"/>
    </relation>
    <relation entry1="28" entry2="29" type="PPrel">
        <subtype name="activation" value="--&gt;"/>
    </relation>
    <relation entry1="29" entry2="25" type="PCrel">
        <subtype name="activation" value="--&gt;"/>
    </relation>
    <relation entry1="25" entry2="30" type="PCrel">
        <subtype name="activation" value="--&gt;"/>
    </relation>
    <relation entry1="30" entry2="64" type="PPrel">
        <subtype name="activation" value="--&gt;"/>
    </relation>
    <relation entry1="30" entry2="31" type="PPrel">
        <subtype name="activation" value="--&gt;"/>
    </relation>
    <relation entry1="31" entry2="35" type="GErel">
        <subtype name="expression" value="--&gt;"/>
    </relation>
    <relation entry1="30" entry2="35" type="PPrel">
        <subtype name="activation" value="--&gt;"/>
        <subtype name="phosphorylation" value="+p"/>
    </relation>
    <relation entry1="75" entry2="74" type="PPrel">
        <subtype name="binding/association" value="---"/>
    </relation>
</pathway>
