<?xml version="1.0"?>
<!DOCTYPE pathway SYSTEM "http://www.kegg.jp/kegg/xml/KGML_v0.7.2_.dtd">
<!-- Creation date: Jul 31, 2019 09:39:51 +0900 (GMT+9) -->
<pathway name="path:hsa04929" org="hsa" number="04929"
         title="GnRH secretion"
         image="http://www.kegg.jp/kegg/pathway/hsa/hsa04929.png"
         link="http://www.kegg.jp/kegg-bin/show_pathway?hsa04929">
    <entry id="15" name="path:hsa04929" type="map"
        link="http://www.kegg.jp/dbget-bin/www_bget?hsa04929">
        <graphics name="TITLE:GnRH secretion" fgcolor="#000000" bgcolor="#FFFFFF"
             type="roundrectangle" x="120" y="58" width="159" height="25"/>
    </entry>
    <entry id="18" name="hsa:2767 hsa:2776" type="gene"
        link="http://www.kegg.jp/dbget-bin/www_bget?hsa:2767+hsa:2776">
        <graphics name="GNA11, FBH, FBH2, FHH2, GNA-11, HHC2, HYPOC2..." fgcolor="#000000" bgcolor="#BFFFBF"
             type="rectangle" x="559" y="270" width="46" height="17"/>
    </entry>
    <entry id="19" name="hsa:23236 hsa:5330 hsa:5331 hsa:5332" type="gene"
        link="http://www.kegg.jp/dbget-bin/www_bget?hsa:23236+hsa:5330+hsa:5331+hsa:5332">
        <graphics name="PLCB1, EIEE12, PI-PLC, PLC-154, PLC-I, PLC-beta-1, PLC154, PLCB1A, PLCB1B..." fgcolor="#000000" bgcolor="#BFFFBF"
             type="rectangle" x="662" y="270" width="46" height="17"/>
    </entry>
    <entry id="21" name="cpd:C01245" type="compound"
        link="http://www.kegg.jp/dbget-bin/www_bget?C01245">
        <graphics name="C01245" fgcolor="#000000" bgcolor="#FFFFFF"
             type="circle" x="732" y="310" width="8" height="8"/>
    </entry>
    <entry id="22" name="cpd:C00165" type="compound"
        link="http://www.kegg.jp/dbget-bin/www_bget?C00165">
        <graphics name="C00165" fgcolor="#000000" bgcolor="#FFFFFF"
             type="circle" x="732" y="259" width="8" height="8"/>
    </entry>
    <entry id="25" name="hsa:3708 hsa:3709 hsa:3710" type="gene"
        link="http://www.kegg.jp/dbget-bin/www_bget?hsa:3708+hsa:3709+hsa:3710">
        <graphics name="ITPR1, ACV, CLA4, INSP3R1, IP3R, IP3R1, PPP1R94, SCA15, SCA16, SCA29..." fgcolor="#000000" bgcolor="#BFFFBF"
             type="rectangle" x="847" y="341" width="46" height="17"/>
    </entry>
    <entry id="27" name="cpd:C00076" type="compound"
        link="http://www.kegg.jp/dbget-bin/www_bget?C00076">
        <graphics name="C00076" fgcolor="#000000" bgcolor="#FFFFFF"
             type="circle" x="846" y="305" width="8" height="8"/>
    </entry>
    <entry id="28" name="hsa:5578 hsa:5579 hsa:5582" type="gene"
        link="http://www.kegg.jp/dbget-bin/www_bget?hsa:5578+hsa:5579+hsa:5582">
        <graphics name="PRKCA, AAG6, PKC-alpha, PKCA, PKCI+/-, PKCalpha, PRKACA..." fgcolor="#000000" bgcolor="#BFFFBF"
             type="rectangle" x="847" y="261" width="46" height="17"/>
    </entry>
    <entry id="32" name="path:hsa04020" type="map"
        link="http://www.kegg.jp/dbget-bin/www_bget?hsa04020">
        <graphics name="Calcium signaling pathway" fgcolor="#000000" bgcolor="#FFFFFF"
             type="roundrectangle" x="603" y="229" width="123" height="34"/>
    </entry>
    <entry id="33" name="hsa:5290 hsa:5291 hsa:5293 hsa:5295 hsa:5296 hsa:8503" type="gene"
        link="http://www.kegg.jp/dbget-bin/www_bget?hsa:5290+hsa:5291+hsa:5293+hsa:5295+hsa:5296+hsa:8503">
        <graphics name="PIK3CA, CLAPO, CLOVE, CWS5, MCAP, MCM, MCMTC, PI3K, PI3K-alpha, p110-alpha..." fgcolor="#000000" bgcolor="#BFFFBF"
             type="rectangle" x="668" y="502" width="46" height="17"/>
    </entry>
    <entry id="34" name="hsa:10000 hsa:207 hsa:208" type="gene"
        link="http://www.kegg.jp/dbget-bin/www_bget?hsa:10000+hsa:207+hsa:208">
        <graphics name="AKT3, MPPH, MPPH2, PKB-GAMMA, PKBG, PRKBG, RAC-PK-gamma, RAC-gamma, STK-2..." fgcolor="#000000" bgcolor="#BFFFBF"
             type="rectangle" x="739" y="502" width="46" height="17"/>
    </entry>
    <entry id="36" name="hsa:8911 hsa:8912 hsa:8913" type="gene"
        link="http://www.kegg.jp/dbget-bin/www_bget?hsa:8911+hsa:8912+hsa:8913">
        <graphics name="CACNA1I, Cav3.3, ca(v)3.3..." fgcolor="#000000" bgcolor="#BFFFBF"
             type="rectangle" x="659" y="104" width="46" height="17"/>
    </entry>
    <entry id="37" name="cpd:C00076" type="compound"
        link="http://www.kegg.jp/dbget-bin/www_bget?C00076">
        <graphics name="C00076" fgcolor="#000000" bgcolor="#FFFFFF"
             type="circle" x="658" y="61" width="8" height="8"/>
    </entry>
    <entry id="38" name="hsa:3265 hsa:3845 hsa:4893" type="gene"
        link="http://www.kegg.jp/dbget-bin/www_bget?hsa:3265+hsa:3845+hsa:4893">
        <graphics name="HRAS, C-BAS/HAS, C-H-RAS, C-HA-RAS1, CTLO, H-RASIDX, HAMSV, HRAS1, KRAS, KRAS2, Ki-Ras, RASH1, RASK2, c-K-ras, c-Ki-ras, p21ras..." fgcolor="#000000" bgcolor="#BFFFBF"
             type="rectangle" x="595" y="459" width="46" height="17"/>
    </entry>
    <entry id="39" name="hsa:5604 hsa:5605" type="gene"
        link="http://www.kegg.jp/dbget-bin/www_bget?hsa:5604+hsa:5605">
        <graphics name="MAP2K1, CFC3, MAPKK1, MEK1, MKK1, PRKMK1..." fgcolor="#000000" bgcolor="#BFFFBF"
             type="rectangle" x="739" y="459" width="46" height="17"/>
    </entry>
    <entry id="40" name="hsa:5594 hsa:5595" type="gene"
        link="http://www.kegg.jp/dbget-bin/www_bget?hsa:5594+hsa:5595">
        <graphics name="MAPK1, ERK, ERK-2, ERK2, ERT1, MAPK2, P42MAPK, PRKM1, PRKM2, p38, p40, p41, p41mapk, p42-MAPK..." fgcolor="#000000" bgcolor="#BFFFBF"
             type="rectangle" x="812" y="459" width="46" height="17"/>
    </entry>
    <entry id="44" name="hsa:3760 hsa:3762 hsa:3763 hsa:3765 hsa:3767" type="gene"
        link="http://www.kegg.jp/dbget-bin/www_bget?hsa:3760+hsa:3762+hsa:3763+hsa:3765+hsa:3767">
        <graphics name="KCNJ3, GIRK1, KGA, KIR3.1..." fgcolor="#000000" bgcolor="#BFFFBF"
             type="rectangle" x="790" y="104" width="46" height="17"/>
    </entry>
    <entry id="45" name="cpd:C00238" type="compound"
        link="http://www.kegg.jp/dbget-bin/www_bget?C00238">
        <graphics name="C00238" fgcolor="#000000" bgcolor="#FFFFFF"
             type="circle" x="789" y="154" width="8" height="8"/>
    </entry>
    <entry id="46" name="cpd:C04637" type="compound"
        link="http://www.kegg.jp/dbget-bin/www_bget?C04637">
        <graphics name="C04637" fgcolor="#000000" bgcolor="#FFFFFF"
             type="circle" x="622" y="286" width="8" height="8"/>
    </entry>
    <entry id="47" name="path:hsa04010" type="map"
        link="http://www.kegg.jp/dbget-bin/www_bget?hsa04010">
        <graphics name="MAPK signaling pathway" fgcolor="#000000" bgcolor="#FFFFFF"
             type="roundrectangle" x="586" y="408" width="110" height="34"/>
    </entry>
    <entry id="48" name="hsa:84634" type="gene"
        link="http://www.kegg.jp/dbget-bin/www_bget?hsa:84634">
        <graphics name="KISS1R, AXOR12, CPPB1, GPR54, HH8, HOT7T175, KISS-1R" fgcolor="#000000" bgcolor="#BFFFBF"
             type="rectangle" x="455" y="270" width="46" height="17"/>
    </entry>
    <entry id="49" name="hsa:408 hsa:409" type="gene"
        link="http://www.kegg.jp/dbget-bin/www_bget?hsa:408+hsa:409">
        <graphics name="ARRB1, ARB1, ARR1..." fgcolor="#000000" bgcolor="#BFFFBF"
             type="rectangle" x="616" y="327" width="46" height="17"/>
    </entry>
    <entry id="50" name="hsa:408 hsa:409" type="gene"
        link="http://www.kegg.jp/dbget-bin/www_bget?hsa:408+hsa:409">
        <graphics name="ARRB1, ARB1, ARR1..." fgcolor="#000000" bgcolor="#BFFFBF"
             type="rectangle" x="616" y="352" width="46" height="17"/>
    </entry>
    <entry id="51" name="hsa:3814" type="gene"
        link="http://www.kegg.jp/dbget-bin/www_bget?hsa:3814">
        <graphics name="KISS1, HH13, KiSS-1" fgcolor="#000000" bgcolor="#BFFFBF"
             type="rectangle" x="377" y="270" width="46" height="17"/>
    </entry>
    <entry id="53" name="hsa:7220 hsa:7223 hsa:7224" type="gene"
        link="http://www.kegg.jp/dbget-bin/www_bget?hsa:7220+hsa:7223+hsa:7224">
        <graphics name="TRPC1, HTRP-1, TRP1..." fgcolor="#000000" bgcolor="#BFFFBF"
             type="rectangle" x="714" y="104" width="46" height="17"/>
    </entry>
    <entry id="56" name="path:hsa04912" type="map"
        link="http://www.kegg.jp/dbget-bin/www_bget?hsa04912">
        <graphics name="GnRH signaling pathway" fgcolor="#000000" bgcolor="#FFFFFF"
             type="roundrectangle" x="1429" y="766" width="110" height="34"/>
    </entry>
    <entry id="57" name="cpd:C00951" type="compound"
        link="http://www.kegg.jp/dbget-bin/www_bget?C00951">
        <graphics name="C00951" fgcolor="#000000" bgcolor="#FFFFFF"
             type="circle" x="90" y="303" width="8" height="8"/>
    </entry>
    <entry id="59" name="cpd:C00076 cpd:C01330" type="compound"
        link="http://www.kegg.jp/dbget-bin/www_bget?C00076+C01330">
        <graphics name="C00076..." fgcolor="#000000" bgcolor="#FFFFFF"
             type="circle" x="715" y="61" width="8" height="8"/>
    </entry>
    <entry id="84" name="hsa:2796 hsa:2797" type="gene"
        link="http://www.kegg.jp/dbget-bin/www_bget?hsa:2796+hsa:2797">
        <graphics name="GNRH1, GNRH, GRH, LHRH, LNRH..." fgcolor="#000000" bgcolor="#BFFFBF"
             type="rectangle" x="1091" y="477" width="46" height="17"/>
    </entry>
    <entry id="85" name="hsa:2796 hsa:2797" type="gene"
        link="http://www.kegg.jp/dbget-bin/www_bget?hsa:2796+hsa:2797">
        <graphics name="GNRH1, GNRH, GRH, LHRH, LNRH..." fgcolor="#000000" bgcolor="#BFFFBF"
             type="rectangle" x="1384" y="477" width="46" height="17"/>
    </entry>
    <entry id="87" name="hsa:2796 hsa:2797" type="gene"
        link="http://www.kegg.jp/dbget-bin/www_bget?hsa:2796+hsa:2797">
        <graphics name="GNRH1, GNRH, GRH, LHRH, LNRH..." fgcolor="#000000" bgcolor="#BFFFBF"
             type="rectangle" x="972" y="477" width="46" height="17"/>
    </entry>
    <entry id="97" name="hsa:3814" type="gene"
        link="http://www.kegg.jp/dbget-bin/www_bget?hsa:3814">
        <graphics name="KISS1, HH13, KiSS-1" fgcolor="#000000" bgcolor="#BFFFBF"
             type="rectangle" x="241" y="215" width="46" height="17"/>
    </entry>
    <entry id="98" name="hsa:3814" type="gene"
        link="http://www.kegg.jp/dbget-bin/www_bget?hsa:3814">
        <graphics name="KISS1, HH13, KiSS-1" fgcolor="#000000" bgcolor="#BFFFBF"
             type="rectangle" x="241" y="414" width="46" height="17"/>
    </entry>
    <entry id="103" name="path:hsa04913" type="map"
        link="http://www.kegg.jp/dbget-bin/www_bget?hsa04913">
        <graphics name="Ovarian steroidogenesis" fgcolor="#000000" bgcolor="#FFFFFF"
             type="roundrectangle" x="101" y="770" width="141" height="25"/>
    </entry>
    <entry id="107" name="path:hsa04151" type="map"
        link="http://www.kegg.jp/dbget-bin/www_bget?hsa04151">
        <graphics name="PI3K-Akt signaling pathway" fgcolor="#000000" bgcolor="#FFFFFF"
             type="roundrectangle" x="589" y="533" width="121" height="34"/>
    </entry>
    <entry id="109" name="hsa:2550 hsa:9568" type="gene"
        link="http://www.kegg.jp/dbget-bin/www_bget?hsa:2550+hsa:9568">
        <graphics name="GABBR1, GABABR1, GABBR1-3, GB1, GPRC3A..." fgcolor="#000000" bgcolor="#BFFFBF"
             type="rectangle" x="850" y="104" width="46" height="17"/>
    </entry>
    <entry id="110" name="hsa:348980 hsa:57657 hsa:610" type="gene"
        link="http://www.kegg.jp/dbget-bin/www_bget?hsa:348980+hsa:57657+hsa:610">
        <graphics name="HCN1, BCNG-1, BCNG1, EIEE24, GEFSP10, HAC-2..." fgcolor="#000000" bgcolor="#BFFFBF"
             type="rectangle" x="455" y="191" width="46" height="17"/>
    </entry>
    <entry id="111" name="cpd:C00238" type="compound"
        link="http://www.kegg.jp/dbget-bin/www_bget?C00238">
        <graphics name="C00238" fgcolor="#000000" bgcolor="#FFFFFF"
             type="circle" x="506" y="187" width="8" height="8"/>
    </entry>
    <entry id="112" name="cpd:C01330" type="compound"
        link="http://www.kegg.jp/dbget-bin/www_bget?C01330">
        <graphics name="C01330" fgcolor="#000000" bgcolor="#FFFFFF"
             type="circle" x="404" y="195" width="8" height="8"/>
    </entry>
    <entry id="113" name="hsa:1081 hsa:6696" type="gene"
        link="http://www.kegg.jp/dbget-bin/www_bget?hsa:1081+hsa:6696">
        <graphics name="CGA, CG-ALPHA, FSHA, GPA1, GPHA1, GPHa, HCG, LHA, TSHA..." fgcolor="#000000" bgcolor="#BFFFBF"
             type="rectangle" x="760" y="749" width="46" height="17"/>
    </entry>
    <entry id="114" name="hsa:1081 hsa:3972" type="gene"
        link="http://www.kegg.jp/dbget-bin/www_bget?hsa:1081+hsa:3972">
        <graphics name="CGA, CG-ALPHA, FSHA, GPA1, GPHA1, GPHa, HCG, LHA, TSHA..." fgcolor="#000000" bgcolor="#BFFFBF"
             type="rectangle" x="760" y="727" width="46" height="17"/>
    </entry>
    <entry id="125" name="cpd:C00951" type="compound"
        link="http://www.kegg.jp/dbget-bin/www_bget?C00951">
        <graphics name="C00951" fgcolor="#000000" bgcolor="#FFFFFF"
             type="circle" x="373" y="569" width="8" height="8"/>
    </entry>
    <entry id="126" name="hsa:2852" type="gene"
        link="http://www.kegg.jp/dbget-bin/www_bget?hsa:2852">
        <graphics name="GPER1, CEPR, CMKRL2, DRY12, FEG-1, GPCR-Br, GPER, GPR30, LERGU, LERGU2, LyGPR, mER" fgcolor="#000000" bgcolor="#BFFFBF"
             type="rectangle" x="457" y="615" width="46" height="17"/>
    </entry>
    <entry id="127" name="hsa:2100" type="gene"
        link="http://www.kegg.jp/dbget-bin/www_bget?hsa:2100">
        <graphics name="ESR2, ER-BETA, ESR-BETA, ESRB, ESTRB, Erb, NR3A2, ODG8" fgcolor="#000000" bgcolor="#BFFFBF"
             type="rectangle" x="671" y="568" width="46" height="17"/>
    </entry>
    <entry id="134" name="hsa:8913" type="gene"
        link="http://www.kegg.jp/dbget-bin/www_bget?hsa:8913">
        <graphics name="CACNA1G, Ca(V)T.1, Cav3.1, NBR13, SCA42, SCA42ND" fgcolor="#000000" bgcolor="#BFFFBF"
             type="rectangle" x="972" y="570" width="46" height="17"/>
    </entry>
    <entry id="135" name="hsa:8912" type="gene"
        link="http://www.kegg.jp/dbget-bin/www_bget?hsa:8912">
        <graphics name="CACNA1H, CACNA1HB, Cav3.2, ECA6, EIG6, HALD4" fgcolor="#000000" bgcolor="#BFFFBF"
             type="rectangle" x="972" y="592" width="46" height="17"/>
    </entry>
    <entry id="136" name="hsa:8911" type="gene"
        link="http://www.kegg.jp/dbget-bin/www_bget?hsa:8911">
        <graphics name="CACNA1I, Cav3.3, ca(v)3.3" fgcolor="#000000" bgcolor="#BFFFBF"
             type="rectangle" x="972" y="614" width="46" height="17"/>
    </entry>
    <entry id="137" name="path:hsa04915" type="map"
        link="http://www.kegg.jp/dbget-bin/www_bget?hsa04915">
        <graphics name="Estrogen signaling pathway" fgcolor="#000000" bgcolor="#FFFFFF"
             type="roundrectangle" x="761" y="632" width="110" height="34"/>
    </entry>
    <entry id="139" name="hsa:3780 hsa:3781 hsa:3782 hsa:3783" type="gene"
        link="http://www.kegg.jp/dbget-bin/www_bget?hsa:3780+hsa:3781+hsa:3782+hsa:3783">
        <graphics name="KCNN1, KCa2.1, SK1, SKCA1, hSK1..." fgcolor="#000000" bgcolor="#BFFFBF"
             type="rectangle" x="985" y="104" width="46" height="17"/>
    </entry>
    <entry id="140" name="cpd:C00238" type="compound"
        link="http://www.kegg.jp/dbget-bin/www_bget?C00238">
        <graphics name="C00238" fgcolor="#000000" bgcolor="#FFFFFF"
             type="circle" x="986" y="155" width="8" height="8"/>
    </entry>
    <entry id="148" name="cpd:C00535" type="compound"
        link="http://www.kegg.jp/dbget-bin/www_bget?C00535">
        <graphics name="C00535" fgcolor="#000000" bgcolor="#FFFFFF"
             type="circle" x="149" y="424" width="8" height="8"/>
    </entry>
    <entry id="152" name="hsa:775 hsa:776 hsa:778 hsa:779" type="gene"
        link="http://www.kegg.jp/dbget-bin/www_bget?hsa:775+hsa:776+hsa:778+hsa:779">
        <graphics name="CACNA1C, CACH2, CACN2, CACNL1A1, CCHL1A1, CaV1.2, LQT8, TS, TS._LQT8..." fgcolor="#000000" bgcolor="#BFFFBF"
             type="rectangle" x="1149" y="104" width="46" height="17"/>
    </entry>
    <entry id="153" name="cpd:C00076" type="compound"
        link="http://www.kegg.jp/dbget-bin/www_bget?C00076">
        <graphics name="C00076" fgcolor="#000000" bgcolor="#FFFFFF"
             type="circle" x="1148" y="61" width="8" height="8"/>
    </entry>
    <entry id="155" name="hsa:5894" type="gene"
        link="http://www.kegg.jp/dbget-bin/www_bget?hsa:5894">
        <graphics name="RAF1, CMD1NN, CRAF, NS5, Raf-1, c-Raf" fgcolor="#000000" bgcolor="#BFFFBF"
             type="rectangle" x="668" y="459" width="46" height="17"/>
    </entry>
    <entry id="158" name="cpd:C00334" type="compound"
        link="http://www.kegg.jp/dbget-bin/www_bget?C00334">
        <graphics name="C00334" fgcolor="#000000" bgcolor="#FFFFFF"
             type="circle" x="849" y="58" width="8" height="8"/>
    </entry>
    <relation entry1="51" entry2="48" type="PPrel">
    </relation>
    <relation entry1="48" entry2="18" type="PPrel">
    </relation>
    <relation entry1="18" entry2="19" type="PPrel">
    </relation>
    <relation entry1="19" entry2="22" type="PCrel">
    </relation>
    <relation entry1="22" entry2="28" type="PCrel">
    </relation>
    <relation entry1="19" entry2="21" type="PCrel">
    </relation>
    <relation entry1="21" entry2="25" type="PCrel">
    </relation>
    <relation entry1="25" entry2="27" type="PCrel">
    </relation>
    <relation entry1="27" entry2="28" type="PCrel">
    </relation>
    <relation entry1="22" entry2="53" type="PCrel">
    </relation>
    <relation entry1="36" entry2="53" type="PPrel">
    </relation>
    <relation entry1="109" entry2="44" type="PPrel">
    </relation>
    <relation entry1="38" entry2="155" type="PPrel">
    </relation>
    <relation entry1="125" entry2="127" type="PCrel">
    </relation>
    <relation entry1="125" entry2="126" type="PCrel">
    </relation>
    <relation entry1="57" entry2="97" type="PCrel">
    </relation>
    <relation entry1="28" entry2="38" type="PPrel">
    </relation>
    <relation entry1="48" entry2="33" type="PPrel">
    </relation>
    <relation entry1="40" entry2="87" type="PPrel">
    </relation>
    <relation entry1="34" entry2="87" type="PPrel">
    </relation>
    <relation entry1="155" entry2="39" type="PPrel">
    </relation>
    <relation entry1="39" entry2="40" type="PPrel">
    </relation>
    <relation entry1="33" entry2="34" type="PPrel">
    </relation>
    <relation entry1="22" entry2="44" type="PCrel">
    </relation>
    <relation entry1="28" entry2="139" type="PPrel">
    </relation>
    <relation entry1="49" entry2="40" type="PPrel">
    </relation>
    <relation entry1="48" entry2="49" type="PPrel">
    </relation>
    <relation entry1="48" entry2="50" type="PPrel">
    </relation>
    <relation entry1="50" entry2="40" type="PPrel">
    </relation>
    <relation entry1="127" entry2="134" type="PPrel">
    </relation>
    <relation entry1="127" entry2="135" type="PPrel">
    </relation>
    <relation entry1="127" entry2="136" type="PPrel">
    </relation>
    <relation entry1="97" entry2="51" type="PPrel">
    </relation>
    <relation entry1="98" entry2="51" type="PPrel">
    </relation>
    <relation entry1="87" entry2="84" type="PPrel">
    </relation>
    <relation entry1="148" entry2="98" type="PCrel">
    </relation>
    <relation entry1="57" entry2="98" type="PCrel">
    </relation>
</pathway>
