<?xml version="1.0"?>
<!DOCTYPE pathway SYSTEM "http://www.kegg.jp/kegg/xml/KGML_v0.7.2_.dtd">
<!-- Creation date: Feb 1, 2019 16:56:36 +0900 (GMT+9) -->
<pathway name="path:hsa04934" org="hsa" number="04934"
         title="Cushing syndrome"
         image="http://www.kegg.jp/kegg/pathway/hsa/hsa04934.png"
         link="http://www.kegg.jp/kegg-bin/show_pathway?hsa04934">
    <entry id="13" name="path:hsa04934" type="map"
        link="http://www.kegg.jp/dbget-bin/www_bget?hsa04934">
        <graphics name="TITLE:Cushing syndrome" fgcolor="#000000" bgcolor="#FFFFFF"
             type="roundrectangle" x="137" y="58" width="193" height="25"/>
    </entry>
    <entry id="15" name="hsa:3708 hsa:3709 hsa:3710" type="gene"
        link="http://www.kegg.jp/dbget-bin/www_bget?hsa:3708+hsa:3709+hsa:3710">
        <graphics name="ITPR1, ACV, CLA4, INSP3R1, IP3R, IP3R1, PPP1R94, SCA15, SCA16, SCA29..." fgcolor="#000000" bgcolor="#BFFFBF"
             type="rectangle" x="555" y="661" width="46" height="17"/>
    </entry>
    <entry id="16" name="cpd:C00076" type="compound"
        link="http://www.kegg.jp/dbget-bin/www_bget?C00076">
        <graphics name="C00076" fgcolor="#000000" bgcolor="#FFFFFF"
             type="circle" x="502" y="659" width="8" height="8"/>
    </entry>
    <entry id="17" name="cpd:C00238" type="compound"
        link="http://www.kegg.jp/dbget-bin/www_bget?C00238">
        <graphics name="C00238" fgcolor="#000000" bgcolor="#FFFFFF"
             type="circle" x="181" y="639" width="8" height="8"/>
    </entry>
    <entry id="18" name="hsa:23236 hsa:5330 hsa:5331 hsa:5332" type="gene"
        link="http://www.kegg.jp/dbget-bin/www_bget?hsa:23236+hsa:5330+hsa:5331+hsa:5332">
        <graphics name="PLCB1, EIEE12, PI-PLC, PLC-154, PLC-I, PLC-beta-1, PLC154, PLCB1A, PLCB1B..." fgcolor="#000000" bgcolor="#BFFFBF"
             type="rectangle" x="472" y="596" width="46" height="17"/>
    </entry>
    <entry id="19" name="hsa:775 hsa:776 hsa:778 hsa:779" type="gene"
        link="http://www.kegg.jp/dbget-bin/www_bget?hsa:775+hsa:776+hsa:778+hsa:779">
        <graphics name="CACNA1C, CACH2, CACN2, CACNL1A1, CCHL1A1, CaV1.2, LQT8, TS, TS._LQT8..." fgcolor="#000000" bgcolor="#BFFFBF"
             type="rectangle" x="237" y="766" width="46" height="17"/>
    </entry>
    <entry id="20" name="cpd:C01245" type="compound"
        link="http://www.kegg.jp/dbget-bin/www_bget?C01245">
        <graphics name="C01245" fgcolor="#000000" bgcolor="#FFFFFF"
             type="circle" x="509" y="629" width="8" height="8"/>
    </entry>
    <entry id="22" name="hsa:2767 hsa:2776" type="gene"
        link="http://www.kegg.jp/dbget-bin/www_bget?hsa:2767+hsa:2776">
        <graphics name="GNA11, FBH, FBH2, FHH2, GNA-11, HHC2, HYPOC2..." fgcolor="#000000" bgcolor="#BFFFBF"
             type="rectangle" x="389" y="596" width="46" height="17"/>
    </entry>
    <entry id="23" name="hsa:8911 hsa:8912 hsa:8913" type="gene"
        link="http://www.kegg.jp/dbget-bin/www_bget?hsa:8911+hsa:8912+hsa:8913">
        <graphics name="CACNA1I, Cav3.3, ca(v)3.3..." fgcolor="#000000" bgcolor="#BFFFBF"
             type="rectangle" x="237" y="742" width="46" height="17"/>
    </entry>
    <entry id="25" name="cpd:C00076" type="compound"
        link="http://www.kegg.jp/dbget-bin/www_bget?C00076">
        <graphics name="C00076" fgcolor="#000000" bgcolor="#FFFFFF"
             type="circle" x="179" y="742" width="8" height="8"/>
    </entry>
    <entry id="26" name="path:hsa04020" type="map"
        link="http://www.kegg.jp/dbget-bin/www_bget?hsa04020">
        <graphics name="Calcium signaling pathway" fgcolor="#000000" bgcolor="#FFFFFF"
             type="roundrectangle" x="445" y="735" width="125" height="34"/>
    </entry>
    <entry id="27" name="hsa:10488 hsa:1385 hsa:1386 hsa:1388 hsa:148327 hsa:468 hsa:64764 hsa:84699 hsa:90993 hsa:9586" type="gene"
        link="http://www.kegg.jp/dbget-bin/www_bget?hsa:10488+hsa:1385+hsa:1386+hsa:1388+hsa:148327+hsa:468+hsa:64764+hsa:84699+hsa:90993+hsa:9586">
        <graphics name="CREB3, LUMAN, LZIP, sLZIP..." fgcolor="#000000" bgcolor="#BFFFBF"
             type="rectangle" x="786" y="681" width="46" height="17"/>
    </entry>
    <entry id="28" name="hsa:107 hsa:108 hsa:109 hsa:111 hsa:112 hsa:113 hsa:114 hsa:115 hsa:196883" type="gene"
        link="http://www.kegg.jp/dbget-bin/www_bget?hsa:107+hsa:108+hsa:109+hsa:111+hsa:112+hsa:113+hsa:114+hsa:115+hsa:196883">
        <graphics name="ADCY1, AC1, DFNB44..." fgcolor="#000000" bgcolor="#BFFFBF"
             type="rectangle" x="237" y="519" width="46" height="17"/>
    </entry>
    <entry id="29" name="cpd:C00575" type="compound"
        link="http://www.kegg.jp/dbget-bin/www_bget?C00575">
        <graphics name="C00575" fgcolor="#000000" bgcolor="#FFFFFF"
             type="circle" x="352" y="520" width="8" height="8"/>
    </entry>
    <entry id="30" name="cpd:C00020" type="compound"
        link="http://www.kegg.jp/dbget-bin/www_bget?C00020">
        <graphics name="C00020" fgcolor="#000000" bgcolor="#FFFFFF"
             type="circle" x="542" y="522" width="8" height="8"/>
    </entry>
    <entry id="33" name="hsa:5151 hsa:8622" type="gene"
        link="http://www.kegg.jp/dbget-bin/www_bget?hsa:5151+hsa:8622">
        <graphics name="PDE8A, HsT19550..." fgcolor="#000000" bgcolor="#BFFFBF"
             type="rectangle" x="416" y="504" width="46" height="17"/>
    </entry>
    <entry id="34" name="cpd:C00076" type="compound"
        link="http://www.kegg.jp/dbget-bin/www_bget?C00076">
        <graphics name="C00076" fgcolor="#000000" bgcolor="#FFFFFF"
             type="circle" x="179" y="764" width="8" height="8"/>
    </entry>
    <entry id="35" name="cpd:C00076" type="compound"
        link="http://www.kegg.jp/dbget-bin/www_bget?C00076">
        <graphics name="C00076" fgcolor="#000000" bgcolor="#FFFFFF"
             type="circle" x="379" y="762" width="8" height="8"/>
    </entry>
    <entry id="36" name="hsa:185" type="gene"
        link="http://www.kegg.jp/dbget-bin/www_bget?hsa:185">
        <graphics name="AGTR1, AG2S, AGTR1B, AT1, AT1AR, AT1B, AT1BR, AT1R, AT2R1, HAT1R" fgcolor="#000000" bgcolor="#BFFFBF"
             type="rectangle" x="237" y="567" width="46" height="17"/>
    </entry>
    <entry id="38" name="hsa:4158" type="gene"
        link="http://www.kegg.jp/dbget-bin/www_bget?hsa:4158">
        <graphics name="MC2R, ACTHR" fgcolor="#000000" bgcolor="#BFFFBF"
             type="rectangle" x="237" y="468" width="46" height="17"/>
    </entry>
    <entry id="40" name="hsa:2778" type="gene"
        link="http://www.kegg.jp/dbget-bin/www_bget?hsa:2778">
        <graphics name="GNAS, AHO, C20orf45, GNAS1, GPSA, GSA, GSP, NESP, PITA3, POH, SCG6, SgVI" fgcolor="#000000" bgcolor="#BFFFBF"
             type="rectangle" x="336" y="468" width="46" height="17"/>
    </entry>
    <entry id="46" name="hsa:6770" type="gene"
        link="http://www.kegg.jp/dbget-bin/www_bget?hsa:6770">
        <graphics name="STAR, STARD1" fgcolor="#000000" bgcolor="#BFFFBF"
             type="rectangle" x="988" y="661" width="46" height="17"/>
    </entry>
    <entry id="48" name="hsa:6770" type="gene"
        link="http://www.kegg.jp/dbget-bin/www_bget?hsa:6770">
        <graphics name="STAR, STARD1" fgcolor="#000000" bgcolor="#BFFFBF"
             type="rectangle" x="752" y="854" width="46" height="17"/>
    </entry>
    <entry id="51" name="hsa:3283 hsa:3284" type="gene"
        link="http://www.kegg.jp/dbget-bin/www_bget?hsa:3283+hsa:3284">
        <graphics name="HSD3B1, 3BETAHSD, HSD3B, HSDB3, HSDB3A, SDR11E1..." fgcolor="#000000" bgcolor="#BFFFBF"
             type="rectangle" x="941" y="923" width="46" height="17"/>
    </entry>
    <entry id="52" name="cpd:C00187" type="compound"
        link="http://www.kegg.jp/dbget-bin/www_bget?C00187">
        <graphics name="C00187" fgcolor="#000000" bgcolor="#FFFFFF"
             type="circle" x="754" y="809" width="8" height="8"/>
    </entry>
    <entry id="53" name="cpd:C01953" type="compound"
        link="http://www.kegg.jp/dbget-bin/www_bget?C01953">
        <graphics name="C01953" fgcolor="#000000" bgcolor="#FFFFFF"
             type="circle" x="914" y="885" width="8" height="8"/>
    </entry>
    <entry id="54" name="cpd:C00410" type="compound"
        link="http://www.kegg.jp/dbget-bin/www_bget?C00410">
        <graphics name="C00410" fgcolor="#000000" bgcolor="#FFFFFF"
             type="circle" x="914" y="972" width="8" height="8"/>
    </entry>
    <entry id="55" name="cpd:C05488" type="compound"
        link="http://www.kegg.jp/dbget-bin/www_bget?C05488">
        <graphics name="C05488" fgcolor="#000000" bgcolor="#FFFFFF"
             type="circle" x="914" y="1042" width="8" height="8"/>
    </entry>
    <entry id="61" name="hsa:5566 hsa:5567 hsa:5568" type="gene"
        link="http://www.kegg.jp/dbget-bin/www_bget?hsa:5566+hsa:5567+hsa:5568">
        <graphics name="PRKACA, PKACA, PPNAD4..." fgcolor="#000000" bgcolor="#BFFFBF"
             type="rectangle" x="428" y="557" width="46" height="17"/>
    </entry>
    <entry id="67" name="path:hsa04024" type="map"
        link="http://www.kegg.jp/dbget-bin/www_bget?hsa04024">
        <graphics name="cAMP signaling pathway" fgcolor="#000000" bgcolor="#FFFFFF"
             type="roundrectangle" x="606" y="490" width="125" height="34"/>
    </entry>
    <entry id="69" name="path:hsa00140" type="map"
        link="http://www.kegg.jp/dbget-bin/www_bget?hsa00140">
        <graphics name="Steroid hormone biosynthesis" fgcolor="#000000" bgcolor="#FFFFFF"
             type="roundrectangle" x="699" y="1086" width="125" height="34"/>
    </entry>
    <entry id="71" name="hsa:84876" type="gene"
        link="http://www.kegg.jp/dbget-bin/www_bget?hsa:84876">
        <graphics name="ORAI1, CRACM1, IMD9, ORAT1, TAM2, TMEM142A" fgcolor="#000000" bgcolor="#BFFFBF"
             type="rectangle" x="237" y="811" width="46" height="17"/>
    </entry>
    <entry id="72" name="cpd:C00076" type="compound"
        link="http://www.kegg.jp/dbget-bin/www_bget?C00076">
        <graphics name="C00076" fgcolor="#000000" bgcolor="#FFFFFF"
             type="circle" x="179" y="811" width="8" height="8"/>
    </entry>
    <entry id="76" name="hsa:3949" type="gene"
        link="http://www.kegg.jp/dbget-bin/www_bget?hsa:3949">
        <graphics name="LDLR, FH, FHC, FHCL1, LDLCQ2" fgcolor="#000000" bgcolor="#BFFFBF"
             type="rectangle" x="237" y="1020" width="46" height="17"/>
    </entry>
    <entry id="77" name="hsa:949" type="gene"
        link="http://www.kegg.jp/dbget-bin/www_bget?hsa:949">
        <graphics name="SCARB1, CD36L1, CLA-1, CLA1, HDLQTL6, SR-BI, SRB1" fgcolor="#000000" bgcolor="#BFFFBF"
             type="rectangle" x="237" y="1054" width="46" height="17"/>
    </entry>
    <entry id="83" name="hsa:1583" type="gene"
        link="http://www.kegg.jp/dbget-bin/www_bget?hsa:1583">
        <graphics name="CYP11A1, CYP11A, CYPXIA1, P450SCC" fgcolor="#000000" bgcolor="#BFFFBF"
             type="rectangle" x="804" y="896" width="46" height="17"/>
    </entry>
    <entry id="84" name="hsa:1589" type="gene"
        link="http://www.kegg.jp/dbget-bin/www_bget?hsa:1589">
        <graphics name="CYP21A2, CA21H, CAH1, CPS1, CYP21, CYP21B, P450c21B" fgcolor="#000000" bgcolor="#BFFFBF"
             type="rectangle" x="1023" y="1009" width="46" height="17"/>
    </entry>
    <entry id="88" name="hsa:4158" type="gene"
        link="http://www.kegg.jp/dbget-bin/www_bget?hsa:4158">
        <graphics name="MC2R, ACTHR" fgcolor="#000000" bgcolor="#BFFFBF"
             type="rectangle" x="724" y="432" width="46" height="17"/>
    </entry>
    <entry id="89" name="hsa:56246" type="gene"
        link="http://www.kegg.jp/dbget-bin/www_bget?hsa:56246">
        <graphics name="MRAP, B27, C21orf61, FALP, FGD2, GCCD2" fgcolor="#000000" bgcolor="#BFFFBF"
             type="rectangle" x="724" y="449" width="46" height="17"/>
    </entry>
    <entry id="91" name="cpd:C00735" type="compound"
        link="http://www.kegg.jp/dbget-bin/www_bget?C00735">
        <graphics name="C00735" fgcolor="#000000" bgcolor="#FFFFFF"
             type="circle" x="716" y="1123" width="8" height="8"/>
    </entry>
    <entry id="92" name="hsa:1584" type="gene"
        link="http://www.kegg.jp/dbget-bin/www_bget?hsa:1584">
        <graphics name="CYP11B1, CPN1, CYP11B, FHI, P450C11" fgcolor="#000000" bgcolor="#BFFFBF"
             type="rectangle" x="988" y="613" width="46" height="17"/>
    </entry>
    <entry id="93" name="hsa:1584" type="gene"
        link="http://www.kegg.jp/dbget-bin/www_bget?hsa:1584">
        <graphics name="CYP11B1, CPN1, CYP11B, FHI, P450C11" fgcolor="#000000" bgcolor="#BFFFBF"
             type="rectangle" x="795" y="1093" width="46" height="17"/>
    </entry>
    <entry id="94" name="hsa:3776" type="gene"
        link="http://www.kegg.jp/dbget-bin/www_bget?hsa:3776">
        <graphics name="KCNK2, K2p2.1, TPKC1, TREK, TREK-1, TREK1, hTREK-1c, hTREK-1e" fgcolor="#000000" bgcolor="#BFFFBF"
             type="rectangle" x="237" y="637" width="46" height="17"/>
    </entry>
    <entry id="98" name="hsa:57552" type="gene"
        link="http://www.kegg.jp/dbget-bin/www_bget?hsa:57552">
        <graphics name="NCEH1, AADACL1, NCEH" fgcolor="#000000" bgcolor="#BFFFBF"
             type="rectangle" x="988" y="686" width="46" height="17"/>
    </entry>
    <entry id="99" name="hsa:1586" type="gene"
        link="http://www.kegg.jp/dbget-bin/www_bget?hsa:1586">
        <graphics name="CYP17A1, CPT7, CYP17, P450C17, S17AH" fgcolor="#000000" bgcolor="#BFFFBF"
             type="rectangle" x="988" y="637" width="46" height="17"/>
    </entry>
    <entry id="106" name="hsa:3739" type="gene"
        link="http://www.kegg.jp/dbget-bin/www_bget?hsa:3739">
        <graphics name="KCNA4, HBK4, HK1, HPCN2, HUKII, KCNA4L, KCNA8, KV1.4, MCIDDS, PCN2" fgcolor="#000000" bgcolor="#BFFFBF"
             type="rectangle" x="237" y="871" width="46" height="17"/>
    </entry>
    <entry id="107" name="hsa:3777" type="gene"
        link="http://www.kegg.jp/dbget-bin/www_bget?hsa:3777">
        <graphics name="KCNK3, K2p3.1, OAT1, PPH4, TASK, TASK-1, TBAK1" fgcolor="#000000" bgcolor="#BFFFBF"
             type="rectangle" x="237" y="914" width="46" height="17"/>
    </entry>
    <entry id="108" name="cpd:C00238" type="compound"
        link="http://www.kegg.jp/dbget-bin/www_bget?C00238">
        <graphics name="C00238" fgcolor="#000000" bgcolor="#FFFFFF"
             type="circle" x="295" y="871" width="8" height="8"/>
    </entry>
    <entry id="109" name="cpd:C00238" type="compound"
        link="http://www.kegg.jp/dbget-bin/www_bget?C00238">
        <graphics name="C00238" fgcolor="#000000" bgcolor="#FFFFFF"
             type="circle" x="296" y="913" width="8" height="8"/>
    </entry>
    <entry id="110" name="hsa:5443" type="gene"
        link="http://www.kegg.jp/dbget-bin/www_bget?hsa:5443">
        <graphics name="POMC, ACTH, CLIP, LPH, MSH, NPP, OBAIRH, POC" fgcolor="#000000" bgcolor="#BFFFBF"
             type="rectangle" x="156" y="468" width="46" height="17"/>
    </entry>
    <entry id="111" name="cpd:C05488" type="compound"
        link="http://www.kegg.jp/dbget-bin/www_bget?C05488">
        <graphics name="C05488" fgcolor="#000000" bgcolor="#FFFFFF"
             type="circle" x="839" y="1042" width="8" height="8"/>
    </entry>
    <entry id="113" name="hsa:2516" type="gene"
        link="http://www.kegg.jp/dbget-bin/www_bget?hsa:2516">
        <graphics name="NR5A1, AD4BP, ELP, FTZ1, FTZF1, POF7, SF-1, SF1, SPGF8, SRXX4, SRXY3, hSF-1" fgcolor="#000000" bgcolor="#BFFFBF"
             type="rectangle" x="786" y="593" width="46" height="17"/>
    </entry>
    <entry id="114" name="hsa:3164" type="gene"
        link="http://www.kegg.jp/dbget-bin/www_bget?hsa:3164">
        <graphics name="NR4A1, GFRP1, HMR, N10, NAK-1, NGFIB, NP10, NUR77, TR3" fgcolor="#000000" bgcolor="#BFFFBF"
             type="rectangle" x="786" y="615" width="46" height="17"/>
    </entry>
    <entry id="115" name="hsa:6667" type="gene"
        link="http://www.kegg.jp/dbget-bin/www_bget?hsa:6667">
        <graphics name="SP1" fgcolor="#000000" bgcolor="#BFFFBF"
             type="rectangle" x="786" y="637" width="46" height="17"/>
    </entry>
    <entry id="116" name="hsa:5087" type="gene"
        link="http://www.kegg.jp/dbget-bin/www_bget?hsa:5087">
        <graphics name="PBX1, CAKUHED" fgcolor="#000000" bgcolor="#BFFFBF"
             type="rectangle" x="786" y="659" width="46" height="17"/>
    </entry>
    <entry id="117" name="cpd:C05138" type="compound"
        link="http://www.kegg.jp/dbget-bin/www_bget?C05138">
        <graphics name="C05138" fgcolor="#000000" bgcolor="#FFFFFF"
             type="circle" x="998" y="885" width="8" height="8"/>
    </entry>
    <entry id="118" name="cpd:C01176" type="compound"
        link="http://www.kegg.jp/dbget-bin/www_bget?C01176">
        <graphics name="C01176" fgcolor="#000000" bgcolor="#FFFFFF"
             type="circle" x="998" y="972" width="8" height="8"/>
    </entry>
    <entry id="122" name="hsa:3283 hsa:3284" type="gene"
        link="http://www.kegg.jp/dbget-bin/www_bget?hsa:3283+hsa:3284">
        <graphics name="HSD3B1, 3BETAHSD, HSD3B, HSDB3, HSDB3A, SDR11E1..." fgcolor="#000000" bgcolor="#BFFFBF"
             type="rectangle" x="1023" y="923" width="46" height="17"/>
    </entry>
    <entry id="123" name="hsa:1586" type="gene"
        link="http://www.kegg.jp/dbget-bin/www_bget?hsa:1586">
        <graphics name="CYP17A1, CPT7, CYP17, P450C17, S17AH" fgcolor="#000000" bgcolor="#BFFFBF"
             type="rectangle" x="954" y="872" width="46" height="17"/>
    </entry>
    <entry id="124" name="hsa:1586" type="gene"
        link="http://www.kegg.jp/dbget-bin/www_bget?hsa:1586">
        <graphics name="CYP17A1, CPT7, CYP17, P450C17, S17AH" fgcolor="#000000" bgcolor="#BFFFBF"
             type="rectangle" x="954" y="960" width="46" height="17"/>
    </entry>
    <entry id="126" name="hsa:56246" type="gene"
        link="http://www.kegg.jp/dbget-bin/www_bget?hsa:56246">
        <graphics name="MRAP, B27, C21orf61, FALP, FGD2, GCCD2" fgcolor="#000000" bgcolor="#BFFFBF"
             type="rectangle" x="237" y="485" width="46" height="17"/>
    </entry>
    <entry id="127" name="hsa:57552" type="gene"
        link="http://www.kegg.jp/dbget-bin/www_bget?hsa:57552">
        <graphics name="NCEH1, AADACL1, NCEH" fgcolor="#000000" bgcolor="#BFFFBF"
             type="rectangle" x="687" y="781" width="46" height="17"/>
    </entry>
    <entry id="129" name="hsa:10297 hsa:324" type="gene"
        link="http://www.kegg.jp/dbget-bin/www_bget?hsa:10297+hsa:324">
        <graphics name="APC2, APCL..." fgcolor="#000000" bgcolor="#BFFFBF"
             type="rectangle" x="506" y="1189" width="46" height="17"/>
    </entry>
    <entry id="130" name="hsa:8312 hsa:8313" type="gene"
        link="http://www.kegg.jp/dbget-bin/www_bget?hsa:8312+hsa:8313">
        <graphics name="AXIN1, AXIN, PPP1R49..." fgcolor="#000000" bgcolor="#BFFFBF"
             type="rectangle" x="461" y="1189" width="46" height="17"/>
    </entry>
    <entry id="131" name="hsa:1855 hsa:1856 hsa:1857" type="gene"
        link="http://www.kegg.jp/dbget-bin/www_bget?hsa:1855+hsa:1856+hsa:1857">
        <graphics name="DVL1, DRS2, DVL, DVL1L1, DVL1P1..." fgcolor="#000000" bgcolor="#BFFFBF"
             type="rectangle" x="330" y="1206" width="46" height="17"/>
    </entry>
    <entry id="132" name="hsa:11211 hsa:2535 hsa:7855 hsa:7976 hsa:8321 hsa:8322 hsa:8323 hsa:8324 hsa:8325 hsa:8326" type="gene"
        link="http://www.kegg.jp/dbget-bin/www_bget?hsa:11211+hsa:2535+hsa:7855+hsa:7976+hsa:8321+hsa:8322+hsa:8323+hsa:8324+hsa:8325+hsa:8326">
        <graphics name="FZD10, CD350, FZ-10, Fz10, FzE7, hFz10..." fgcolor="#000000" bgcolor="#BFFFBF"
             type="rectangle" x="237" y="1206" width="46" height="17"/>
    </entry>
    <entry id="133" name="hsa:1499" type="gene"
        link="http://www.kegg.jp/dbget-bin/www_bget?hsa:1499">
        <graphics name="CTNNB1, CTNNB, EVR7, MRD19, NEDSDV, armadillo" fgcolor="#000000" bgcolor="#BFFFBF"
             type="rectangle" x="503" y="1206" width="46" height="17"/>
    </entry>
    <entry id="134" name="hsa:2932" type="gene"
        link="http://www.kegg.jp/dbget-bin/www_bget?hsa:2932">
        <graphics name="GSK3B" fgcolor="#000000" bgcolor="#BFFFBF"
             type="rectangle" x="420" y="1206" width="46" height="17"/>
    </entry>
    <entry id="135" name="hsa:51176 hsa:6932 hsa:6934 hsa:83439" type="gene"
        link="http://www.kegg.jp/dbget-bin/www_bget?hsa:51176+hsa:6932+hsa:6934+hsa:83439">
        <graphics name="LEF1, LEF-1, TCF10, TCF1ALPHA, TCF7L3..." fgcolor="#000000" bgcolor="#BFFFBF"
             type="rectangle" x="652" y="1206" width="46" height="17"/>
    </entry>
    <entry id="136" name="path:hsa04310" type="map"
        link="http://www.kegg.jp/dbget-bin/www_bget?hsa04310">
        <graphics name="Wnt signaling pathway" fgcolor="#000000" bgcolor="#FFFFFF"
             type="roundrectangle" x="356" y="1168" width="102" height="34"/>
    </entry>
    <entry id="149" name="hsa:1956" type="gene"
        link="http://www.kegg.jp/dbget-bin/www_bget?hsa:1956">
        <graphics name="EGFR, ERBB, ERBB1, HER1, NISBD2, PIG61, mENA" fgcolor="#000000" bgcolor="#BFFFBF"
             type="rectangle" x="237" y="288" width="46" height="17"/>
    </entry>
    <entry id="150" name="hsa:5594 hsa:5595" type="gene"
        link="http://www.kegg.jp/dbget-bin/www_bget?hsa:5594+hsa:5595">
        <graphics name="MAPK1, ERK, ERK-2, ERK2, ERT1, MAPK2, P42MAPK, PRKM1, PRKM2, p38, p40, p41, p41mapk, p42-MAPK..." fgcolor="#000000" bgcolor="#BFFFBF"
             type="rectangle" x="623" y="288" width="46" height="17"/>
    </entry>
    <entry id="151" name="hsa:5443" type="gene"
        link="http://www.kegg.jp/dbget-bin/www_bget?hsa:5443">
        <graphics name="POMC, ACTH, CLIP, LPH, MSH, NPP, OBAIRH, POC" fgcolor="#000000" bgcolor="#BFFFBF"
             type="rectangle" x="834" y="288" width="46" height="17"/>
    </entry>
    <entry id="152" name="hsa:9101" type="gene"
        link="http://www.kegg.jp/dbget-bin/www_bget?hsa:9101">
        <graphics name="USP8, HumORF8, PITA4, SPG59, UBPY" fgcolor="#000000" bgcolor="#BFFFBF"
             type="rectangle" x="359" y="313" width="46" height="17"/>
    </entry>
    <entry id="160" name="hsa:1392" type="gene"
        link="http://www.kegg.jp/dbget-bin/www_bget?hsa:1392">
        <graphics name="CRH, CRF, CRH1" fgcolor="#000000" bgcolor="#BFFFBF"
             type="rectangle" x="157" y="127" width="46" height="17"/>
    </entry>
    <entry id="161" name="hsa:1394 hsa:1395" type="gene"
        link="http://www.kegg.jp/dbget-bin/www_bget?hsa:1394+hsa:1395">
        <graphics name="CRHR1, CRF-R, CRF-R-1, CRF-R1, CRF1, CRFR-1, CRFR1, CRH-R-1, CRH-R1, CRHR, CRHR1L..." fgcolor="#000000" bgcolor="#BFFFBF"
             type="rectangle" x="237" y="127" width="46" height="17"/>
    </entry>
    <entry id="162" name="hsa:2778" type="gene"
        link="http://www.kegg.jp/dbget-bin/www_bget?hsa:2778">
        <graphics name="GNAS, AHO, C20orf45, GNAS1, GPSA, GSA, GSP, NESP, PITA3, POH, SCG6, SgVI" fgcolor="#000000" bgcolor="#BFFFBF"
             type="rectangle" x="318" y="127" width="46" height="17"/>
    </entry>
    <entry id="163" name="hsa:107 hsa:108 hsa:109 hsa:111 hsa:112 hsa:113 hsa:114 hsa:115 hsa:196883" type="gene"
        link="http://www.kegg.jp/dbget-bin/www_bget?hsa:107+hsa:108+hsa:109+hsa:111+hsa:112+hsa:113+hsa:114+hsa:115+hsa:196883">
        <graphics name="ADCY1, AC1, DFNB44..." fgcolor="#000000" bgcolor="#BFFFBF"
             type="rectangle" x="399" y="127" width="46" height="17"/>
    </entry>
    <entry id="164" name="hsa:5566 hsa:5567 hsa:5568" type="gene"
        link="http://www.kegg.jp/dbget-bin/www_bget?hsa:5566+hsa:5567+hsa:5568">
        <graphics name="PRKACA, PKACA, PPNAD4..." fgcolor="#000000" bgcolor="#BFFFBF"
             type="rectangle" x="522" y="127" width="46" height="17"/>
    </entry>
    <entry id="165" name="cpd:C00575" type="compound"
        link="http://www.kegg.jp/dbget-bin/www_bget?C00575">
        <graphics name="C00575" fgcolor="#000000" bgcolor="#FFFFFF"
             type="circle" x="460" y="126" width="8" height="8"/>
    </entry>
    <entry id="166" name="path:hsa04927" type="map"
        link="http://www.kegg.jp/dbget-bin/www_bget?hsa04927">
        <graphics name="Cortisol synthesis and secretion" fgcolor="#000000" bgcolor="#FFFFFF"
             type="roundrectangle" x="465" y="1101" width="125" height="34"/>
    </entry>
    <entry id="173" name="hsa:775 hsa:776 hsa:778 hsa:779" type="gene"
        link="http://www.kegg.jp/dbget-bin/www_bget?hsa:775+hsa:776+hsa:778+hsa:779">
        <graphics name="CACNA1C, CACH2, CACN2, CACNL1A1, CCHL1A1, CaV1.2, LQT8, TS, TS._LQT8..." fgcolor="#000000" bgcolor="#BFFFBF"
             type="rectangle" x="237" y="219" width="46" height="17"/>
    </entry>
    <entry id="174" name="cpd:C00076" type="compound"
        link="http://www.kegg.jp/dbget-bin/www_bget?C00076">
        <graphics name="C00076" fgcolor="#000000" bgcolor="#FFFFFF"
             type="circle" x="179" y="217" width="8" height="8"/>
    </entry>
    <entry id="175" name="cpd:C00076" type="compound"
        link="http://www.kegg.jp/dbget-bin/www_bget?C00076">
        <graphics name="C00076" fgcolor="#000000" bgcolor="#FFFFFF"
             type="circle" x="337" y="219" width="8" height="8"/>
    </entry>
    <entry id="177" name="hsa:815 hsa:816 hsa:817 hsa:818" type="gene"
        link="http://www.kegg.jp/dbget-bin/www_bget?hsa:815+hsa:816+hsa:817+hsa:818">
        <graphics name="CAMK2A, CAMKA, CaMKIINalpha, MRD53, MRT63..." fgcolor="#000000" bgcolor="#BFFFBF"
             type="rectangle" x="399" y="219" width="46" height="17"/>
    </entry>
    <entry id="182" name="hsa:2770 hsa:2771 hsa:2773" type="gene"
        link="http://www.kegg.jp/dbget-bin/www_bget?hsa:2770+hsa:2771+hsa:2773">
        <graphics name="GNAI1, Gi..." fgcolor="#000000" bgcolor="#BFFFBF"
             type="rectangle" x="399" y="164" width="46" height="17"/>
    </entry>
    <entry id="183" name="hsa:51655" type="gene"
        link="http://www.kegg.jp/dbget-bin/www_bget?hsa:51655">
        <graphics name="RASD1, AGS1, DEXRAS1, MGC:26290" fgcolor="#000000" bgcolor="#BFFFBF"
             type="rectangle" x="318" y="164" width="46" height="17"/>
    </entry>
    <entry id="184" name="hsa:10488 hsa:1385 hsa:1386 hsa:1388 hsa:148327 hsa:468 hsa:64764 hsa:84699 hsa:90993 hsa:9586" type="gene"
        link="http://www.kegg.jp/dbget-bin/www_bget?hsa:10488+hsa:1385+hsa:1386+hsa:1388+hsa:148327+hsa:468+hsa:64764+hsa:84699+hsa:90993+hsa:9586">
        <graphics name="CREB3, LUMAN, LZIP, sLZIP..." fgcolor="#000000" bgcolor="#BFFFBF"
             type="rectangle" x="660" y="249" width="46" height="17"/>
    </entry>
    <entry id="188" name="hsa:595" type="gene"
        link="http://www.kegg.jp/dbget-bin/www_bget?hsa:595">
        <graphics name="CCND1, BCL1, D11S287E, PRAD1, U21B31" fgcolor="#000000" bgcolor="#BFFFBF"
             type="rectangle" x="995" y="161" width="46" height="17"/>
    </entry>
    <entry id="189" name="hsa:1026" type="gene"
        link="http://www.kegg.jp/dbget-bin/www_bget?hsa:1026">
        <graphics name="CDKN1A, CAP20, CDKN1, CIP1, MDA-6, P21, SDI1, WAF1, p21CIP1" fgcolor="#000000" bgcolor="#BFFFBF"
             type="rectangle" x="915" y="247" width="46" height="17"/>
    </entry>
    <entry id="190" name="hsa:1019 hsa:1021" type="gene"
        link="http://www.kegg.jp/dbget-bin/www_bget?hsa:1019+hsa:1021">
        <graphics name="CDK4, CMM3, PSK-J3..." fgcolor="#000000" bgcolor="#BFFFBF"
             type="rectangle" x="995" y="144" width="46" height="17"/>
    </entry>
    <entry id="191" name="hsa:5925" type="gene"
        link="http://www.kegg.jp/dbget-bin/www_bget?hsa:5925">
        <graphics name="RB1, OSRC, PPP1R130, RB, p105-Rb, pRb, pp110" fgcolor="#000000" bgcolor="#BFFFBF"
             type="rectangle" x="1080" y="151" width="46" height="17"/>
    </entry>
    <entry id="192" name="hsa:1869 hsa:1870 hsa:1871" type="gene"
        link="http://www.kegg.jp/dbget-bin/www_bget?hsa:1869+hsa:1870+hsa:1871">
        <graphics name="E2F1, E2F-1, RBAP1, RBBP3, RBP3..." fgcolor="#000000" bgcolor="#BFFFBF"
             type="rectangle" x="1080" y="188" width="46" height="17"/>
    </entry>
    <entry id="193" name="hsa:1017" type="gene"
        link="http://www.kegg.jp/dbget-bin/www_bget?hsa:1017">
        <graphics name="CDK2, CDKN2, p33(CDK2)" fgcolor="#000000" bgcolor="#BFFFBF"
             type="rectangle" x="995" y="203" width="46" height="17"/>
    </entry>
    <entry id="194" name="hsa:898 hsa:9134" type="gene"
        link="http://www.kegg.jp/dbget-bin/www_bget?hsa:898+hsa:9134">
        <graphics name="CCNE1, CCNE, pCCNE1..." fgcolor="#000000" bgcolor="#BFFFBF"
             type="rectangle" x="995" y="220" width="46" height="17"/>
    </entry>
    <entry id="198" name="hsa:1027" type="gene"
        link="http://www.kegg.jp/dbget-bin/www_bget?hsa:1027">
        <graphics name="CDKN1B, CDKN4, KIP1, MEN1B, MEN4, P27KIP1" fgcolor="#000000" bgcolor="#BFFFBF"
             type="rectangle" x="915" y="200" width="46" height="17"/>
    </entry>
    <entry id="199" name="hsa:1030" type="gene"
        link="http://www.kegg.jp/dbget-bin/www_bget?hsa:1030">
        <graphics name="CDKN2B, CDK4I, INK4B, MTS2, P15, TP15, p15INK4b" fgcolor="#000000" bgcolor="#BFFFBF"
             type="rectangle" x="915" y="125" width="46" height="17"/>
    </entry>
    <entry id="200" name="hsa:1029" type="gene"
        link="http://www.kegg.jp/dbget-bin/www_bget?hsa:1029">
        <graphics name="CDKN2A, ARF, CDK4I, CDKN2, CMM2, INK4, INK4A, MLM, MTS-1, MTS1, P14, P14ARF, P16, P16-INK4A, P16INK4, P16INK4A, P19, P19ARF, TP16" fgcolor="#000000" bgcolor="#BFFFBF"
             type="rectangle" x="915" y="145" width="46" height="17"/>
    </entry>
    <entry id="208" name="hsa:196" type="gene"
        link="http://www.kegg.jp/dbget-bin/www_bget?hsa:196">
        <graphics name="AHR, RP85, bHLHe76" fgcolor="#000000" bgcolor="#BFFFBF"
             type="rectangle" x="780" y="192" width="46" height="17"/>
    </entry>
    <entry id="209" name="hsa:405" type="gene"
        link="http://www.kegg.jp/dbget-bin/www_bget?hsa:405">
        <graphics name="ARNT, HIF-1-beta, HIF-1beta, HIF1-beta, HIF1B, HIF1BETA, TANGO, bHLHe2" fgcolor="#000000" bgcolor="#BFFFBF"
             type="rectangle" x="780" y="209" width="46" height="17"/>
    </entry>
    <entry id="211" name="hsa:196" type="gene"
        link="http://www.kegg.jp/dbget-bin/www_bget?hsa:196">
        <graphics name="AHR, RP85, bHLHe76" fgcolor="#000000" bgcolor="#BFFFBF"
             type="rectangle" x="659" y="195" width="46" height="17"/>
    </entry>
    <entry id="212" name="hsa:23746 hsa:9049" type="gene"
        link="http://www.kegg.jp/dbget-bin/www_bget?hsa:23746+hsa:9049">
        <graphics name="AIPL1, AIPL2, LCA4..." fgcolor="#000000" bgcolor="#BFFFBF"
             type="rectangle" x="659" y="212" width="46" height="17"/>
    </entry>
    <entry id="217" name="hsa:1031" type="gene"
        link="http://www.kegg.jp/dbget-bin/www_bget?hsa:1031">
        <graphics name="CDKN2C, INK4C, p18, p18-INK4C" fgcolor="#000000" bgcolor="#BFFFBF"
             type="rectangle" x="915" y="104" width="46" height="17"/>
    </entry>
    <entry id="218" name="hsa:4221" type="gene"
        link="http://www.kegg.jp/dbget-bin/www_bget?hsa:4221">
        <graphics name="MEN1, MEAI, SCG2" fgcolor="#000000" bgcolor="#BFFFBF"
             type="rectangle" x="780" y="95" width="46" height="17"/>
    </entry>
    <entry id="219" name="hsa:11091 hsa:4297 hsa:54554 hsa:5929 hsa:8085 hsa:9070" type="gene"
        link="http://www.kegg.jp/dbget-bin/www_bget?hsa:11091+hsa:4297+hsa:54554+hsa:5929+hsa:8085+hsa:9070">
        <graphics name="WDR5, BIG-3, CFAP89, SWD3..." fgcolor="#000000" bgcolor="#BFFFBF"
             type="rectangle" x="780" y="112" width="46" height="17"/>
    </entry>
    <entry id="223" name="hsa:79798" type="gene"
        link="http://www.kegg.jp/dbget-bin/www_bget?hsa:79798">
        <graphics name="ARMC5, AIMAH2" fgcolor="#000000" bgcolor="#BFFFBF"
             type="rectangle" x="898" y="492" width="46" height="17"/>
    </entry>
    <entry id="225" name="hsa:4221" type="gene"
        link="http://www.kegg.jp/dbget-bin/www_bget?hsa:4221">
        <graphics name="MEN1, MEAI, SCG2" fgcolor="#000000" bgcolor="#BFFFBF"
             type="rectangle" x="898" y="599" width="46" height="17"/>
    </entry>
    <entry id="226" name="hsa:2271" type="gene"
        link="http://www.kegg.jp/dbget-bin/www_bget?hsa:2271">
        <graphics name="FH, FMRD, HLRCC, HsFH, LRCC, MCL, MCUL1" fgcolor="#000000" bgcolor="#BFFFBF"
             type="rectangle" x="638" y="923" width="46" height="17"/>
    </entry>
    <entry id="227" name="hsa:50940" type="gene"
        link="http://www.kegg.jp/dbget-bin/www_bget?hsa:50940">
        <graphics name="PDE11A, PPNAD2" fgcolor="#000000" bgcolor="#BFFFBF"
             type="rectangle" x="480" y="504" width="46" height="17"/>
    </entry>
    <entry id="228" name="path:hsa00020" type="map"
        link="http://www.kegg.jp/dbget-bin/www_bget?hsa00020">
        <graphics name="Citrate cycle (TCA cycle)" fgcolor="#000000" bgcolor="#FFFFFF"
             type="roundrectangle" x="661" y="950" width="92" height="25"/>
    </entry>
    <entry id="234" name="path:hsa04110" type="map"
        link="http://www.kegg.jp/dbget-bin/www_bget?hsa04110">
        <graphics name="Cell cycle" fgcolor="#000000" bgcolor="#FFFFFF"
             type="roundrectangle" x="1112" y="224" width="92" height="25"/>
    </entry>
    <entry id="235" name="path:hsa04960" type="map"
        link="http://www.kegg.jp/dbget-bin/www_bget?hsa04960">
        <graphics name="Aldosterone-regulated sodium reabsorption" fgcolor="#000000" bgcolor="#FFFFFF"
             type="roundrectangle" x="115" y="1158" width="125" height="34"/>
    </entry>
    <entry id="236" name="hsa:5906 hsa:5908" type="gene"
        link="http://www.kegg.jp/dbget-bin/www_bget?hsa:5906+hsa:5908">
        <graphics name="RAP1A, C21KG, G-22K, KREV-1, KREV1, RAP1, SMGP21..." fgcolor="#000000" bgcolor="#BFFFBF"
             type="rectangle" x="470" y="219" width="46" height="17"/>
    </entry>
    <entry id="237" name="hsa:673" type="gene"
        link="http://www.kegg.jp/dbget-bin/www_bget?hsa:673">
        <graphics name="BRAF, B-RAF1, B-raf, BRAF1, NS7, RAFB1" fgcolor="#000000" bgcolor="#BFFFBF"
             type="rectangle" x="519" y="241" width="46" height="17"/>
    </entry>
    <entry id="238" name="hsa:5604 hsa:5605" type="gene"
        link="http://www.kegg.jp/dbget-bin/www_bget?hsa:5604+hsa:5605">
        <graphics name="MAP2K1, CFC3, MAPKK1, MEK1, MKK1, PRKMK1..." fgcolor="#000000" bgcolor="#BFFFBF"
             type="rectangle" x="569" y="265" width="46" height="17"/>
    </entry>
    <entry id="243" name="hsa:3164" type="gene"
        link="http://www.kegg.jp/dbget-bin/www_bget?hsa:3164">
        <graphics name="NR4A1, GFRP1, HMR, N10, NAK-1, NGFIB, NP10, NUR77, TR3" fgcolor="#000000" bgcolor="#BFFFBF"
             type="rectangle" x="691" y="288" width="46" height="17"/>
    </entry>
    <entry id="245" name="cpd:C07557" type="compound"
        link="http://www.kegg.jp/dbget-bin/www_bget?C07557">
        <graphics name="C07557" fgcolor="#000000" bgcolor="#FFFFFF"
             type="circle" x="606" y="194" width="8" height="8"/>
    </entry>
    <entry id="248" name="hsa:51384 hsa:54361 hsa:7471 hsa:7472 hsa:7473 hsa:7474 hsa:7475 hsa:7476 hsa:7477 hsa:7478 hsa:7479 hsa:7480 hsa:7481 hsa:7482 hsa:7483 hsa:7484 hsa:80326 hsa:81029 hsa:89780" type="gene"
        link="http://www.kegg.jp/dbget-bin/www_bget?hsa:51384+hsa:54361+hsa:7471+hsa:7472+hsa:7473+hsa:7474+hsa:7475+hsa:7476+hsa:7477+hsa:7478+hsa:7479+hsa:7480+hsa:7481+hsa:7482+hsa:7483+hsa:7484+hsa:80326+hsa:81029+hsa:89780">
        <graphics name="WNT16..." fgcolor="#000000" bgcolor="#BFFFBF"
             type="rectangle" x="156" y="1206" width="46" height="17"/>
    </entry>
    <entry id="253" name="hsa:183" type="gene"
        link="http://www.kegg.jp/dbget-bin/www_bget?hsa:183">
        <graphics name="AGT, ANHU, SERPINA8, hFLT1" fgcolor="#000000" bgcolor="#BFFFBF"
             type="rectangle" x="156" y="567" width="46" height="17"/>
    </entry>
    <entry id="254" name="undefined" type="group">
        <graphics fgcolor="#000000" bgcolor="#FFFFFF"
             type="rectangle" x="780" y="103" width="46" height="34"/>
        <component id="218"/>
        <component id="219"/>
    </entry>
    <entry id="255" name="undefined" type="group">
        <graphics fgcolor="#000000" bgcolor="#FFFFFF"
             type="rectangle" x="995" y="152" width="46" height="34"/>
        <component id="188"/>
        <component id="190"/>
    </entry>
    <entry id="256" name="undefined" type="group">
        <graphics fgcolor="#000000" bgcolor="#FFFFFF"
             type="rectangle" x="995" y="211" width="46" height="34"/>
        <component id="193"/>
        <component id="194"/>
    </entry>
    <entry id="257" name="undefined" type="group">
        <graphics fgcolor="#000000" bgcolor="#FFFFFF"
             type="rectangle" x="237" y="476" width="46" height="34"/>
        <component id="126"/>
        <component id="38"/>
    </entry>
    <entry id="258" name="undefined" type="group">
        <graphics fgcolor="#000000" bgcolor="#FFFFFF"
             type="rectangle" x="483" y="1197" width="91" height="34"/>
        <component id="129"/>
        <component id="130"/>
        <component id="133"/>
    </entry>
    <entry id="259" name="undefined" type="group">
        <graphics fgcolor="#000000" bgcolor="#FFFFFF"
             type="rectangle" x="659" y="203" width="46" height="34"/>
        <component id="211"/>
        <component id="212"/>
    </entry>
    <entry id="260" name="undefined" type="group">
        <graphics fgcolor="#000000" bgcolor="#FFFFFF"
             type="rectangle" x="780" y="200" width="46" height="34"/>
        <component id="208"/>
        <component id="209"/>
    </entry>
    <relation entry1="36" entry2="22" type="PPrel">
        <subtype name="activation" value="--&gt;"/>
    </relation>
    <relation entry1="22" entry2="18" type="PPrel">
        <subtype name="activation" value="--&gt;"/>
    </relation>
    <relation entry1="18" entry2="20" type="PCrel">
        <subtype name="activation" value="--&gt;"/>
    </relation>
    <relation entry1="20" entry2="15" type="PCrel">
        <subtype name="activation" value="--&gt;"/>
    </relation>
    <relation entry1="38" entry2="40" type="PPrel">
        <subtype name="activation" value="--&gt;"/>
    </relation>
    <relation entry1="40" entry2="28" type="PPrel">
        <subtype name="activation" value="--&gt;"/>
    </relation>
    <relation entry1="28" entry2="29" type="PCrel">
        <subtype name="activation" value="--&gt;"/>
    </relation>
    <relation entry1="29" entry2="61" type="PCrel">
        <subtype name="activation" value="--&gt;"/>
    </relation>
    <relation entry1="27" entry2="46" type="GErel">
        <subtype name="expression" value="--&gt;"/>
    </relation>
    <relation entry1="160" entry2="161" type="PPrel">
        <subtype name="activation" value="--&gt;"/>
    </relation>
    <relation entry1="161" entry2="162" type="PPrel">
        <subtype name="activation" value="--&gt;"/>
    </relation>
    <relation entry1="162" entry2="163" type="PPrel">
        <subtype name="activation" value="--&gt;"/>
    </relation>
    <relation entry1="163" entry2="165" type="PCrel">
        <subtype name="activation" value="--&gt;"/>
    </relation>
    <relation entry1="165" entry2="164" type="PCrel">
        <subtype name="activation" value="--&gt;"/>
    </relation>
    <relation entry1="164" entry2="173" type="PPrel">
        <subtype name="activation" value="--&gt;"/>
    </relation>
    <relation entry1="175" entry2="177" type="PCrel">
        <subtype name="activation" value="--&gt;"/>
    </relation>
    <relation entry1="177" entry2="236" type="PPrel">
        <subtype name="activation" value="--&gt;"/>
    </relation>
    <relation entry1="236" entry2="237" type="PPrel">
        <subtype name="activation" value="--&gt;"/>
    </relation>
    <relation entry1="164" entry2="236" type="PPrel">
        <subtype name="activation" value="--&gt;"/>
        <subtype name="phosphorylation" value="+p"/>
    </relation>
    <relation entry1="164" entry2="184" type="PPrel">
        <subtype name="activation" value="--&gt;"/>
        <subtype name="phosphorylation" value="+p"/>
    </relation>
    <relation entry1="237" entry2="238" type="PPrel">
        <subtype name="activation" value="--&gt;"/>
        <subtype name="phosphorylation" value="+p"/>
    </relation>
    <relation entry1="238" entry2="150" type="PPrel">
        <subtype name="activation" value="--&gt;"/>
        <subtype name="phosphorylation" value="+p"/>
    </relation>
    <relation entry1="150" entry2="243" type="PPrel">
        <subtype name="activation" value="--&gt;"/>
        <subtype name="phosphorylation" value="+p"/>
    </relation>
    <relation entry1="149" entry2="150" type="PPrel">
        <subtype name="activation" value="--&gt;"/>
        <subtype name="indirect effect" value="..&gt;"/>
    </relation>
    <relation entry1="152" entry2="149" type="PPrel">
        <subtype name="activation" value="--&gt;"/>
    </relation>
    <relation entry1="184" entry2="151" type="GErel">
        <subtype name="expression" value="--&gt;"/>
    </relation>
    <relation entry1="243" entry2="151" type="GErel">
        <subtype name="expression" value="--&gt;"/>
    </relation>
    <relation entry1="182" entry2="163" type="PPrel">
        <subtype name="inhibition" value="--|"/>
    </relation>
    <relation entry1="183" entry2="182" type="PPrel">
        <subtype name="missing interaction" value="-/-"/>
    </relation>
    <relation entry1="254" entry2="217" type="GErel">
        <subtype name="expression" value="--&gt;"/>
    </relation>
    <relation entry1="254" entry2="199" type="GErel">
        <subtype name="expression" value="--&gt;"/>
    </relation>
    <relation entry1="254" entry2="200" type="GErel">
        <subtype name="expression" value="--&gt;"/>
    </relation>
    <relation entry1="254" entry2="198" type="GErel">
        <subtype name="expression" value="--&gt;"/>
    </relation>
    <relation entry1="217" entry2="255" type="PPrel">
        <subtype name="inhibition" value="--|"/>
    </relation>
    <relation entry1="199" entry2="255" type="PPrel">
        <subtype name="inhibition" value="--|"/>
    </relation>
    <relation entry1="200" entry2="255" type="PPrel">
        <subtype name="inhibition" value="--|"/>
    </relation>
    <relation entry1="198" entry2="256" type="PPrel">
        <subtype name="inhibition" value="--|"/>
    </relation>
    <relation entry1="189" entry2="256" type="PPrel">
        <subtype name="inhibition" value="--|"/>
    </relation>
    <relation entry1="255" entry2="191" type="PPrel">
        <subtype name="activation" value="--&gt;"/>
        <subtype name="phosphorylation" value="+p"/>
    </relation>
    <relation entry1="256" entry2="191" type="PPrel">
        <subtype name="activation" value="--&gt;"/>
        <subtype name="phosphorylation" value="+p"/>
    </relation>
    <relation entry1="191" entry2="192" type="PPrel">
        <subtype name="missing interaction" value="-/-"/>
    </relation>
    <relation entry1="110" entry2="257" type="PPrel">
        <subtype name="activation" value="--&gt;"/>
    </relation>
    <relation entry1="61" entry2="94" type="PPrel">
        <subtype name="inhibition" value="--|"/>
    </relation>
    <relation entry1="61" entry2="113" type="PPrel">
        <subtype name="activation" value="--&gt;"/>
    </relation>
    <relation entry1="61" entry2="114" type="PPrel">
        <subtype name="activation" value="--&gt;"/>
    </relation>
    <relation entry1="61" entry2="115" type="PPrel">
        <subtype name="activation" value="--&gt;"/>
    </relation>
    <relation entry1="61" entry2="116" type="PPrel">
        <subtype name="activation" value="--&gt;"/>
    </relation>
    <relation entry1="61" entry2="27" type="PPrel">
        <subtype name="activation" value="--&gt;"/>
    </relation>
    <relation entry1="113" entry2="92" type="GErel">
        <subtype name="expression" value="--&gt;"/>
    </relation>
    <relation entry1="113" entry2="99" type="GErel">
        <subtype name="expression" value="--&gt;"/>
    </relation>
    <relation entry1="113" entry2="46" type="GErel">
        <subtype name="expression" value="--&gt;"/>
    </relation>
    <relation entry1="113" entry2="98" type="GErel">
        <subtype name="expression" value="--&gt;"/>
    </relation>
    <relation entry1="114" entry2="92" type="GErel">
        <subtype name="expression" value="--&gt;"/>
    </relation>
    <relation entry1="114" entry2="99" type="GErel">
        <subtype name="expression" value="--&gt;"/>
    </relation>
    <relation entry1="114" entry2="46" type="GErel">
        <subtype name="expression" value="--&gt;"/>
    </relation>
    <relation entry1="114" entry2="98" type="GErel">
        <subtype name="expression" value="--&gt;"/>
    </relation>
    <relation entry1="115" entry2="92" type="GErel">
        <subtype name="expression" value="--&gt;"/>
    </relation>
    <relation entry1="115" entry2="99" type="GErel">
        <subtype name="expression" value="--&gt;"/>
    </relation>
    <relation entry1="115" entry2="46" type="GErel">
        <subtype name="expression" value="--&gt;"/>
    </relation>
    <relation entry1="115" entry2="98" type="GErel">
        <subtype name="expression" value="--&gt;"/>
    </relation>
    <relation entry1="116" entry2="92" type="GErel">
        <subtype name="expression" value="--&gt;"/>
    </relation>
    <relation entry1="116" entry2="99" type="GErel">
        <subtype name="expression" value="--&gt;"/>
    </relation>
    <relation entry1="116" entry2="46" type="GErel">
        <subtype name="expression" value="--&gt;"/>
    </relation>
    <relation entry1="116" entry2="98" type="GErel">
        <subtype name="expression" value="--&gt;"/>
    </relation>
    <relation entry1="27" entry2="92" type="GErel">
        <subtype name="expression" value="--&gt;"/>
    </relation>
    <relation entry1="27" entry2="99" type="GErel">
        <subtype name="expression" value="--&gt;"/>
    </relation>
    <relation entry1="27" entry2="98" type="GErel">
        <subtype name="expression" value="--&gt;"/>
    </relation>
    <relation entry1="248" entry2="132" type="PPrel">
        <subtype name="activation" value="--&gt;"/>
    </relation>
    <relation entry1="132" entry2="131" type="PPrel">
        <subtype name="activation" value="--&gt;"/>
    </relation>
    <relation entry1="131" entry2="134" type="PPrel">
        <subtype name="inhibition" value="--|"/>
    </relation>
    <relation entry1="134" entry2="258" type="PPrel">
        <subtype name="inhibition" value="--|"/>
        <subtype name="phosphorylation" value="+p"/>
    </relation>
    <relation entry1="258" entry2="135" type="PPrel">
        <subtype name="activation" value="--&gt;"/>
    </relation>
    <relation entry1="245" entry2="259" type="PCrel">
        <subtype name="binding/association" value="---"/>
    </relation>
    <relation entry1="260" entry2="198" type="GErel">
        <subtype name="expression" value="--&gt;"/>
    </relation>
    <relation entry1="16" entry2="94" type="PCrel">
        <subtype name="inhibition" value="--|"/>
    </relation>
    <relation entry1="253" entry2="36" type="PPrel">
        <subtype name="activation" value="--&gt;"/>
    </relation>
</pathway>
