<?xml version="1.0"?>
<!DOCTYPE pathway SYSTEM "http://www.kegg.jp/kegg/xml/KGML_v0.7.2_.dtd">
<!-- Creation date: Jun 5, 2019 13:27:53 +0900 (GMT+9) -->
<pathway name="path:hsa03320" org="hsa" number="03320"
         title="PPAR signaling pathway"
         image="http://www.kegg.jp/kegg/pathway/hsa/hsa03320.png"
         link="http://www.kegg.jp/kegg-bin/show_pathway?hsa03320">
    <entry id="12" name="cpd:C02165 cpd:C14776" type="compound"
        link="http://www.kegg.jp/dbget-bin/www_bget?C02165+C14776">
        <graphics name="C02165..." fgcolor="#000000" bgcolor="#FFFFFF"
             type="circle" x="435" y="161" width="8" height="8"/>
    </entry>
    <entry id="15" name="cpd:C15493" type="compound"
        link="http://www.kegg.jp/dbget-bin/www_bget?C15493">
        <graphics name="C15493" fgcolor="#000000" bgcolor="#FFFFFF"
             type="circle" x="435" y="247" width="8" height="8"/>
    </entry>
    <entry id="16" name="cpd:C15493" type="compound"
        link="http://www.kegg.jp/dbget-bin/www_bget?C15493">
        <graphics name="C15493" fgcolor="#000000" bgcolor="#FFFFFF"
             type="circle" x="435" y="697" width="8" height="8"/>
    </entry>
    <entry id="18" name="hsa:364" type="gene"
        link="http://www.kegg.jp/dbget-bin/www_bget?hsa:364">
        <graphics name="AQP7, AQP7L, AQPap, GLYCQTL" fgcolor="#000000" bgcolor="#BFFFBF"
             type="rectangle" x="886" y="821" width="46" height="17"/>
    </entry>
    <entry id="19" name="hsa:2710 hsa:2712" type="gene"
        link="http://www.kegg.jp/dbget-bin/www_bget?hsa:2710+hsa:2712">
        <graphics name="GK, GK1, GKD..." fgcolor="#000000" bgcolor="#BFFFBF"
             type="rectangle" x="836" y="833" width="46" height="17"/>
    </entry>
    <entry id="20" name="hsa:5105 hsa:5106" type="gene"
        link="http://www.kegg.jp/dbget-bin/www_bget?hsa:5105+hsa:5106">
        <graphics name="PCK1, PCKDC, PEPCK-C, PEPCK1, PEPCKC..." fgcolor="#000000" bgcolor="#BFFFBF"
             type="rectangle" x="836" y="810" width="46" height="17"/>
    </entry>
    <entry id="21" name="hsa:123 hsa:440503 hsa:5346 hsa:729359" type="gene"
        link="http://www.kegg.jp/dbget-bin/www_bget?hsa:123+hsa:440503+hsa:5346+hsa:729359">
        <graphics name="PLIN2, ADFP, ADRP..." fgcolor="#000000" bgcolor="#BFFFBF"
             type="rectangle" x="886" y="626" width="46" height="17"/>
    </entry>
    <entry id="22" name="hsa:948" type="gene"
        link="http://www.kegg.jp/dbget-bin/www_bget?hsa:948">
        <graphics name="CD36, BDPLT10, CHDS7, FAT, GP3B, GP4, GPIV, PASIV, SCARB3" fgcolor="#000000" bgcolor="#BFFFBF"
             type="rectangle" x="143" y="132" width="46" height="17"/>
    </entry>
    <entry id="23" name="hsa:10998 hsa:10999 hsa:11001 hsa:28965 hsa:376497" type="gene"
        link="http://www.kegg.jp/dbget-bin/www_bget?hsa:10998+hsa:10999+hsa:11001+hsa:28965+hsa:376497">
        <graphics name="SLC27A5, ACSB, ACSVL6, BACS, BAL, FACVL3, FATP-5, FATP5, VLACSR, VLCS-H2, VLCSH2..." fgcolor="#000000" bgcolor="#BFFFBF"
             type="rectangle" x="143" y="160" width="46" height="17"/>
    </entry>
    <entry id="24" name="hsa:2167 hsa:2168 hsa:2169 hsa:2170 hsa:2171 hsa:2172 hsa:2173" type="gene"
        link="http://www.kegg.jp/dbget-bin/www_bget?hsa:2167+hsa:2168+hsa:2169+hsa:2170+hsa:2171+hsa:2172+hsa:2173">
        <graphics name="FABP4, A-FABP, AFABP, ALBP, HEL-S-104, aP2..." fgcolor="#000000" bgcolor="#BFFFBF"
             type="rectangle" x="228" y="133" width="46" height="17"/>
    </entry>
    <entry id="25" name="hsa:5465" type="gene"
        link="http://www.kegg.jp/dbget-bin/www_bget?hsa:5465">
        <graphics name="PPARA, NR1C1, PPAR, PPARalpha, hPPAR" fgcolor="#000000" bgcolor="#BFFFBF"
             type="rectangle" x="570" y="210" width="46" height="17"/>
    </entry>
    <entry id="26" name="hsa:6256 hsa:6257 hsa:6258" type="gene"
        link="http://www.kegg.jp/dbget-bin/www_bget?hsa:6256+hsa:6257+hsa:6258">
        <graphics name="RXRA, NR2B1..." fgcolor="#000000" bgcolor="#BFFFBF"
             type="rectangle" x="570" y="227" width="46" height="17"/>
    </entry>
    <entry id="27" name="hsa:5467" type="gene"
        link="http://www.kegg.jp/dbget-bin/www_bget?hsa:5467">
        <graphics name="PPARD, FAAR, NR1C2, NUC1, NUCI, NUCII, PPARB" fgcolor="#000000" bgcolor="#BFFFBF"
             type="rectangle" x="570" y="435" width="46" height="17"/>
    </entry>
    <entry id="28" name="hsa:6256 hsa:6257 hsa:6258" type="gene"
        link="http://www.kegg.jp/dbget-bin/www_bget?hsa:6256+hsa:6257+hsa:6258">
        <graphics name="RXRA, NR2B1..." fgcolor="#000000" bgcolor="#BFFFBF"
             type="rectangle" x="570" y="452" width="46" height="17"/>
    </entry>
    <entry id="29" name="hsa:5468" type="gene"
        link="http://www.kegg.jp/dbget-bin/www_bget?hsa:5468">
        <graphics name="PPARG, CIMT1, GLM1, NR1C3, PPARG1, PPARG2, PPARgamma" fgcolor="#000000" bgcolor="#BFFFBF"
             type="rectangle" x="570" y="660" width="46" height="17"/>
    </entry>
    <entry id="30" name="hsa:6256 hsa:6257 hsa:6258" type="gene"
        link="http://www.kegg.jp/dbget-bin/www_bget?hsa:6256+hsa:6257+hsa:6258">
        <graphics name="RXRA, NR2B1..." fgcolor="#000000" bgcolor="#BFFFBF"
             type="rectangle" x="570" y="677" width="46" height="17"/>
    </entry>
    <entry id="31" name="hsa:6342" type="gene"
        link="http://www.kegg.jp/dbget-bin/www_bget?hsa:6342">
        <graphics name="SCP2, NLTP, NSL-TP, SCP-2, SCP-CHI, SCP-X, SCPX" fgcolor="#000000" bgcolor="#BFFFBF"
             type="rectangle" x="836" y="567" width="46" height="17"/>
    </entry>
    <entry id="32" name="hsa:30" type="gene"
        link="http://www.kegg.jp/dbget-bin/www_bget?hsa:30">
        <graphics name="ACAA1, ACAA, PTHIO, THIO" fgcolor="#000000" bgcolor="#BFFFBF"
             type="rectangle" x="836" y="544" width="46" height="17"/>
    </entry>
    <entry id="33" name="hsa:34" type="gene"
        link="http://www.kegg.jp/dbget-bin/www_bget?hsa:34">
        <graphics name="ACADM, ACAD1, MCAD, MCADH" fgcolor="#000000" bgcolor="#BFFFBF"
             type="rectangle" x="886" y="578" width="46" height="17"/>
    </entry>
    <entry id="34" name="hsa:33" type="gene"
        link="http://www.kegg.jp/dbget-bin/www_bget?hsa:33">
        <graphics name="ACADL, ACAD4, LCAD" fgcolor="#000000" bgcolor="#BFFFBF"
             type="rectangle" x="886" y="555" width="46" height="17"/>
    </entry>
    <entry id="35" name="hsa:1579 hsa:284541" type="gene"
        link="http://www.kegg.jp/dbget-bin/www_bget?hsa:1579+hsa:284541">
        <graphics name="CYP4A11, CP4Y, CYP4A2, CYP4AII, CYPIVA11..." fgcolor="#000000" bgcolor="#BFFFBF"
             type="rectangle" x="836" y="521" width="46" height="17"/>
    </entry>
    <entry id="36" name="hsa:1962" type="gene"
        link="http://www.kegg.jp/dbget-bin/www_bget?hsa:1962">
        <graphics name="EHHADH, ECHD, FRTS3, L-PBE, LBFP, LBP, PBFE" fgcolor="#000000" bgcolor="#BFFFBF"
             type="rectangle" x="836" y="498" width="46" height="17"/>
    </entry>
    <entry id="37" name="hsa:1376" type="gene"
        link="http://www.kegg.jp/dbget-bin/www_bget?hsa:1376">
        <graphics name="CPT2, CPT1, CPTASE, IIAE4" fgcolor="#000000" bgcolor="#BFFFBF"
             type="rectangle" x="886" y="532" width="46" height="17"/>
    </entry>
    <entry id="38" name="hsa:126129 hsa:1374 hsa:1375" type="gene"
        link="http://www.kegg.jp/dbget-bin/www_bget?hsa:126129+hsa:1374+hsa:1375">
        <graphics name="CPT1C, CATL1, CPT1-B, CPT1P, CPTI-B, CPTIC, SPG73..." fgcolor="#000000" bgcolor="#BFFFBF"
             type="rectangle" x="886" y="509" width="46" height="17"/>
    </entry>
    <entry id="39" name="hsa:2180 hsa:2181 hsa:2182 hsa:23205 hsa:23305 hsa:51703 hsa:81616" type="gene"
        link="http://www.kegg.jp/dbget-bin/www_bget?hsa:2180+hsa:2181+hsa:2182+hsa:23205+hsa:23305+hsa:51703+hsa:81616">
        <graphics name="ACSL1, ACS1, FACL1, FACL2, LACS, LACS1, LACS2..." fgcolor="#000000" bgcolor="#BFFFBF"
             type="rectangle" x="836" y="458" width="46" height="17"/>
    </entry>
    <entry id="40" name="hsa:4973" type="gene"
        link="http://www.kegg.jp/dbget-bin/www_bget?hsa:4973">
        <graphics name="OLR1, CLEC8A, LOX1, LOXIN, SCARE1, SLOX1" fgcolor="#000000" bgcolor="#BFFFBF"
             type="rectangle" x="886" y="446" width="46" height="17"/>
    </entry>
    <entry id="41" name="hsa:4023" type="gene"
        link="http://www.kegg.jp/dbget-bin/www_bget?hsa:4023">
        <graphics name="LPL, HDLCQ11, LIPD" fgcolor="#000000" bgcolor="#BFFFBF"
             type="rectangle" x="836" y="435" width="46" height="17"/>
    </entry>
    <entry id="42" name="hsa:948" type="gene"
        link="http://www.kegg.jp/dbget-bin/www_bget?hsa:948">
        <graphics name="CD36, BDPLT10, CHDS7, FAT, GP3B, GP4, GPIV, PASIV, SCARB3" fgcolor="#000000" bgcolor="#BFFFBF"
             type="rectangle" x="886" y="423" width="46" height="17"/>
    </entry>
    <entry id="43" name="hsa:2170" type="gene"
        link="http://www.kegg.jp/dbget-bin/www_bget?hsa:2170">
        <graphics name="FABP3, FABP11, H-FABP, M-FABP, MDGI, O-FABP" fgcolor="#000000" bgcolor="#BFFFBF"
             type="rectangle" x="836" y="412" width="46" height="17"/>
    </entry>
    <entry id="44" name="hsa:1581" type="gene"
        link="http://www.kegg.jp/dbget-bin/www_bget?hsa:1581">
        <graphics name="CYP7A1, CP7A, CYP7, CYPVII" fgcolor="#000000" bgcolor="#BFFFBF"
             type="rectangle" x="836" y="303" width="46" height="17"/>
    </entry>
    <entry id="45" name="path:hsa04920" type="map"
        link="http://www.kegg.jp/dbget-bin/www_bget?hsa04920">
        <graphics name="Adipocytokine signaling pathway" fgcolor="#000000" bgcolor="#FFFFFF"
             type="roundrectangle" x="568" y="165" width="127" height="34"/>
    </entry>
    <entry id="46" name="path:hsa00071" type="map"
        link="http://www.kegg.jp/dbget-bin/www_bget?hsa00071">
        <graphics name="Fatty acid degradation" fgcolor="#000000" bgcolor="#FFFFFF"
             type="roundrectangle" x="1032" y="147" width="138" height="25"/>
    </entry>
    <entry id="47" name="hsa:10999 hsa:376497" type="gene"
        link="http://www.kegg.jp/dbget-bin/www_bget?hsa:10999+hsa:376497">
        <graphics name="SLC27A4, ACSVL4, FATP4, IPS..." fgcolor="#000000" bgcolor="#BFFFBF"
             type="rectangle" x="886" y="400" width="46" height="17"/>
    </entry>
    <entry id="48" name="hsa:3157 hsa:3158" type="gene"
        link="http://www.kegg.jp/dbget-bin/www_bget?hsa:3157+hsa:3158">
        <graphics name="HMGCS1, HMGCS..." fgcolor="#000000" bgcolor="#BFFFBF"
             type="rectangle" x="836" y="114" width="46" height="17"/>
    </entry>
    <entry id="49" name="hsa:10580" type="gene"
        link="http://www.kegg.jp/dbget-bin/www_bget?hsa:10580">
        <graphics name="SORBS1, CAP, FLAF2, R85FL, SH3D5, SH3P12, SORB1" fgcolor="#000000" bgcolor="#BFFFBF"
             type="rectangle" x="836" y="672" width="46" height="17"/>
    </entry>
    <entry id="50" name="hsa:4312" type="gene"
        link="http://www.kegg.jp/dbget-bin/www_bget?hsa:4312">
        <graphics name="MMP1, CLG, CLGN" fgcolor="#000000" bgcolor="#BFFFBF"
             type="rectangle" x="886" y="672" width="46" height="17"/>
    </entry>
    <entry id="51" name="hsa:2167" type="gene"
        link="http://www.kegg.jp/dbget-bin/www_bget?hsa:2167">
        <graphics name="FABP4, A-FABP, AFABP, ALBP, HEL-S-104, aP2" fgcolor="#000000" bgcolor="#BFFFBF"
             type="rectangle" x="836" y="649" width="46" height="17"/>
    </entry>
    <entry id="52" name="hsa:51129" type="gene"
        link="http://www.kegg.jp/dbget-bin/www_bget?hsa:51129">
        <graphics name="ANGPTL4, ARP4, FIAF, HARP, HFARP, NL2, PGAR, TGQTL, UNQ171, pp1158" fgcolor="#000000" bgcolor="#BFFFBF"
             type="rectangle" x="836" y="626" width="46" height="17"/>
    </entry>
    <entry id="53" name="hsa:51 hsa:8309 hsa:8310" type="gene"
        link="http://www.kegg.jp/dbget-bin/www_bget?hsa:51+hsa:8309+hsa:8310">
        <graphics name="ACOX1, ACOX, PALMCOX, SCOX..." fgcolor="#000000" bgcolor="#BFFFBF"
             type="rectangle" x="836" y="590" width="46" height="17"/>
    </entry>
    <entry id="54" name="hsa:3611" type="gene"
        link="http://www.kegg.jp/dbget-bin/www_bget?hsa:3611">
        <graphics name="ILK, HEL-S-28, ILK-1, ILK-2, P59, p59ILK" fgcolor="#000000" bgcolor="#BFFFBF"
             type="rectangle" x="836" y="740" width="46" height="17"/>
    </entry>
    <entry id="55" name="hsa:2168" type="gene"
        link="http://www.kegg.jp/dbget-bin/www_bget?hsa:2168">
        <graphics name="FABP1, FABPL, L-FABP" fgcolor="#000000" bgcolor="#BFFFBF"
             type="rectangle" x="836" y="389" width="46" height="17"/>
    </entry>
    <entry id="56" name="hsa:5170" type="gene"
        link="http://www.kegg.jp/dbget-bin/www_bget?hsa:5170">
        <graphics name="PDPK1, PDK1, PDPK2, PDPK2P, PRO0461" fgcolor="#000000" bgcolor="#BFFFBF"
             type="rectangle" x="886" y="740" width="46" height="17"/>
    </entry>
    <entry id="57" name="hsa:336" type="gene"
        link="http://www.kegg.jp/dbget-bin/www_bget?hsa:336">
        <graphics name="APOA2, Apo-AII, ApoA-II, apoAII" fgcolor="#000000" bgcolor="#BFFFBF"
             type="rectangle" x="836" y="177" width="46" height="17"/>
    </entry>
    <entry id="58" name="hsa:5360" type="gene"
        link="http://www.kegg.jp/dbget-bin/www_bget?hsa:5360">
        <graphics name="PLTP, BPIFE, HDLCQ9" fgcolor="#000000" bgcolor="#BFFFBF"
             type="rectangle" x="886" y="189" width="46" height="17"/>
    </entry>
    <entry id="59" name="cpd:C14767 cpd:C14762" type="compound"
        link="http://www.kegg.jp/dbget-bin/www_bget?C14767+C14762">
        <graphics name="C14767..." fgcolor="#000000" bgcolor="#FFFFFF"
             type="circle" x="435" y="613" width="8" height="8"/>
    </entry>
    <entry id="60" name="cpd:C15493" type="compound"
        link="http://www.kegg.jp/dbget-bin/www_bget?C15493">
        <graphics name="C15493" fgcolor="#000000" bgcolor="#FFFFFF"
             type="circle" x="435" y="470" width="8" height="8"/>
    </entry>
    <entry id="61" name="path:hsa00072" type="map"
        link="http://www.kegg.jp/dbget-bin/www_bget?hsa00072">
        <graphics name="Synthesis and degradation of ketone bodies" fgcolor="#000000" bgcolor="#FFFFFF"
             type="roundrectangle" x="1032" y="230" width="148" height="34"/>
    </entry>
    <entry id="62" name="path:hsa00120" type="map"
        link="http://www.kegg.jp/dbget-bin/www_bget?hsa00120">
        <graphics name="Primary bile acid biosynthesis" fgcolor="#000000" bgcolor="#FFFFFF"
             type="roundrectangle" x="1032" y="187" width="138" height="25"/>
    </entry>
    <entry id="63" name="path:hsa00564" type="map"
        link="http://www.kegg.jp/dbget-bin/www_bget?hsa00564">
        <graphics name="Glycerophospholipid metabolism" fgcolor="#000000" bgcolor="#FFFFFF"
             type="roundrectangle" x="1032" y="281" width="138" height="34"/>
    </entry>
    <entry id="64" name="hsa:9370" type="gene"
        link="http://www.kegg.jp/dbget-bin/www_bget?hsa:9370">
        <graphics name="ADIPOQ, ACDC, ACRP30, ADIPQTL1, ADPN, APM-1, APM1, GBP28" fgcolor="#000000" bgcolor="#BFFFBF"
             type="rectangle" x="886" y="649" width="46" height="17"/>
    </entry>
    <entry id="66" name="hsa:6319 hsa:79966" type="gene"
        link="http://www.kegg.jp/dbget-bin/www_bget?hsa:6319+hsa:79966">
        <graphics name="SCD, FADS5, MSTP008, SCD1, SCDOS, hSCD1..." fgcolor="#000000" bgcolor="#BFFFBF"
             type="rectangle" x="836" y="263" width="46" height="17"/>
    </entry>
    <entry id="67" name="hsa:9415" type="gene"
        link="http://www.kegg.jp/dbget-bin/www_bget?hsa:9415">
        <graphics name="FADS2, D6D, DES6, FADSD6, LLCDL2, SLL0262, TU13" fgcolor="#000000" bgcolor="#BFFFBF"
             type="rectangle" x="886" y="252" width="46" height="17"/>
    </entry>
    <entry id="68" name="hsa:345" type="gene"
        link="http://www.kegg.jp/dbget-bin/www_bget?hsa:345">
        <graphics name="APOC3, APOCIII" fgcolor="#000000" bgcolor="#BFFFBF"
             type="rectangle" x="836" y="200" width="46" height="17"/>
    </entry>
    <entry id="69" name="hsa:1582" type="gene"
        link="http://www.kegg.jp/dbget-bin/www_bget?hsa:1582">
        <graphics name="CYP8B1, CP8B, CYP12" fgcolor="#000000" bgcolor="#BFFFBF"
             type="rectangle" x="836" y="326" width="46" height="17"/>
    </entry>
    <entry id="70" name="hsa:10062" type="gene"
        link="http://www.kegg.jp/dbget-bin/www_bget?hsa:10062">
        <graphics name="NR1H3, LXR-a, LXRA, RLD-1" fgcolor="#000000" bgcolor="#BFFFBF"
             type="rectangle" x="886" y="303" width="46" height="17"/>
    </entry>
    <entry id="71" name="hsa:1593" type="gene"
        link="http://www.kegg.jp/dbget-bin/www_bget?hsa:1593">
        <graphics name="CYP27A1, CP27, CTX, CYP27" fgcolor="#000000" bgcolor="#BFFFBF"
             type="rectangle" x="886" y="326" width="46" height="17"/>
    </entry>
    <entry id="72" name="hsa:335" type="gene"
        link="http://www.kegg.jp/dbget-bin/www_bget?hsa:335">
        <graphics name="APOA1, apo(a)" fgcolor="#000000" bgcolor="#BFFFBF"
             type="rectangle" x="836" y="154" width="46" height="17"/>
    </entry>
    <entry id="73" name="hsa:7316" type="gene"
        link="http://www.kegg.jp/dbget-bin/www_bget?hsa:7316">
        <graphics name="UBC, HMG20" fgcolor="#000000" bgcolor="#BFFFBF"
             type="rectangle" x="836" y="774" width="46" height="17"/>
    </entry>
    <entry id="74" name="hsa:1622" type="gene"
        link="http://www.kegg.jp/dbget-bin/www_bget?hsa:1622">
        <graphics name="DBI, ACBD1, ACBP, CCK-RP, EP" fgcolor="#000000" bgcolor="#BFFFBF"
             type="rectangle" x="836" y="366" width="46" height="17"/>
    </entry>
    <entry id="75" name="hsa:116519" type="gene"
        link="http://www.kegg.jp/dbget-bin/www_bget?hsa:116519">
        <graphics name="APOA5, APOAV, RAP3" fgcolor="#000000" bgcolor="#BFFFBF"
             type="rectangle" x="886" y="166" width="46" height="17"/>
    </entry>
    <entry id="76" name="hsa:10873 hsa:4199" type="gene"
        link="http://www.kegg.jp/dbget-bin/www_bget?hsa:10873+hsa:4199">
        <graphics name="ME3, NADP-ME..." fgcolor="#000000" bgcolor="#BFFFBF"
             type="rectangle" x="836" y="240" width="46" height="17"/>
    </entry>
    <entry id="77" name="hsa:7350" type="gene"
        link="http://www.kegg.jp/dbget-bin/www_bget?hsa:7350">
        <graphics name="UCP1, SLC25A7, UCP" fgcolor="#000000" bgcolor="#BFFFBF"
             type="rectangle" x="836" y="706" width="46" height="17"/>
    </entry>
    <entry id="78" name="path:hsa03320" type="map"
        link="http://www.kegg.jp/dbget-bin/www_bget?hsa03320">
        <graphics name="TITLE:PPAR signaling pathway" fgcolor="#000000" bgcolor="#FFFFFF"
             type="roundrectangle" x="156" y="41" width="215" height="25"/>
    </entry>
    <entry id="79" name="undefined" type="group">
        <graphics fgcolor="#000000" bgcolor="#FFFFFF"
             type="rectangle" x="570" y="218" width="46" height="34"/>
        <component id="25"/>
        <component id="26"/>
    </entry>
    <entry id="80" name="undefined" type="group">
        <graphics fgcolor="#000000" bgcolor="#FFFFFF"
             type="rectangle" x="570" y="443" width="46" height="34"/>
        <component id="27"/>
        <component id="28"/>
    </entry>
    <entry id="81" name="undefined" type="group">
        <graphics fgcolor="#000000" bgcolor="#FFFFFF"
             type="rectangle" x="570" y="668" width="46" height="34"/>
        <component id="29"/>
        <component id="30"/>
    </entry>
    <relation entry1="79" entry2="48" type="GErel">
        <subtype name="expression" value="--&gt;"/>
    </relation>
    <relation entry1="79" entry2="72" type="GErel">
        <subtype name="expression" value="--&gt;"/>
    </relation>
    <relation entry1="79" entry2="57" type="GErel">
        <subtype name="expression" value="--&gt;"/>
    </relation>
    <relation entry1="79" entry2="68" type="GErel">
        <subtype name="expression" value="--&gt;"/>
    </relation>
    <relation entry1="79" entry2="75" type="GErel">
        <subtype name="expression" value="--&gt;"/>
    </relation>
    <relation entry1="79" entry2="58" type="GErel">
        <subtype name="expression" value="--&gt;"/>
    </relation>
    <relation entry1="79" entry2="76" type="GErel">
        <subtype name="expression" value="--&gt;"/>
    </relation>
    <relation entry1="79" entry2="66" type="GErel">
        <subtype name="expression" value="--&gt;"/>
    </relation>
    <relation entry1="79" entry2="67" type="GErel">
        <subtype name="expression" value="--&gt;"/>
    </relation>
    <relation entry1="79" entry2="44" type="GErel">
        <subtype name="expression" value="--&gt;"/>
    </relation>
    <relation entry1="79" entry2="69" type="GErel">
        <subtype name="expression" value="--&gt;"/>
    </relation>
    <relation entry1="79" entry2="70" type="GErel">
        <subtype name="expression" value="--&gt;"/>
    </relation>
    <relation entry1="79" entry2="74" type="GErel">
        <subtype name="expression" value="--&gt;"/>
    </relation>
    <relation entry1="79" entry2="55" type="GErel">
        <subtype name="expression" value="--&gt;"/>
    </relation>
    <relation entry1="79" entry2="47" type="GErel">
        <subtype name="expression" value="--&gt;"/>
    </relation>
    <relation entry1="79" entry2="41" type="GErel">
        <subtype name="expression" value="--&gt;"/>
    </relation>
    <relation entry1="79" entry2="39" type="GErel">
        <subtype name="expression" value="--&gt;"/>
    </relation>
    <relation entry1="79" entry2="36" type="GErel">
        <subtype name="expression" value="--&gt;"/>
    </relation>
    <relation entry1="79" entry2="35" type="GErel">
        <subtype name="expression" value="--&gt;"/>
    </relation>
    <relation entry1="79" entry2="32" type="GErel">
        <subtype name="expression" value="--&gt;"/>
    </relation>
    <relation entry1="79" entry2="31" type="GErel">
        <subtype name="expression" value="--&gt;"/>
    </relation>
    <relation entry1="79" entry2="53" type="GErel">
        <subtype name="expression" value="--&gt;"/>
    </relation>
    <relation entry1="79" entry2="38" type="GErel">
        <subtype name="expression" value="--&gt;"/>
    </relation>
    <relation entry1="79" entry2="37" type="GErel">
        <subtype name="expression" value="--&gt;"/>
    </relation>
    <relation entry1="79" entry2="33" type="GErel">
        <subtype name="expression" value="--&gt;"/>
    </relation>
    <relation entry1="79" entry2="52" type="GErel">
        <subtype name="expression" value="--&gt;"/>
    </relation>
    <relation entry1="79" entry2="77" type="GErel">
        <subtype name="expression" value="--&gt;"/>
    </relation>
    <relation entry1="80" entry2="43" type="GErel">
        <subtype name="expression" value="--&gt;"/>
    </relation>
    <relation entry1="80" entry2="38" type="GErel">
        <subtype name="expression" value="--&gt;"/>
    </relation>
    <relation entry1="80" entry2="34" type="GErel">
        <subtype name="expression" value="--&gt;"/>
    </relation>
    <relation entry1="80" entry2="41" type="GErel">
        <subtype name="expression" value="--&gt;"/>
    </relation>
    <relation entry1="80" entry2="53" type="GErel">
        <subtype name="expression" value="--&gt;"/>
    </relation>
    <relation entry1="80" entry2="52" type="GErel">
        <subtype name="expression" value="--&gt;"/>
    </relation>
    <relation entry1="80" entry2="77" type="GErel">
        <subtype name="expression" value="--&gt;"/>
    </relation>
    <relation entry1="80" entry2="54" type="GErel">
        <subtype name="expression" value="--&gt;"/>
    </relation>
    <relation entry1="80" entry2="56" type="GErel">
        <subtype name="expression" value="--&gt;"/>
    </relation>
    <relation entry1="80" entry2="73" type="GErel">
        <subtype name="expression" value="--&gt;"/>
    </relation>
    <relation entry1="81" entry2="66" type="GErel">
        <subtype name="expression" value="--&gt;"/>
    </relation>
    <relation entry1="81" entry2="70" type="GErel">
        <subtype name="expression" value="--&gt;"/>
    </relation>
    <relation entry1="81" entry2="71" type="GErel">
        <subtype name="expression" value="--&gt;"/>
    </relation>
    <relation entry1="81" entry2="47" type="GErel">
        <subtype name="expression" value="--&gt;"/>
    </relation>
    <relation entry1="81" entry2="42" type="GErel">
        <subtype name="expression" value="--&gt;"/>
    </relation>
    <relation entry1="81" entry2="41" type="GErel">
        <subtype name="expression" value="--&gt;"/>
    </relation>
    <relation entry1="81" entry2="40" type="GErel">
        <subtype name="expression" value="--&gt;"/>
    </relation>
    <relation entry1="81" entry2="39" type="GErel">
        <subtype name="expression" value="--&gt;"/>
    </relation>
    <relation entry1="81" entry2="38" type="GErel">
        <subtype name="expression" value="--&gt;"/>
    </relation>
    <relation entry1="81" entry2="52" type="GErel">
        <subtype name="expression" value="--&gt;"/>
    </relation>
    <relation entry1="81" entry2="21" type="GErel">
        <subtype name="expression" value="--&gt;"/>
    </relation>
    <relation entry1="81" entry2="51" type="GErel">
        <subtype name="expression" value="--&gt;"/>
    </relation>
    <relation entry1="81" entry2="64" type="GErel">
        <subtype name="expression" value="--&gt;"/>
    </relation>
    <relation entry1="81" entry2="49" type="GErel">
        <subtype name="expression" value="--&gt;"/>
    </relation>
    <relation entry1="81" entry2="50" type="GErel">
        <subtype name="expression" value="--&gt;"/>
    </relation>
    <relation entry1="81" entry2="77" type="GErel">
        <subtype name="expression" value="--&gt;"/>
    </relation>
    <relation entry1="81" entry2="20" type="GErel">
        <subtype name="expression" value="--&gt;"/>
    </relation>
    <relation entry1="81" entry2="18" type="GErel">
        <subtype name="expression" value="--&gt;"/>
    </relation>
    <relation entry1="81" entry2="19" type="GErel">
        <subtype name="expression" value="--&gt;"/>
    </relation>
    <relation entry1="12" entry2="25" type="PCrel">
        <subtype name="activation" value="--&gt;"/>
        <subtype name="phosphorylation" value="+p"/>
    </relation>
    <relation entry1="15" entry2="26" type="PCrel">
        <subtype name="activation" value="--&gt;"/>
        <subtype name="phosphorylation" value="+p"/>
    </relation>
    <relation entry1="60" entry2="28" type="PCrel">
        <subtype name="activation" value="--&gt;"/>
        <subtype name="phosphorylation" value="+p"/>
    </relation>
    <relation entry1="59" entry2="29" type="PCrel">
        <subtype name="activation" value="--&gt;"/>
        <subtype name="phosphorylation" value="+p"/>
    </relation>
    <relation entry1="16" entry2="30" type="PCrel">
        <subtype name="activation" value="--&gt;"/>
        <subtype name="phosphorylation" value="+p"/>
    </relation>
</pathway>
