<?xml version="1.0"?>
<!DOCTYPE pathway SYSTEM "http://www.kegg.jp/kegg/xml/KGML_v0.7.2_.dtd">
<!-- Creation date: Jul 19, 2019 10:54:41 +0900 (GMT+9) -->
<pathway name="path:hsa04512" org="hsa" number="04512"
         title="ECM-receptor interaction"
         image="http://www.kegg.jp/kegg/pathway/hsa/hsa04512.png"
         link="http://www.kegg.jp/kegg-bin/show_pathway?hsa04512">
    <entry id="26" name="hsa:10319 hsa:22798 hsa:284217 hsa:3908 hsa:3909 hsa:3910 hsa:3911 hsa:3912 hsa:3913 hsa:3914 hsa:3915 hsa:3918" type="gene"
        link="http://www.kegg.jp/dbget-bin/www_bget?hsa:10319+hsa:22798+hsa:284217+hsa:3908+hsa:3909+hsa:3910+hsa:3911+hsa:3912+hsa:3913+hsa:3914+hsa:3915+hsa:3918">
        <graphics name="LAMC3, OCCM..." fgcolor="#000000" bgcolor="#BFFFBF"
             type="rectangle" x="714" y="626" width="46" height="17"/>
    </entry>
    <entry id="27" name="hsa:10319 hsa:22798 hsa:284217 hsa:3908 hsa:3909 hsa:3910 hsa:3911 hsa:3912 hsa:3913 hsa:3914 hsa:3915 hsa:3918" type="gene"
        link="http://www.kegg.jp/dbget-bin/www_bget?hsa:10319+hsa:22798+hsa:284217+hsa:3908+hsa:3909+hsa:3910+hsa:3911+hsa:3912+hsa:3913+hsa:3914+hsa:3915+hsa:3918">
        <graphics name="LAMC3, OCCM..." fgcolor="#000000" bgcolor="#BFFFBF"
             type="rectangle" x="757" y="372" width="46" height="17"/>
    </entry>
    <entry id="28" name="hsa:10319 hsa:22798 hsa:284217 hsa:3908 hsa:3909 hsa:3910 hsa:3911 hsa:3912 hsa:3913 hsa:3914 hsa:3915 hsa:3918" type="gene"
        link="http://www.kegg.jp/dbget-bin/www_bget?hsa:10319+hsa:22798+hsa:284217+hsa:3908+hsa:3909+hsa:3910+hsa:3911+hsa:3912+hsa:3913+hsa:3914+hsa:3915+hsa:3918">
        <graphics name="LAMC3, OCCM..." fgcolor="#000000" bgcolor="#BFFFBF"
             type="rectangle" x="757" y="238" width="46" height="17"/>
    </entry>
    <entry id="29" name="hsa:10319 hsa:22798 hsa:284217 hsa:3908 hsa:3909 hsa:3910 hsa:3911 hsa:3912 hsa:3913 hsa:3914 hsa:3915 hsa:3918" type="gene"
        link="http://www.kegg.jp/dbget-bin/www_bget?hsa:10319+hsa:22798+hsa:284217+hsa:3908+hsa:3909+hsa:3910+hsa:3911+hsa:3912+hsa:3913+hsa:3914+hsa:3915+hsa:3918">
        <graphics name="LAMC3, OCCM..." fgcolor="#000000" bgcolor="#BFFFBF"
             type="rectangle" x="484" y="793" width="46" height="17"/>
    </entry>
    <entry id="30" name="hsa:10319 hsa:22798 hsa:284217 hsa:3908 hsa:3909 hsa:3910 hsa:3911 hsa:3912 hsa:3913 hsa:3914 hsa:3915 hsa:3918" type="gene"
        link="http://www.kegg.jp/dbget-bin/www_bget?hsa:10319+hsa:22798+hsa:284217+hsa:3908+hsa:3909+hsa:3910+hsa:3911+hsa:3912+hsa:3913+hsa:3914+hsa:3915+hsa:3918">
        <graphics name="LAMC3, OCCM..." fgcolor="#000000" bgcolor="#BFFFBF"
             type="rectangle" x="484" y="727" width="46" height="17"/>
    </entry>
    <entry id="31" name="hsa:10319 hsa:22798 hsa:284217 hsa:3908 hsa:3909 hsa:3910 hsa:3911 hsa:3912 hsa:3913 hsa:3914 hsa:3915 hsa:3918" type="gene"
        link="http://www.kegg.jp/dbget-bin/www_bget?hsa:10319+hsa:22798+hsa:284217+hsa:3908+hsa:3909+hsa:3910+hsa:3911+hsa:3912+hsa:3913+hsa:3914+hsa:3915+hsa:3918">
        <graphics name="LAMC3, OCCM..." fgcolor="#000000" bgcolor="#BFFFBF"
             type="rectangle" x="294" y="401" width="46" height="17"/>
    </entry>
    <entry id="32" name="hsa:10319 hsa:22798 hsa:284217 hsa:3908 hsa:3909 hsa:3910 hsa:3911 hsa:3912 hsa:3913 hsa:3914 hsa:3915 hsa:3918" type="gene"
        link="http://www.kegg.jp/dbget-bin/www_bget?hsa:10319+hsa:22798+hsa:284217+hsa:3908+hsa:3909+hsa:3910+hsa:3911+hsa:3912+hsa:3913+hsa:3914+hsa:3915+hsa:3918">
        <graphics name="LAMC3, OCCM..." fgcolor="#000000" bgcolor="#BFFFBF"
             type="rectangle" x="101" y="784" width="46" height="17"/>
    </entry>
    <entry id="33" name="hsa:10319 hsa:22798 hsa:284217 hsa:3908 hsa:3909 hsa:3910 hsa:3911 hsa:3912 hsa:3913 hsa:3914 hsa:3915 hsa:3918" type="gene"
        link="http://www.kegg.jp/dbget-bin/www_bget?hsa:10319+hsa:22798+hsa:284217+hsa:3908+hsa:3909+hsa:3910+hsa:3911+hsa:3912+hsa:3913+hsa:3914+hsa:3915+hsa:3918">
        <graphics name="LAMC3, OCCM..." fgcolor="#000000" bgcolor="#BFFFBF"
             type="rectangle" x="101" y="711" width="46" height="17"/>
    </entry>
    <entry id="34" name="hsa:10319 hsa:22798 hsa:284217 hsa:3908 hsa:3909 hsa:3910 hsa:3911 hsa:3912 hsa:3913 hsa:3914 hsa:3915 hsa:3918" type="gene"
        link="http://www.kegg.jp/dbget-bin/www_bget?hsa:10319+hsa:22798+hsa:284217+hsa:3908+hsa:3909+hsa:3910+hsa:3911+hsa:3912+hsa:3913+hsa:3914+hsa:3915+hsa:3918">
        <graphics name="LAMC3, OCCM..." fgcolor="#000000" bgcolor="#BFFFBF"
             type="rectangle" x="101" y="369" width="46" height="17"/>
    </entry>
    <entry id="35" name="hsa:10319 hsa:22798 hsa:284217 hsa:3908 hsa:3909 hsa:3910 hsa:3911 hsa:3912 hsa:3913 hsa:3914 hsa:3915 hsa:3918" type="gene"
        link="http://www.kegg.jp/dbget-bin/www_bget?hsa:10319+hsa:22798+hsa:284217+hsa:3908+hsa:3909+hsa:3910+hsa:3911+hsa:3912+hsa:3913+hsa:3914+hsa:3915+hsa:3918">
        <graphics name="LAMC3, OCCM..." fgcolor="#000000" bgcolor="#BFFFBF"
             type="rectangle" x="101" y="282" width="46" height="17"/>
    </entry>
    <entry id="36" name="hsa:1277 hsa:1278 hsa:1280 hsa:1282 hsa:1284 hsa:1285 hsa:1286 hsa:1287 hsa:1288 hsa:1291 hsa:1292 hsa:1293 hsa:1297 hsa:1298 hsa:1299 hsa:131873 hsa:256076" type="gene"
        link="http://www.kegg.jp/dbget-bin/www_bget?hsa:1277+hsa:1278+hsa:1280+hsa:1282+hsa:1284+hsa:1285+hsa:1286+hsa:1287+hsa:1288+hsa:1291+hsa:1292+hsa:1293+hsa:1297+hsa:1298+hsa:1299+hsa:131873+hsa:256076">
        <graphics name="COL1A1, EDSARTH1, EDSC, OI1, OI2, OI3, OI4..." fgcolor="#000000" bgcolor="#BFFFBF"
             type="rectangle" x="757" y="568" width="46" height="17"/>
    </entry>
    <entry id="37" name="hsa:1277 hsa:1278 hsa:1280 hsa:1282 hsa:1284 hsa:1285 hsa:1286 hsa:1287 hsa:1288 hsa:1291 hsa:1292 hsa:1293 hsa:1297 hsa:1298 hsa:1299 hsa:131873 hsa:256076" type="gene"
        link="http://www.kegg.jp/dbget-bin/www_bget?hsa:1277+hsa:1278+hsa:1280+hsa:1282+hsa:1284+hsa:1285+hsa:1286+hsa:1287+hsa:1288+hsa:1291+hsa:1292+hsa:1293+hsa:1297+hsa:1298+hsa:1299+hsa:131873+hsa:256076">
        <graphics name="COL1A1, EDSARTH1, EDSC, OI1, OI2, OI3, OI4..." fgcolor="#000000" bgcolor="#BFFFBF"
             type="rectangle" x="757" y="269" width="46" height="17"/>
    </entry>
    <entry id="38" name="hsa:1277 hsa:1278 hsa:1280 hsa:1282 hsa:1284 hsa:1285 hsa:1286 hsa:1287 hsa:1288 hsa:1291 hsa:1292 hsa:1293 hsa:1297 hsa:1298 hsa:1299 hsa:131873 hsa:256076" type="gene"
        link="http://www.kegg.jp/dbget-bin/www_bget?hsa:1277+hsa:1278+hsa:1280+hsa:1282+hsa:1284+hsa:1285+hsa:1286+hsa:1287+hsa:1288+hsa:1291+hsa:1292+hsa:1293+hsa:1297+hsa:1298+hsa:1299+hsa:131873+hsa:256076">
        <graphics name="COL1A1, EDSARTH1, EDSC, OI1, OI2, OI3, OI4..." fgcolor="#000000" bgcolor="#BFFFBF"
             type="rectangle" x="757" y="188" width="46" height="17"/>
    </entry>
    <entry id="39" name="hsa:1277 hsa:1278 hsa:1280 hsa:1282 hsa:1284 hsa:1285 hsa:1286 hsa:1287 hsa:1288 hsa:1291 hsa:1292 hsa:1293 hsa:1297 hsa:1298 hsa:1299 hsa:131873 hsa:256076" type="gene"
        link="http://www.kegg.jp/dbget-bin/www_bget?hsa:1277+hsa:1278+hsa:1280+hsa:1282+hsa:1284+hsa:1285+hsa:1286+hsa:1287+hsa:1288+hsa:1291+hsa:1292+hsa:1293+hsa:1297+hsa:1298+hsa:1299+hsa:131873+hsa:256076">
        <graphics name="COL1A1, EDSARTH1, EDSC, OI1, OI2, OI3, OI4..." fgcolor="#000000" bgcolor="#BFFFBF"
             type="rectangle" x="484" y="679" width="46" height="17"/>
    </entry>
    <entry id="40" name="hsa:1277 hsa:1278 hsa:1280 hsa:1282 hsa:1284 hsa:1285 hsa:1286 hsa:1287 hsa:1288 hsa:1291 hsa:1292 hsa:1293 hsa:1297 hsa:1298 hsa:1299 hsa:131873 hsa:256076" type="gene"
        link="http://www.kegg.jp/dbget-bin/www_bget?hsa:1277+hsa:1278+hsa:1280+hsa:1282+hsa:1284+hsa:1285+hsa:1286+hsa:1287+hsa:1288+hsa:1291+hsa:1292+hsa:1293+hsa:1297+hsa:1298+hsa:1299+hsa:131873+hsa:256076">
        <graphics name="COL1A1, EDSARTH1, EDSC, OI1, OI2, OI3, OI4..." fgcolor="#000000" bgcolor="#BFFFBF"
             type="rectangle" x="294" y="524" width="46" height="17"/>
    </entry>
    <entry id="41" name="hsa:1277 hsa:1278 hsa:1280 hsa:1282 hsa:1284 hsa:1285 hsa:1286 hsa:1287 hsa:1288 hsa:1291 hsa:1292 hsa:1293 hsa:1297 hsa:1298 hsa:1299 hsa:131873 hsa:256076" type="gene"
        link="http://www.kegg.jp/dbget-bin/www_bget?hsa:1277+hsa:1278+hsa:1280+hsa:1282+hsa:1284+hsa:1285+hsa:1286+hsa:1287+hsa:1288+hsa:1291+hsa:1292+hsa:1293+hsa:1297+hsa:1298+hsa:1299+hsa:131873+hsa:256076">
        <graphics name="COL1A1, EDSARTH1, EDSC, OI1, OI2, OI3, OI4..." fgcolor="#000000" bgcolor="#BFFFBF"
             type="rectangle" x="294" y="458" width="46" height="17"/>
    </entry>
    <entry id="42" name="hsa:1277 hsa:1278 hsa:1280 hsa:1282 hsa:1284 hsa:1285 hsa:1286 hsa:1287 hsa:1288 hsa:1291 hsa:1292 hsa:1293 hsa:1297 hsa:1298 hsa:1299 hsa:131873 hsa:256076" type="gene"
        link="http://www.kegg.jp/dbget-bin/www_bget?hsa:1277+hsa:1278+hsa:1280+hsa:1282+hsa:1284+hsa:1285+hsa:1286+hsa:1287+hsa:1288+hsa:1291+hsa:1292+hsa:1293+hsa:1297+hsa:1298+hsa:1299+hsa:131873+hsa:256076">
        <graphics name="COL1A1, EDSARTH1, EDSC, OI1, OI2, OI3, OI4..." fgcolor="#000000" bgcolor="#BFFFBF"
             type="rectangle" x="101" y="441" width="46" height="17"/>
    </entry>
    <entry id="43" name="hsa:1277 hsa:1278 hsa:1280 hsa:1282 hsa:1284 hsa:1285 hsa:1286 hsa:1287 hsa:1288 hsa:1291 hsa:1292 hsa:1293 hsa:1297 hsa:1298 hsa:1299 hsa:131873 hsa:256076" type="gene"
        link="http://www.kegg.jp/dbget-bin/www_bget?hsa:1277+hsa:1278+hsa:1280+hsa:1282+hsa:1284+hsa:1285+hsa:1286+hsa:1287+hsa:1288+hsa:1291+hsa:1292+hsa:1293+hsa:1297+hsa:1298+hsa:1299+hsa:131873+hsa:256076">
        <graphics name="COL1A1, EDSARTH1, EDSC, OI1, OI2, OI3, OI4..." fgcolor="#000000" bgcolor="#BFFFBF"
             type="rectangle" x="101" y="258" width="46" height="17"/>
    </entry>
    <entry id="44" name="hsa:1605" type="gene"
        link="http://www.kegg.jp/dbget-bin/www_bget?hsa:1605">
        <graphics name="DAG1, 156DAG, A3a, AGRNR, DAG, LGMDR16, MDDGA9, MDDGC7, MDDGC9" fgcolor="#000000" bgcolor="#BFFFBF"
             type="rectangle" x="841" y="651" width="46" height="17"/>
    </entry>
    <entry id="45" name="hsa:3371 hsa:63923 hsa:7143 hsa:7148" type="gene"
        link="http://www.kegg.jp/dbget-bin/www_bget?hsa:3371+hsa:63923+hsa:7143+hsa:7148">
        <graphics name="TNC, 150-225, DFNA56, GMEM, GP, HXB, JI, TN, TN-C..." fgcolor="#000000" bgcolor="#BFFFBF"
             type="rectangle" x="757" y="342" width="46" height="17"/>
    </entry>
    <entry id="46" name="hsa:51206" type="gene"
        link="http://www.kegg.jp/dbget-bin/www_bget?hsa:51206">
        <graphics name="GP6, BDPLT11, GPIV, GPVI" fgcolor="#000000" bgcolor="#BFFFBF"
             type="rectangle" x="840" y="568" width="46" height="17"/>
    </entry>
    <entry id="47" name="hsa:2815" type="gene"
        link="http://www.kegg.jp/dbget-bin/www_bget?hsa:2815">
        <graphics name="GP9, CD42a, GPIX" fgcolor="#000000" bgcolor="#BFFFBF"
             type="rectangle" x="840" y="536" width="46" height="17"/>
    </entry>
    <entry id="48" name="hsa:2812" type="gene"
        link="http://www.kegg.jp/dbget-bin/www_bget?hsa:2812">
        <graphics name="GP1BB, BDPLT1, BS, CD42C, GPIBB, GPIbbeta" fgcolor="#000000" bgcolor="#BFFFBF"
             type="rectangle" x="840" y="519" width="46" height="17"/>
    </entry>
    <entry id="49" name="hsa:2811" type="gene"
        link="http://www.kegg.jp/dbget-bin/www_bget?hsa:2811">
        <graphics name="GP1BA, BDPLT1, BDPLT3, BSS, CD42B, CD42b-alpha, DBPLT3, GP1B, GPIbA, GPIbalpha, VWDP" fgcolor="#000000" bgcolor="#BFFFBF"
             type="rectangle" x="840" y="502" width="46" height="17"/>
    </entry>
    <entry id="50" name="hsa:2814" type="gene"
        link="http://www.kegg.jp/dbget-bin/www_bget?hsa:2814">
        <graphics name="GP5, CD42d, GPV" fgcolor="#000000" bgcolor="#BFFFBF"
             type="rectangle" x="840" y="485" width="46" height="17"/>
    </entry>
    <entry id="51" name="hsa:7450" type="gene"
        link="http://www.kegg.jp/dbget-bin/www_bget?hsa:7450">
        <graphics name="VWF, F8VWF, VWD" fgcolor="#000000" bgcolor="#BFFFBF"
             type="rectangle" x="757" y="511" width="46" height="17"/>
    </entry>
    <entry id="52" name="gl:G10505" type="compound"
        link="http://www.kegg.jp/dbget-bin/www_bget?G10505">
        <graphics name="G10505" fgcolor="#000000" bgcolor="#FFFFFF"
             type="circle" x="763" y="792" width="8" height="8"/>
    </entry>
    <entry id="53" name="hsa:3381" type="gene"
        link="http://www.kegg.jp/dbget-bin/www_bget?hsa:3381">
        <graphics name="IBSP, BNSP, BSP, BSP-II, SP-II" fgcolor="#000000" bgcolor="#BFFFBF"
             type="rectangle" x="484" y="533" width="46" height="17"/>
    </entry>
    <entry id="54" name="hsa:7450" type="gene"
        link="http://www.kegg.jp/dbget-bin/www_bget?hsa:7450">
        <graphics name="VWF, F8VWF, VWD" fgcolor="#000000" bgcolor="#BFFFBF"
             type="rectangle" x="484" y="419" width="46" height="17"/>
    </entry>
    <entry id="55" name="hsa:3371 hsa:63923 hsa:7143 hsa:7148" type="gene"
        link="http://www.kegg.jp/dbget-bin/www_bget?hsa:3371+hsa:63923+hsa:7143+hsa:7148">
        <graphics name="TNC, 150-225, DFNA56, GMEM, GP, HXB, JI, TN, TN-C..." fgcolor="#000000" bgcolor="#BFFFBF"
             type="rectangle" x="484" y="621" width="46" height="17"/>
    </entry>
    <entry id="56" name="hsa:3371 hsa:63923 hsa:7143 hsa:7148" type="gene"
        link="http://www.kegg.jp/dbget-bin/www_bget?hsa:3371+hsa:63923+hsa:7143+hsa:7148">
        <graphics name="TNC, 150-225, DFNA56, GMEM, GP, HXB, JI, TN, TN-C..." fgcolor="#000000" bgcolor="#BFFFBF"
             type="rectangle" x="484" y="257" width="46" height="17"/>
    </entry>
    <entry id="57" name="hsa:3371 hsa:63923 hsa:7143 hsa:7148" type="gene"
        link="http://www.kegg.jp/dbget-bin/www_bget?hsa:3371+hsa:63923+hsa:7143+hsa:7148">
        <graphics name="TNC, 150-225, DFNA56, GMEM, GP, HXB, JI, TN, TN-C..." fgcolor="#000000" bgcolor="#BFFFBF"
             type="rectangle" x="294" y="330" width="46" height="17"/>
    </entry>
    <entry id="58" name="hsa:7448" type="gene"
        link="http://www.kegg.jp/dbget-bin/www_bget?hsa:7448">
        <graphics name="VTN, V75, VN, VNT" fgcolor="#000000" bgcolor="#BFFFBF"
             type="rectangle" x="484" y="751" width="46" height="17"/>
    </entry>
    <entry id="59" name="hsa:7448" type="gene"
        link="http://www.kegg.jp/dbget-bin/www_bget?hsa:7448">
        <graphics name="VTN, V75, VN, VNT" fgcolor="#000000" bgcolor="#BFFFBF"
             type="rectangle" x="484" y="509" width="46" height="17"/>
    </entry>
    <entry id="60" name="hsa:7448" type="gene"
        link="http://www.kegg.jp/dbget-bin/www_bget?hsa:7448">
        <graphics name="VTN, V75, VN, VNT" fgcolor="#000000" bgcolor="#BFFFBF"
             type="rectangle" x="484" y="371" width="46" height="17"/>
    </entry>
    <entry id="61" name="hsa:7448" type="gene"
        link="http://www.kegg.jp/dbget-bin/www_bget?hsa:7448">
        <graphics name="VTN, V75, VN, VNT" fgcolor="#000000" bgcolor="#BFFFBF"
             type="rectangle" x="484" y="163" width="46" height="17"/>
    </entry>
    <entry id="62" name="hsa:7448" type="gene"
        link="http://www.kegg.jp/dbget-bin/www_bget?hsa:7448">
        <graphics name="VTN, V75, VN, VNT" fgcolor="#000000" bgcolor="#BFFFBF"
             type="rectangle" x="294" y="638" width="46" height="17"/>
    </entry>
    <entry id="63" name="hsa:6696" type="gene"
        link="http://www.kegg.jp/dbget-bin/www_bget?hsa:6696">
        <graphics name="SPP1, BNSP, BSPI, ETA-1, OPN" fgcolor="#000000" bgcolor="#BFFFBF"
             type="rectangle" x="484" y="557" width="46" height="17"/>
    </entry>
    <entry id="64" name="hsa:6696" type="gene"
        link="http://www.kegg.jp/dbget-bin/www_bget?hsa:6696">
        <graphics name="SPP1, BNSP, BSPI, ETA-1, OPN" fgcolor="#000000" bgcolor="#BFFFBF"
             type="rectangle" x="484" y="233" width="46" height="17"/>
    </entry>
    <entry id="65" name="hsa:6696" type="gene"
        link="http://www.kegg.jp/dbget-bin/www_bget?hsa:6696">
        <graphics name="SPP1, BNSP, BSPI, ETA-1, OPN" fgcolor="#000000" bgcolor="#BFFFBF"
             type="rectangle" x="294" y="614" width="46" height="17"/>
    </entry>
    <entry id="66" name="hsa:6696" type="gene"
        link="http://www.kegg.jp/dbget-bin/www_bget?hsa:6696">
        <graphics name="SPP1, BNSP, BSPI, ETA-1, OPN" fgcolor="#000000" bgcolor="#BFFFBF"
             type="rectangle" x="294" y="354" width="46" height="17"/>
    </entry>
    <entry id="67" name="hsa:2335" type="gene"
        link="http://www.kegg.jp/dbget-bin/www_bget?hsa:2335">
        <graphics name="FN1, CIG, ED-B, FINC, FN, FNZ, GFND, GFND2, LETS, MSF, SMDCF" fgcolor="#000000" bgcolor="#BFFFBF"
             type="rectangle" x="757" y="293" width="46" height="17"/>
    </entry>
    <entry id="68" name="hsa:2335" type="gene"
        link="http://www.kegg.jp/dbget-bin/www_bget?hsa:2335">
        <graphics name="FN1, CIG, ED-B, FINC, FN, FNZ, GFND, GFND2, LETS, MSF, SMDCF" fgcolor="#000000" bgcolor="#BFFFBF"
             type="rectangle" x="757" y="213" width="46" height="17"/>
    </entry>
    <entry id="69" name="hsa:2335" type="gene"
        link="http://www.kegg.jp/dbget-bin/www_bget?hsa:2335">
        <graphics name="FN1, CIG, ED-B, FINC, FN, FNZ, GFND, GFND2, LETS, MSF, SMDCF" fgcolor="#000000" bgcolor="#BFFFBF"
             type="rectangle" x="484" y="703" width="46" height="17"/>
    </entry>
    <entry id="70" name="hsa:2335" type="gene"
        link="http://www.kegg.jp/dbget-bin/www_bget?hsa:2335">
        <graphics name="FN1, CIG, ED-B, FINC, FN, FNZ, GFND, GFND2, LETS, MSF, SMDCF" fgcolor="#000000" bgcolor="#BFFFBF"
             type="rectangle" x="484" y="596" width="46" height="17"/>
    </entry>
    <entry id="71" name="hsa:2335" type="gene"
        link="http://www.kegg.jp/dbget-bin/www_bget?hsa:2335">
        <graphics name="FN1, CIG, ED-B, FINC, FN, FNZ, GFND, GFND2, LETS, MSF, SMDCF" fgcolor="#000000" bgcolor="#BFFFBF"
             type="rectangle" x="484" y="395" width="46" height="17"/>
    </entry>
    <entry id="72" name="hsa:2335" type="gene"
        link="http://www.kegg.jp/dbget-bin/www_bget?hsa:2335">
        <graphics name="FN1, CIG, ED-B, FINC, FN, FNZ, GFND, GFND2, LETS, MSF, SMDCF" fgcolor="#000000" bgcolor="#BFFFBF"
             type="rectangle" x="484" y="186" width="46" height="17"/>
    </entry>
    <entry id="73" name="hsa:2335" type="gene"
        link="http://www.kegg.jp/dbget-bin/www_bget?hsa:2335">
        <graphics name="FN1, CIG, ED-B, FINC, FN, FNZ, GFND, GFND2, LETS, MSF, SMDCF" fgcolor="#000000" bgcolor="#BFFFBF"
             type="rectangle" x="294" y="780" width="46" height="17"/>
    </entry>
    <entry id="74" name="hsa:2335" type="gene"
        link="http://www.kegg.jp/dbget-bin/www_bget?hsa:2335">
        <graphics name="FN1, CIG, ED-B, FINC, FN, FNZ, GFND, GFND2, LETS, MSF, SMDCF" fgcolor="#000000" bgcolor="#BFFFBF"
             type="rectangle" x="294" y="590" width="46" height="17"/>
    </entry>
    <entry id="75" name="hsa:2335" type="gene"
        link="http://www.kegg.jp/dbget-bin/www_bget?hsa:2335">
        <graphics name="FN1, CIG, ED-B, FINC, FN, FNZ, GFND, GFND2, LETS, MSF, SMDCF" fgcolor="#000000" bgcolor="#BFFFBF"
             type="rectangle" x="294" y="163" width="46" height="17"/>
    </entry>
    <entry id="76" name="hsa:2335" type="gene"
        link="http://www.kegg.jp/dbget-bin/www_bget?hsa:2335">
        <graphics name="FN1, CIG, ED-B, FINC, FN, FNZ, GFND, GFND2, LETS, MSF, SMDCF" fgcolor="#000000" bgcolor="#BFFFBF"
             type="rectangle" x="101" y="633" width="46" height="17"/>
    </entry>
    <entry id="77" name="hsa:2335" type="gene"
        link="http://www.kegg.jp/dbget-bin/www_bget?hsa:2335">
        <graphics name="FN1, CIG, ED-B, FINC, FN, FNZ, GFND, GFND2, LETS, MSF, SMDCF" fgcolor="#000000" bgcolor="#BFFFBF"
             type="rectangle" x="101" y="531" width="46" height="17"/>
    </entry>
    <entry id="78" name="hsa:1311 hsa:7057 hsa:7058 hsa:7059 hsa:7060" type="gene"
        link="http://www.kegg.jp/dbget-bin/www_bget?hsa:1311+hsa:7057+hsa:7058+hsa:7059+hsa:7060">
        <graphics name="COMP, EDM1, EPD1, MED, PSACH, THBS5, TSP5..." fgcolor="#000000" bgcolor="#BFFFBF"
             type="rectangle" x="101" y="416" width="46" height="17"/>
    </entry>
    <entry id="79" name="hsa:1311 hsa:7057 hsa:7058 hsa:7059 hsa:7060" type="gene"
        link="http://www.kegg.jp/dbget-bin/www_bget?hsa:1311+hsa:7057+hsa:7058+hsa:7059+hsa:7060">
        <graphics name="COMP, EDM1, EPD1, MED, PSACH, THBS5, TSP5..." fgcolor="#000000" bgcolor="#BFFFBF"
             type="rectangle" x="484" y="443" width="46" height="17"/>
    </entry>
    <entry id="80" name="hsa:1311 hsa:7057 hsa:7058 hsa:7059 hsa:7060" type="gene"
        link="http://www.kegg.jp/dbget-bin/www_bget?hsa:1311+hsa:7057+hsa:7058+hsa:7059+hsa:7060">
        <graphics name="COMP, EDM1, EPD1, MED, PSACH, THBS5, TSP5..." fgcolor="#000000" bgcolor="#BFFFBF"
             type="rectangle" x="484" y="304" width="46" height="17"/>
    </entry>
    <entry id="81" name="hsa:1311 hsa:7057 hsa:7058 hsa:7059 hsa:7060" type="gene"
        link="http://www.kegg.jp/dbget-bin/www_bget?hsa:1311+hsa:7057+hsa:7058+hsa:7059+hsa:7060">
        <graphics name="COMP, EDM1, EPD1, MED, PSACH, THBS5, TSP5..." fgcolor="#000000" bgcolor="#BFFFBF"
             type="rectangle" x="757" y="741" width="46" height="17"/>
    </entry>
    <entry id="82" name="hsa:1311 hsa:7057 hsa:7058 hsa:7059 hsa:7060" type="gene"
        link="http://www.kegg.jp/dbget-bin/www_bget?hsa:1311+hsa:7057+hsa:7058+hsa:7059+hsa:7060">
        <graphics name="COMP, EDM1, EPD1, MED, PSACH, THBS5, TSP5..." fgcolor="#000000" bgcolor="#BFFFBF"
             type="rectangle" x="757" y="452" width="46" height="17"/>
    </entry>
    <entry id="83" name="hsa:1311 hsa:7057 hsa:7058 hsa:7059 hsa:7060" type="gene"
        link="http://www.kegg.jp/dbget-bin/www_bget?hsa:1311+hsa:7057+hsa:7058+hsa:7059+hsa:7060">
        <graphics name="COMP, EDM1, EPD1, MED, PSACH, THBS5, TSP5..." fgcolor="#000000" bgcolor="#BFFFBF"
             type="rectangle" x="757" y="317" width="46" height="17"/>
    </entry>
    <entry id="84" name="hsa:1277 hsa:1278 hsa:1280 hsa:1282 hsa:1284 hsa:1285 hsa:1286 hsa:1287 hsa:1288 hsa:1291 hsa:1292 hsa:1293 hsa:1297 hsa:1298 hsa:1299 hsa:131873 hsa:256076" type="gene"
        link="http://www.kegg.jp/dbget-bin/www_bget?hsa:1277+hsa:1278+hsa:1280+hsa:1282+hsa:1284+hsa:1285+hsa:1286+hsa:1287+hsa:1288+hsa:1291+hsa:1292+hsa:1293+hsa:1297+hsa:1298+hsa:1299+hsa:131873+hsa:256076">
        <graphics name="COL1A1, EDSARTH1, EDSC, OI1, OI2, OI3, OI4..." fgcolor="#000000" bgcolor="#BFFFBF"
             type="rectangle" x="294" y="378" width="46" height="17"/>
    </entry>
    <entry id="85" name="hsa:3690" type="gene"
        link="http://www.kegg.jp/dbget-bin/www_bget?hsa:3690">
        <graphics name="ITGB3, BDPLT16, BDPLT2, CD61, GP3A, GPIIIa, GT" fgcolor="#000000" bgcolor="#BFFFBF"
             type="rectangle" x="566" y="415" width="46" height="17"/>
    </entry>
    <entry id="86" name="hsa:3688" type="gene"
        link="http://www.kegg.jp/dbget-bin/www_bget?hsa:3688">
        <graphics name="ITGB1, CD29, FNRB, GPIIA, MDF2, MSK12, VLA-BETA, VLAB" fgcolor="#000000" bgcolor="#BFFFBF"
             type="rectangle" x="376" y="635" width="46" height="17"/>
    </entry>
    <entry id="87" name="hsa:3688" type="gene"
        link="http://www.kegg.jp/dbget-bin/www_bget?hsa:3688">
        <graphics name="ITGB1, CD29, FNRB, GPIIA, MDF2, MSK12, VLA-BETA, VLAB" fgcolor="#000000" bgcolor="#BFFFBF"
             type="rectangle" x="376" y="533" width="46" height="17"/>
    </entry>
    <entry id="88" name="hsa:3688" type="gene"
        link="http://www.kegg.jp/dbget-bin/www_bget?hsa:3688">
        <graphics name="ITGB1, CD29, FNRB, GPIIA, MDF2, MSK12, VLA-BETA, VLAB" fgcolor="#000000" bgcolor="#BFFFBF"
             type="rectangle" x="376" y="466" width="46" height="17"/>
    </entry>
    <entry id="89" name="hsa:3688" type="gene"
        link="http://www.kegg.jp/dbget-bin/www_bget?hsa:3688">
        <graphics name="ITGB1, CD29, FNRB, GPIIA, MDF2, MSK12, VLA-BETA, VLAB" fgcolor="#000000" bgcolor="#BFFFBF"
             type="rectangle" x="376" y="374" width="46" height="17"/>
    </entry>
    <entry id="90" name="hsa:3688" type="gene"
        link="http://www.kegg.jp/dbget-bin/www_bget?hsa:3688">
        <graphics name="ITGB1, CD29, FNRB, GPIIA, MDF2, MSK12, VLA-BETA, VLAB" fgcolor="#000000" bgcolor="#BFFFBF"
             type="rectangle" x="376" y="213" width="46" height="17"/>
    </entry>
    <entry id="91" name="hsa:3688" type="gene"
        link="http://www.kegg.jp/dbget-bin/www_bget?hsa:3688">
        <graphics name="ITGB1, CD29, FNRB, GPIIA, MDF2, MSK12, VLA-BETA, VLAB" fgcolor="#000000" bgcolor="#BFFFBF"
             type="rectangle" x="184" y="792" width="46" height="17"/>
    </entry>
    <entry id="92" name="hsa:3688" type="gene"
        link="http://www.kegg.jp/dbget-bin/www_bget?hsa:3688">
        <graphics name="ITGB1, CD29, FNRB, GPIIA, MDF2, MSK12, VLA-BETA, VLAB" fgcolor="#000000" bgcolor="#BFFFBF"
             type="rectangle" x="184" y="720" width="46" height="17"/>
    </entry>
    <entry id="93" name="hsa:3688" type="gene"
        link="http://www.kegg.jp/dbget-bin/www_bget?hsa:3688">
        <graphics name="ITGB1, CD29, FNRB, GPIIA, MDF2, MSK12, VLA-BETA, VLAB" fgcolor="#000000" bgcolor="#BFFFBF"
             type="rectangle" x="184" y="641" width="46" height="17"/>
    </entry>
    <entry id="94" name="hsa:3688" type="gene"
        link="http://www.kegg.jp/dbget-bin/www_bget?hsa:3688">
        <graphics name="ITGB1, CD29, FNRB, GPIIA, MDF2, MSK12, VLA-BETA, VLAB" fgcolor="#000000" bgcolor="#BFFFBF"
             type="rectangle" x="184" y="553" width="46" height="17"/>
    </entry>
    <entry id="95" name="hsa:3688" type="gene"
        link="http://www.kegg.jp/dbget-bin/www_bget?hsa:3688">
        <graphics name="ITGB1, CD29, FNRB, GPIIA, MDF2, MSK12, VLA-BETA, VLAB" fgcolor="#000000" bgcolor="#BFFFBF"
             type="rectangle" x="184" y="425" width="46" height="17"/>
    </entry>
    <entry id="96" name="hsa:3688" type="gene"
        link="http://www.kegg.jp/dbget-bin/www_bget?hsa:3688">
        <graphics name="ITGB1, CD29, FNRB, GPIIA, MDF2, MSK12, VLA-BETA, VLAB" fgcolor="#000000" bgcolor="#BFFFBF"
             type="rectangle" x="184" y="291" width="46" height="17"/>
    </entry>
    <entry id="97" name="hsa:3655" type="gene"
        link="http://www.kegg.jp/dbget-bin/www_bget?hsa:3655">
        <graphics name="ITGA6, CD49f, ITGA6B, VLA-6" fgcolor="#000000" bgcolor="#BFFFBF"
             type="rectangle" x="567" y="784" width="46" height="17"/>
    </entry>
    <entry id="98" name="hsa:3685" type="gene"
        link="http://www.kegg.jp/dbget-bin/www_bget?hsa:3685">
        <graphics name="ITGAV, CD51, MSK8, VNRA, VTNR" fgcolor="#000000" bgcolor="#BFFFBF"
             type="rectangle" x="567" y="707" width="46" height="17"/>
    </entry>
    <entry id="99" name="hsa:3685" type="gene"
        link="http://www.kegg.jp/dbget-bin/www_bget?hsa:3685">
        <graphics name="ITGAV, CD51, MSK8, VNRA, VTNR" fgcolor="#000000" bgcolor="#BFFFBF"
             type="rectangle" x="567" y="613" width="46" height="17"/>
    </entry>
    <entry id="100" name="hsa:3685" type="gene"
        link="http://www.kegg.jp/dbget-bin/www_bget?hsa:3685">
        <graphics name="ITGAV, CD51, MSK8, VNRA, VTNR" fgcolor="#000000" bgcolor="#BFFFBF"
             type="rectangle" x="567" y="524" width="46" height="17"/>
    </entry>
    <entry id="101" name="hsa:3685" type="gene"
        link="http://www.kegg.jp/dbget-bin/www_bget?hsa:3685">
        <graphics name="ITGAV, CD51, MSK8, VNRA, VTNR" fgcolor="#000000" bgcolor="#BFFFBF"
             type="rectangle" x="566" y="236" width="46" height="17"/>
    </entry>
    <entry id="102" name="hsa:3676" type="gene"
        link="http://www.kegg.jp/dbget-bin/www_bget?hsa:3676">
        <graphics name="ITGA4, CD49D, IA4" fgcolor="#000000" bgcolor="#BFFFBF"
             type="rectangle" x="376" y="771" width="46" height="17"/>
    </entry>
    <entry id="103" name="hsa:3161" type="gene"
        link="http://www.kegg.jp/dbget-bin/www_bget?hsa:3161">
        <graphics name="HMMR, CD168, IHABP, RHAMM" fgcolor="#000000" bgcolor="#BFFFBF"
             type="rectangle" x="840" y="793" width="46" height="17"/>
    </entry>
    <entry id="104" name="hsa:961" type="gene"
        link="http://www.kegg.jp/dbget-bin/www_bget?hsa:961">
        <graphics name="CD47, IAP, MER6, OA3" fgcolor="#000000" bgcolor="#BFFFBF"
             type="rectangle" x="840" y="741" width="46" height="17"/>
    </entry>
    <entry id="105" name="hsa:1605" type="gene"
        link="http://www.kegg.jp/dbget-bin/www_bget?hsa:1605">
        <graphics name="DAG1, 156DAG, A3a, AGRNR, DAG, LGMDR16, MDDGA9, MDDGC7, MDDGC9" fgcolor="#000000" bgcolor="#BFFFBF"
             type="rectangle" x="796" y="651" width="46" height="17"/>
    </entry>
    <entry id="106" name="hsa:948" type="gene"
        link="http://www.kegg.jp/dbget-bin/www_bget?hsa:948">
        <graphics name="CD36, BDPLT10, CHDS7, FAT, GP3B, GP4, GPIV, PASIV, SCARB3" fgcolor="#000000" bgcolor="#BFFFBF"
             type="rectangle" x="840" y="452" width="46" height="17"/>
    </entry>
    <entry id="107" name="hsa:22987 hsa:9899 hsa:9900" type="gene"
        link="http://www.kegg.jp/dbget-bin/www_bget?hsa:22987+hsa:9899+hsa:9900">
        <graphics name="SV2C..." fgcolor="#000000" bgcolor="#BFFFBF"
             type="rectangle" x="840" y="372" width="46" height="17"/>
    </entry>
    <entry id="108" name="hsa:6382 hsa:6385" type="gene"
        link="http://www.kegg.jp/dbget-bin/www_bget?hsa:6382+hsa:6385">
        <graphics name="SDC1, CD138, SDC, SYND1, syndecan..." fgcolor="#000000" bgcolor="#BFFFBF"
             type="rectangle" x="840" y="305" width="46" height="17"/>
    </entry>
    <entry id="109" name="hsa:3339" type="gene"
        link="http://www.kegg.jp/dbget-bin/www_bget?hsa:3339">
        <graphics name="HSPG2, HSPG, PLC, PRCAN, SJA, SJS, SJS1" fgcolor="#000000" bgcolor="#BFFFBF"
             type="rectangle" x="714" y="676" width="46" height="17"/>
    </entry>
    <entry id="110" name="hsa:3691" type="gene"
        link="http://www.kegg.jp/dbget-bin/www_bget?hsa:3691">
        <graphics name="ITGB4, CD104, GP150" fgcolor="#000000" bgcolor="#BFFFBF"
             type="rectangle" x="567" y="801" width="46" height="17"/>
    </entry>
    <entry id="111" name="hsa:3696" type="gene"
        link="http://www.kegg.jp/dbget-bin/www_bget?hsa:3696">
        <graphics name="ITGB8" fgcolor="#000000" bgcolor="#BFFFBF"
             type="rectangle" x="567" y="724" width="46" height="17"/>
    </entry>
    <entry id="112" name="hsa:3694" type="gene"
        link="http://www.kegg.jp/dbget-bin/www_bget?hsa:3694">
        <graphics name="ITGB6, AI1H" fgcolor="#000000" bgcolor="#BFFFBF"
             type="rectangle" x="567" y="630" width="46" height="17"/>
    </entry>
    <entry id="113" name="hsa:3693" type="gene"
        link="http://www.kegg.jp/dbget-bin/www_bget?hsa:3693">
        <graphics name="ITGB5" fgcolor="#000000" bgcolor="#BFFFBF"
             type="rectangle" x="567" y="541" width="46" height="17"/>
    </entry>
    <entry id="114" name="hsa:3674" type="gene"
        link="http://www.kegg.jp/dbget-bin/www_bget?hsa:3674">
        <graphics name="ITGA2B, BDPLT16, BDPLT2, CD41, CD41B, GP2B, GPIIb, GT, GTA, HPA3, PPP1R93" fgcolor="#000000" bgcolor="#BFFFBF"
             type="rectangle" x="566" y="398" width="46" height="17"/>
    </entry>
    <entry id="115" name="hsa:3690" type="gene"
        link="http://www.kegg.jp/dbget-bin/www_bget?hsa:3690">
        <graphics name="ITGB3, BDPLT16, BDPLT2, CD61, GP3A, GPIIIa, GT" fgcolor="#000000" bgcolor="#BFFFBF"
             type="rectangle" x="566" y="253" width="46" height="17"/>
    </entry>
    <entry id="116" name="hsa:3695" type="gene"
        link="http://www.kegg.jp/dbget-bin/www_bget?hsa:3695">
        <graphics name="ITGB7" fgcolor="#000000" bgcolor="#BFFFBF"
             type="rectangle" x="376" y="788" width="46" height="17"/>
    </entry>
    <entry id="117" name="hsa:3685" type="gene"
        link="http://www.kegg.jp/dbget-bin/www_bget?hsa:3685">
        <graphics name="ITGAV, CD51, MSK8, VNRA, VTNR" fgcolor="#000000" bgcolor="#BFFFBF"
             type="rectangle" x="376" y="618" width="46" height="17"/>
    </entry>
    <entry id="118" name="hsa:22801" type="gene"
        link="http://www.kegg.jp/dbget-bin/www_bget?hsa:22801">
        <graphics name="ITGA11, HsT18964" fgcolor="#000000" bgcolor="#BFFFBF"
             type="rectangle" x="376" y="516" width="46" height="17"/>
    </entry>
    <entry id="119" name="hsa:8515" type="gene"
        link="http://www.kegg.jp/dbget-bin/www_bget?hsa:8515">
        <graphics name="ITGA10, PRO827" fgcolor="#000000" bgcolor="#BFFFBF"
             type="rectangle" x="376" y="449" width="46" height="17"/>
    </entry>
    <entry id="120" name="hsa:3680" type="gene"
        link="http://www.kegg.jp/dbget-bin/www_bget?hsa:3680">
        <graphics name="ITGA9, ALPHA-RLC, ITGA4L, RLC" fgcolor="#000000" bgcolor="#BFFFBF"
             type="rectangle" x="376" y="357" width="46" height="17"/>
    </entry>
    <entry id="121" name="hsa:8516" type="gene"
        link="http://www.kegg.jp/dbget-bin/www_bget?hsa:8516">
        <graphics name="ITGA8" fgcolor="#000000" bgcolor="#BFFFBF"
             type="rectangle" x="376" y="196" width="46" height="17"/>
    </entry>
    <entry id="122" name="hsa:3679" type="gene"
        link="http://www.kegg.jp/dbget-bin/www_bget?hsa:3679">
        <graphics name="ITGA7" fgcolor="#000000" bgcolor="#BFFFBF"
             type="rectangle" x="184" y="775" width="46" height="17"/>
    </entry>
    <entry id="123" name="hsa:3655" type="gene"
        link="http://www.kegg.jp/dbget-bin/www_bget?hsa:3655">
        <graphics name="ITGA6, CD49f, ITGA6B, VLA-6" fgcolor="#000000" bgcolor="#BFFFBF"
             type="rectangle" x="184" y="703" width="46" height="17"/>
    </entry>
    <entry id="124" name="hsa:3678" type="gene"
        link="http://www.kegg.jp/dbget-bin/www_bget?hsa:3678">
        <graphics name="ITGA5, CD49e, FNRA, VLA-5, VLA5A" fgcolor="#000000" bgcolor="#BFFFBF"
             type="rectangle" x="184" y="624" width="46" height="17"/>
    </entry>
    <entry id="125" name="hsa:3676" type="gene"
        link="http://www.kegg.jp/dbget-bin/www_bget?hsa:3676">
        <graphics name="ITGA4, CD49D, IA4" fgcolor="#000000" bgcolor="#BFFFBF"
             type="rectangle" x="184" y="536" width="46" height="17"/>
    </entry>
    <entry id="126" name="hsa:3675" type="gene"
        link="http://www.kegg.jp/dbget-bin/www_bget?hsa:3675">
        <graphics name="ITGA3, CD49C, FRP-2, GAP-B3, GAPB3, ILNEB, MSK18, VCA-2, VL3A, VLA3a" fgcolor="#000000" bgcolor="#BFFFBF"
             type="rectangle" x="184" y="408" width="46" height="17"/>
    </entry>
    <entry id="127" name="path:hsa04510" type="map"
        link="http://www.kegg.jp/dbget-bin/www_bget?hsa04510">
        <graphics name="Focal adhesion" fgcolor="#000000" bgcolor="#FFFFFF"
             type="roundrectangle" x="662" y="378" width="104" height="25"/>
    </entry>
    <entry id="128" name="hsa:3688" type="gene"
        link="http://www.kegg.jp/dbget-bin/www_bget?hsa:3688">
        <graphics name="ITGB1, CD29, FNRB, GPIIA, MDF2, MSK12, VLA-BETA, VLAB" fgcolor="#000000" bgcolor="#BFFFBF"
             type="rectangle" x="184" y="185" width="46" height="17"/>
    </entry>
    <entry id="129" name="hsa:3672" type="gene"
        link="http://www.kegg.jp/dbget-bin/www_bget?hsa:3672">
        <graphics name="ITGA1, CD49a, VLA1" fgcolor="#000000" bgcolor="#BFFFBF"
             type="rectangle" x="184" y="168" width="46" height="17"/>
    </entry>
    <entry id="130" name="hsa:3371 hsa:63923 hsa:7143 hsa:7148" type="gene"
        link="http://www.kegg.jp/dbget-bin/www_bget?hsa:3371+hsa:63923+hsa:7143+hsa:7148">
        <graphics name="TNC, 150-225, DFNA56, GMEM, GP, HXB, JI, TN, TN-C..." fgcolor="#000000" bgcolor="#BFFFBF"
             type="rectangle" x="294" y="211" width="46" height="17"/>
    </entry>
    <entry id="131" name="gl:G10505" type="compound"
        link="http://www.kegg.jp/dbget-bin/www_bget?G10505">
        <graphics name="G10505" fgcolor="#000000" bgcolor="#FFFFFF"
             type="circle" x="764" y="159" width="8" height="8"/>
    </entry>
    <entry id="132" name="hsa:7450" type="gene"
        link="http://www.kegg.jp/dbget-bin/www_bget?hsa:7450">
        <graphics name="VWF, F8VWF, VWD" fgcolor="#000000" bgcolor="#BFFFBF"
             type="rectangle" x="484" y="210" width="46" height="17"/>
    </entry>
    <entry id="133" name="hsa:7448" type="gene"
        link="http://www.kegg.jp/dbget-bin/www_bget?hsa:7448">
        <graphics name="VTN, V75, VN, VNT" fgcolor="#000000" bgcolor="#BFFFBF"
             type="rectangle" x="294" y="187" width="46" height="17"/>
    </entry>
    <entry id="134" name="hsa:255743" type="gene"
        link="http://www.kegg.jp/dbget-bin/www_bget?hsa:255743">
        <graphics name="NPNT, EGFL6L, POEM" fgcolor="#000000" bgcolor="#BFFFBF"
             type="rectangle" x="294" y="235" width="46" height="17"/>
    </entry>
    <entry id="135" name="hsa:2335" type="gene"
        link="http://www.kegg.jp/dbget-bin/www_bget?hsa:2335">
        <graphics name="FN1, CIG, ED-B, FINC, FN, FNZ, GFND, GFND2, LETS, MSF, SMDCF" fgcolor="#000000" bgcolor="#BFFFBF"
             type="rectangle" x="101" y="465" width="46" height="17"/>
    </entry>
    <entry id="136" name="hsa:3381" type="gene"
        link="http://www.kegg.jp/dbget-bin/www_bget?hsa:3381">
        <graphics name="IBSP, BNSP, BSP, BSP-II, SP-II" fgcolor="#000000" bgcolor="#BFFFBF"
             type="rectangle" x="484" y="281" width="46" height="17"/>
    </entry>
    <entry id="137" name="hsa:10319 hsa:22798 hsa:284217 hsa:3908 hsa:3909 hsa:3910 hsa:3911 hsa:3912 hsa:3913 hsa:3914 hsa:3915 hsa:3918" type="gene"
        link="http://www.kegg.jp/dbget-bin/www_bget?hsa:10319+hsa:22798+hsa:284217+hsa:3908+hsa:3909+hsa:3910+hsa:3911+hsa:3912+hsa:3913+hsa:3914+hsa:3915+hsa:3918">
        <graphics name="LAMC3, OCCM..." fgcolor="#000000" bgcolor="#BFFFBF"
             type="rectangle" x="101" y="190" width="46" height="17"/>
    </entry>
    <entry id="138" name="hsa:6696" type="gene"
        link="http://www.kegg.jp/dbget-bin/www_bget?hsa:6696">
        <graphics name="SPP1, BNSP, BSPI, ETA-1, OPN" fgcolor="#000000" bgcolor="#BFFFBF"
             type="rectangle" x="101" y="559" width="46" height="17"/>
    </entry>
    <entry id="139" name="hsa:1101" type="gene"
        link="http://www.kegg.jp/dbget-bin/www_bget?hsa:1101">
        <graphics name="CHAD, SLRR4A" fgcolor="#000000" bgcolor="#BFFFBF"
             type="rectangle" x="101" y="306" width="46" height="17"/>
    </entry>
    <entry id="140" name="hsa:1277 hsa:1278 hsa:1280 hsa:1282 hsa:1284 hsa:1285 hsa:1286 hsa:1287 hsa:1288 hsa:1291 hsa:1292 hsa:1293 hsa:1297 hsa:1298 hsa:1299 hsa:131873 hsa:256076" type="gene"
        link="http://www.kegg.jp/dbget-bin/www_bget?hsa:1277+hsa:1278+hsa:1280+hsa:1282+hsa:1284+hsa:1285+hsa:1286+hsa:1287+hsa:1288+hsa:1291+hsa:1292+hsa:1293+hsa:1297+hsa:1298+hsa:1299+hsa:131873+hsa:256076">
        <graphics name="COL1A1, EDSARTH1, EDSC, OI1, OI2, OI3, OI4..." fgcolor="#000000" bgcolor="#BFFFBF"
             type="rectangle" x="101" y="164" width="46" height="17"/>
    </entry>
    <entry id="141" name="hsa:5649" type="gene"
        link="http://www.kegg.jp/dbget-bin/www_bget?hsa:5649">
        <graphics name="RELN, ETL7, LIS2, PRO1598, RL" fgcolor="#000000" bgcolor="#BFFFBF"
             type="rectangle" x="101" y="392" width="46" height="17"/>
    </entry>
    <entry id="142" name="path:hsa04512" type="map"
        link="http://www.kegg.jp/dbget-bin/www_bget?hsa04512">
        <graphics name="TITLE:ECM-receptor interaction" fgcolor="#000000" bgcolor="#FFFFFF"
             type="roundrectangle" x="163" y="58" width="246" height="25"/>
    </entry>
    <entry id="143" name="hsa:960" type="gene"
        link="http://www.kegg.jp/dbget-bin/www_bget?hsa:960">
        <graphics name="CD44, CDW44, CSPG8, ECMR-III, HCELL, HUTCH-I, IN, LHR, MC56, MDU2, MDU3, MIC4, Pgp1" fgcolor="#000000" bgcolor="#BFFFBF"
             type="rectangle" x="840" y="198" width="46" height="17"/>
    </entry>
    <entry id="144" name="hsa:3673" type="gene"
        link="http://www.kegg.jp/dbget-bin/www_bget?hsa:3673">
        <graphics name="ITGA2, BR, CD49B, GPIa, HPA-5, VLA-2, VLAA2" fgcolor="#000000" bgcolor="#BFFFBF"
             type="rectangle" x="184" y="274" width="46" height="17"/>
    </entry>
    <entry id="145" name="hsa:375790" type="gene"
        link="http://www.kegg.jp/dbget-bin/www_bget?hsa:375790">
        <graphics name="AGRN, AGRIN, CMS8, CMSPPD" fgcolor="#000000" bgcolor="#BFFFBF"
             type="rectangle" x="714" y="651" width="46" height="17"/>
    </entry>
    <entry id="213" name="hsa:158326 hsa:341640" type="gene"
        link="http://www.kegg.jp/dbget-bin/www_bget?hsa:158326+hsa:341640">
        <graphics name="FREM1, BNAR, C9orf143, C9orf145, C9orf154, MOTA, TILRR, TRIGNO2..." fgcolor="#000000" bgcolor="#BFFFBF"
             type="rectangle" x="294" y="269" width="46" height="17"/>
    </entry>
    <entry id="214" name="hsa:80144" type="gene"
        link="http://www.kegg.jp/dbget-bin/www_bget?hsa:80144">
        <graphics name="FRAS1, FRASRS1" fgcolor="#000000" bgcolor="#BFFFBF"
             type="rectangle" x="294" y="252" width="46" height="17"/>
    </entry>
    <entry id="215" name="hsa:1834" type="gene"
        link="http://www.kegg.jp/dbget-bin/www_bget?hsa:1834">
        <graphics name="DSPP, DFNA39, DGI1, DMP3, DPP, DSP" fgcolor="#000000" bgcolor="#BFFFBF"
             type="rectangle" x="294" y="663" width="46" height="17"/>
    </entry>
    <entry id="216" name="hsa:1834" type="gene"
        link="http://www.kegg.jp/dbget-bin/www_bget?hsa:1834">
        <graphics name="DSPP, DFNA39, DGI1, DMP3, DPP, DSP" fgcolor="#000000" bgcolor="#BFFFBF"
             type="rectangle" x="484" y="645" width="46" height="17"/>
    </entry>
    <entry id="219" name="hsa:1758" type="gene"
        link="http://www.kegg.jp/dbget-bin/www_bget?hsa:1758">
        <graphics name="DMP1, ARHP, ARHR, DMP-1" fgcolor="#000000" bgcolor="#BFFFBF"
             type="rectangle" x="484" y="327" width="46" height="17"/>
    </entry>
    <entry id="220" name="undefined" type="group">
        <graphics fgcolor="#000000" bgcolor="#FFFFFF"
             type="rectangle" x="184" y="176" width="46" height="34"/>
        <component id="128"/>
        <component id="129"/>
    </entry>
    <entry id="221" name="undefined" type="group">
        <graphics fgcolor="#000000" bgcolor="#FFFFFF"
             type="rectangle" x="184" y="282" width="46" height="34"/>
        <component id="144"/>
        <component id="96"/>
    </entry>
    <entry id="222" name="undefined" type="group">
        <graphics fgcolor="#000000" bgcolor="#FFFFFF"
             type="rectangle" x="184" y="416" width="46" height="34"/>
        <component id="126"/>
        <component id="95"/>
    </entry>
    <entry id="223" name="undefined" type="group">
        <graphics fgcolor="#000000" bgcolor="#FFFFFF"
             type="rectangle" x="184" y="544" width="46" height="34"/>
        <component id="125"/>
        <component id="94"/>
    </entry>
    <entry id="224" name="undefined" type="group">
        <graphics fgcolor="#000000" bgcolor="#FFFFFF"
             type="rectangle" x="184" y="632" width="46" height="34"/>
        <component id="124"/>
        <component id="93"/>
    </entry>
    <entry id="225" name="undefined" type="group">
        <graphics fgcolor="#000000" bgcolor="#FFFFFF"
             type="rectangle" x="184" y="711" width="46" height="34"/>
        <component id="123"/>
        <component id="92"/>
    </entry>
    <entry id="226" name="undefined" type="group">
        <graphics fgcolor="#000000" bgcolor="#FFFFFF"
             type="rectangle" x="184" y="783" width="46" height="34"/>
        <component id="122"/>
        <component id="91"/>
    </entry>
    <entry id="227" name="undefined" type="group">
        <graphics fgcolor="#000000" bgcolor="#FFFFFF"
             type="rectangle" x="376" y="204" width="46" height="34"/>
        <component id="121"/>
        <component id="90"/>
    </entry>
    <entry id="228" name="undefined" type="group">
        <graphics fgcolor="#000000" bgcolor="#FFFFFF"
             type="rectangle" x="294" y="252" width="46" height="51"/>
        <component id="134"/>
        <component id="213"/>
        <component id="214"/>
    </entry>
    <entry id="229" name="undefined" type="group">
        <graphics fgcolor="#000000" bgcolor="#FFFFFF"
             type="rectangle" x="376" y="365" width="46" height="34"/>
        <component id="120"/>
        <component id="89"/>
    </entry>
    <entry id="230" name="undefined" type="group">
        <graphics fgcolor="#000000" bgcolor="#FFFFFF"
             type="rectangle" x="376" y="457" width="46" height="34"/>
        <component id="119"/>
        <component id="88"/>
    </entry>
    <entry id="231" name="undefined" type="group">
        <graphics fgcolor="#000000" bgcolor="#FFFFFF"
             type="rectangle" x="376" y="524" width="46" height="34"/>
        <component id="118"/>
        <component id="87"/>
    </entry>
    <entry id="232" name="undefined" type="group">
        <graphics fgcolor="#000000" bgcolor="#FFFFFF"
             type="rectangle" x="376" y="626" width="46" height="34"/>
        <component id="117"/>
        <component id="86"/>
    </entry>
    <entry id="233" name="undefined" type="group">
        <graphics fgcolor="#000000" bgcolor="#FFFFFF"
             type="rectangle" x="376" y="779" width="46" height="34"/>
        <component id="102"/>
        <component id="116"/>
    </entry>
    <entry id="234" name="undefined" type="group">
        <graphics fgcolor="#000000" bgcolor="#FFFFFF"
             type="rectangle" x="566" y="244" width="46" height="34"/>
        <component id="101"/>
        <component id="115"/>
    </entry>
    <entry id="235" name="undefined" type="group">
        <graphics fgcolor="#000000" bgcolor="#FFFFFF"
             type="rectangle" x="566" y="406" width="46" height="34"/>
        <component id="114"/>
        <component id="85"/>
    </entry>
    <entry id="236" name="undefined" type="group">
        <graphics fgcolor="#000000" bgcolor="#FFFFFF"
             type="rectangle" x="567" y="532" width="46" height="34"/>
        <component id="100"/>
        <component id="113"/>
    </entry>
    <entry id="237" name="undefined" type="group">
        <graphics fgcolor="#000000" bgcolor="#FFFFFF"
             type="rectangle" x="567" y="621" width="46" height="34"/>
        <component id="112"/>
        <component id="99"/>
    </entry>
    <entry id="238" name="undefined" type="group">
        <graphics fgcolor="#000000" bgcolor="#FFFFFF"
             type="rectangle" x="567" y="715" width="46" height="34"/>
        <component id="111"/>
        <component id="98"/>
    </entry>
    <entry id="239" name="undefined" type="group">
        <graphics fgcolor="#000000" bgcolor="#FFFFFF"
             type="rectangle" x="567" y="792" width="46" height="34"/>
        <component id="110"/>
        <component id="97"/>
    </entry>
    <entry id="240" name="undefined" type="group">
        <graphics fgcolor="#000000" bgcolor="#FFFFFF"
             type="rectangle" x="840" y="510" width="46" height="68"/>
        <component id="47"/>
        <component id="48"/>
        <component id="49"/>
        <component id="50"/>
    </entry>
    <entry id="241" name="undefined" type="group">
        <graphics fgcolor="#000000" bgcolor="#FFFFFF"
             type="rectangle" x="818" y="651" width="91" height="17"/>
        <component id="105"/>
        <component id="44"/>
    </entry>
    <relation entry1="140" entry2="220" type="PPrel">
        <subtype name="activation" value="--&gt;"/>
    </relation>
    <relation entry1="137" entry2="220" type="PPrel">
        <subtype name="activation" value="--&gt;"/>
    </relation>
    <relation entry1="43" entry2="221" type="PPrel">
        <subtype name="activation" value="--&gt;"/>
    </relation>
    <relation entry1="35" entry2="221" type="PPrel">
        <subtype name="activation" value="--&gt;"/>
    </relation>
    <relation entry1="139" entry2="221" type="PPrel">
        <subtype name="activation" value="--&gt;"/>
    </relation>
    <relation entry1="34" entry2="222" type="PPrel">
        <subtype name="activation" value="--&gt;"/>
    </relation>
    <relation entry1="141" entry2="222" type="PPrel">
        <subtype name="activation" value="--&gt;"/>
    </relation>
    <relation entry1="78" entry2="222" type="PPrel">
        <subtype name="activation" value="--&gt;"/>
    </relation>
    <relation entry1="42" entry2="222" type="PPrel">
        <subtype name="activation" value="--&gt;"/>
    </relation>
    <relation entry1="135" entry2="222" type="PPrel">
        <subtype name="activation" value="--&gt;"/>
    </relation>
    <relation entry1="77" entry2="223" type="PPrel">
        <subtype name="activation" value="--&gt;"/>
    </relation>
    <relation entry1="138" entry2="223" type="PPrel">
        <subtype name="activation" value="--&gt;"/>
    </relation>
    <relation entry1="76" entry2="224" type="PPrel">
        <subtype name="activation" value="--&gt;"/>
    </relation>
    <relation entry1="33" entry2="225" type="PPrel">
        <subtype name="activation" value="--&gt;"/>
    </relation>
    <relation entry1="32" entry2="226" type="PPrel">
        <subtype name="activation" value="--&gt;"/>
    </relation>
    <relation entry1="75" entry2="227" type="PPrel">
        <subtype name="activation" value="--&gt;"/>
    </relation>
    <relation entry1="133" entry2="227" type="PPrel">
        <subtype name="activation" value="--&gt;"/>
    </relation>
    <relation entry1="130" entry2="227" type="PPrel">
        <subtype name="activation" value="--&gt;"/>
    </relation>
    <relation entry1="228" entry2="227" type="PPrel">
        <subtype name="activation" value="--&gt;"/>
    </relation>
    <relation entry1="57" entry2="229" type="PPrel">
        <subtype name="activation" value="--&gt;"/>
    </relation>
    <relation entry1="66" entry2="229" type="PPrel">
        <subtype name="activation" value="--&gt;"/>
    </relation>
    <relation entry1="84" entry2="229" type="PPrel">
        <subtype name="activation" value="--&gt;"/>
    </relation>
    <relation entry1="31" entry2="229" type="PPrel">
        <subtype name="activation" value="--&gt;"/>
    </relation>
    <relation entry1="41" entry2="230" type="PPrel">
        <subtype name="activation" value="--&gt;"/>
    </relation>
    <relation entry1="40" entry2="231" type="PPrel">
        <subtype name="activation" value="--&gt;"/>
    </relation>
    <relation entry1="74" entry2="232" type="PPrel">
        <subtype name="activation" value="--&gt;"/>
    </relation>
    <relation entry1="65" entry2="232" type="PPrel">
        <subtype name="activation" value="--&gt;"/>
    </relation>
    <relation entry1="62" entry2="232" type="PPrel">
        <subtype name="activation" value="--&gt;"/>
    </relation>
    <relation entry1="73" entry2="233" type="PPrel">
        <subtype name="activation" value="--&gt;"/>
    </relation>
    <relation entry1="61" entry2="234" type="PPrel">
        <subtype name="activation" value="--&gt;"/>
    </relation>
    <relation entry1="72" entry2="234" type="PPrel">
        <subtype name="activation" value="--&gt;"/>
    </relation>
    <relation entry1="132" entry2="234" type="PPrel">
        <subtype name="activation" value="--&gt;"/>
    </relation>
    <relation entry1="64" entry2="234" type="PPrel">
        <subtype name="activation" value="--&gt;"/>
    </relation>
    <relation entry1="56" entry2="234" type="PPrel">
        <subtype name="activation" value="--&gt;"/>
    </relation>
    <relation entry1="136" entry2="234" type="PPrel">
        <subtype name="activation" value="--&gt;"/>
    </relation>
    <relation entry1="80" entry2="234" type="PPrel">
        <subtype name="activation" value="--&gt;"/>
    </relation>
    <relation entry1="60" entry2="235" type="PPrel">
        <subtype name="activation" value="--&gt;"/>
    </relation>
    <relation entry1="71" entry2="235" type="PPrel">
        <subtype name="activation" value="--&gt;"/>
    </relation>
    <relation entry1="54" entry2="235" type="PPrel">
        <subtype name="activation" value="--&gt;"/>
    </relation>
    <relation entry1="79" entry2="235" type="PPrel">
        <subtype name="activation" value="--&gt;"/>
    </relation>
    <relation entry1="59" entry2="236" type="PPrel">
        <subtype name="activation" value="--&gt;"/>
    </relation>
    <relation entry1="53" entry2="236" type="PPrel">
        <subtype name="activation" value="--&gt;"/>
    </relation>
    <relation entry1="63" entry2="236" type="PPrel">
        <subtype name="activation" value="--&gt;"/>
    </relation>
    <relation entry1="70" entry2="237" type="PPrel">
        <subtype name="activation" value="--&gt;"/>
    </relation>
    <relation entry1="55" entry2="237" type="PPrel">
        <subtype name="activation" value="--&gt;"/>
    </relation>
    <relation entry1="39" entry2="238" type="PPrel">
        <subtype name="activation" value="--&gt;"/>
    </relation>
    <relation entry1="69" entry2="238" type="PPrel">
        <subtype name="activation" value="--&gt;"/>
    </relation>
    <relation entry1="30" entry2="238" type="PPrel">
        <subtype name="activation" value="--&gt;"/>
    </relation>
    <relation entry1="58" entry2="238" type="PPrel">
        <subtype name="activation" value="--&gt;"/>
    </relation>
    <relation entry1="29" entry2="239" type="PPrel">
        <subtype name="activation" value="--&gt;"/>
    </relation>
    <relation entry1="38" entry2="143" type="PPrel">
        <subtype name="activation" value="--&gt;"/>
    </relation>
    <relation entry1="68" entry2="143" type="PPrel">
        <subtype name="activation" value="--&gt;"/>
    </relation>
    <relation entry1="28" entry2="143" type="PPrel">
        <subtype name="activation" value="--&gt;"/>
    </relation>
    <relation entry1="37" entry2="108" type="PPrel">
        <subtype name="activation" value="--&gt;"/>
    </relation>
    <relation entry1="67" entry2="108" type="PPrel">
        <subtype name="activation" value="--&gt;"/>
    </relation>
    <relation entry1="83" entry2="108" type="PPrel">
        <subtype name="activation" value="--&gt;"/>
    </relation>
    <relation entry1="45" entry2="108" type="PPrel">
        <subtype name="activation" value="--&gt;"/>
    </relation>
    <relation entry1="27" entry2="107" type="PPrel">
        <subtype name="activation" value="--&gt;"/>
    </relation>
    <relation entry1="82" entry2="106" type="PPrel">
        <subtype name="activation" value="--&gt;"/>
    </relation>
    <relation entry1="51" entry2="240" type="PPrel">
        <subtype name="activation" value="--&gt;"/>
    </relation>
    <relation entry1="36" entry2="46" type="PPrel">
        <subtype name="activation" value="--&gt;"/>
    </relation>
    <relation entry1="26" entry2="241" type="PPrel">
        <subtype name="activation" value="--&gt;"/>
    </relation>
    <relation entry1="145" entry2="241" type="PPrel">
        <subtype name="activation" value="--&gt;"/>
    </relation>
    <relation entry1="109" entry2="241" type="PPrel">
        <subtype name="activation" value="--&gt;"/>
    </relation>
    <relation entry1="81" entry2="104" type="PPrel">
        <subtype name="activation" value="--&gt;"/>
    </relation>
    <relation entry1="143" entry2="131" type="PCrel">
        <subtype name="compound" value="131"/>
    </relation>
    <relation entry1="103" entry2="52" type="PCrel">
        <subtype name="compound" value="52"/>
    </relation>
    <relation entry1="216" entry2="237" type="PPrel">
        <subtype name="activation" value="--&gt;"/>
    </relation>
    <relation entry1="215" entry2="232" type="PPrel">
        <subtype name="activation" value="--&gt;"/>
    </relation>
    <relation entry1="219" entry2="234" type="PPrel">
        <subtype name="activation" value="--&gt;"/>
    </relation>
</pathway>
