<?xml version="1.0"?>
<!DOCTYPE pathway SYSTEM "http://www.kegg.jp/kegg/xml/KGML_v0.7.2_.dtd">
<!-- Creation date: Aug 5, 2019 16:50:40 +0900 (GMT+9) -->
<pathway name="path:hsa04140" org="hsa" number="04140"
         title="Autophagy - animal"
         image="http://www.kegg.jp/kegg/pathway/hsa/hsa04140.png"
         link="http://www.kegg.jp/kegg-bin/show_pathway?hsa04140">
    <entry id="7" name="cpd:C04549" type="compound"
        link="http://www.kegg.jp/dbget-bin/www_bget?C04549">
        <graphics name="C04549" fgcolor="#000000" bgcolor="#FFFFFF"
             type="circle" x="932" y="683" width="8" height="8"/>
    </entry>
    <entry id="8" name="cpd:C01194" type="compound"
        link="http://www.kegg.jp/dbget-bin/www_bget?C01194">
        <graphics name="C01194" fgcolor="#000000" bgcolor="#FFFFFF"
             type="circle" x="834" y="683" width="8" height="8"/>
    </entry>
    <entry id="9" name="path:hsa04140" type="map"
        link="http://www.kegg.jp/dbget-bin/www_bget?hsa04140">
        <graphics name="TITLE:Autophagy - animal" fgcolor="#000000" bgcolor="#FFFFFF"
             type="roundrectangle" x="140" y="58" width="200" height="25"/>
    </entry>
    <entry id="118" name="cpd:C05981" type="compound"
        link="http://www.kegg.jp/dbget-bin/www_bget?C05981">
        <graphics name="C05981" fgcolor="#000000" bgcolor="#FFFFFF"
             type="circle" x="302" y="146" width="8" height="8"/>
    </entry>
    <entry id="147" name="cpd:C00350" type="compound"
        link="http://www.kegg.jp/dbget-bin/www_bget?C00350">
        <graphics name="C00350" fgcolor="#000000" bgcolor="#FFFFFF"
             type="circle" x="735" y="983" width="8" height="8"/>
    </entry>
    <entry id="237" name="cpd:C00350" type="compound"
        link="http://www.kegg.jp/dbget-bin/www_bget?C00350">
        <graphics name="C00350" fgcolor="#000000" bgcolor="#FFFFFF"
             type="circle" x="971" y="960" width="8" height="8"/>
    </entry>
    <entry id="252" name="hsa:3480" type="gene"
        link="http://www.kegg.jp/dbget-bin/www_bget?hsa:3480">
        <graphics name="IGF1R, CD221, IGFIR, IGFR, JTK13" fgcolor="#000000" bgcolor="#BFFFBF"
             type="rectangle" x="78" y="159" width="46" height="17"/>
    </entry>
    <entry id="253" name="hsa:3630" type="gene"
        link="http://www.kegg.jp/dbget-bin/www_bget?hsa:3630">
        <graphics name="INS, IDDM, IDDM1, IDDM2, ILPR, IRDN, MODY10" fgcolor="#000000" bgcolor="#BFFFBF"
             type="rectangle" x="78" y="137" width="46" height="17"/>
    </entry>
    <entry id="254" name="hsa:3667 hsa:8471 hsa:8660" type="gene"
        link="http://www.kegg.jp/dbget-bin/www_bget?hsa:3667+hsa:8471+hsa:8660">
        <graphics name="IRS1, HIRS-1..." fgcolor="#000000" bgcolor="#BFFFBF"
             type="rectangle" x="164" y="147" width="46" height="17"/>
    </entry>
    <entry id="255" name="hsa:5290 hsa:5291 hsa:5293 hsa:5295 hsa:5296 hsa:8503" type="gene"
        link="http://www.kegg.jp/dbget-bin/www_bget?hsa:5290+hsa:5291+hsa:5293+hsa:5295+hsa:5296+hsa:8503">
        <graphics name="PIK3CA, CLAPO, CLOVE, CWS5, MCAP, MCM, MCMTC, PI3K, PI3K-alpha, p110-alpha..." fgcolor="#000000" bgcolor="#BFFFBF"
             type="rectangle" x="235" y="146" width="46" height="17"/>
    </entry>
    <entry id="256" name="hsa:5728" type="gene"
        link="http://www.kegg.jp/dbget-bin/www_bget?hsa:5728">
        <graphics name="PTEN, 10q23del, BZS, CWS1, DEC, GLM2, MHAM, MMAC1, PTEN1, PTENbeta, TEP1" fgcolor="#000000" bgcolor="#BFFFBF"
             type="rectangle" x="302" y="113" width="46" height="17"/>
    </entry>
    <entry id="257" name="hsa:5170" type="gene"
        link="http://www.kegg.jp/dbget-bin/www_bget?hsa:5170">
        <graphics name="PDPK1, PDK1, PDPK2, PDPK2P, PRO0461" fgcolor="#000000" bgcolor="#BFFFBF"
             type="rectangle" x="368" y="147" width="46" height="17"/>
    </entry>
    <entry id="258" name="hsa:10000 hsa:207 hsa:208" type="gene"
        link="http://www.kegg.jp/dbget-bin/www_bget?hsa:10000+hsa:207+hsa:208">
        <graphics name="AKT3, MPPH, MPPH2, PKB-GAMMA, PKBG, PRKBG, RAC-PK-gamma, RAC-gamma, STK-2..." fgcolor="#000000" bgcolor="#BFFFBF"
             type="rectangle" x="456" y="147" width="46" height="17"/>
    </entry>
    <entry id="259" name="path:hsa04910" type="map"
        link="http://www.kegg.jp/dbget-bin/www_bget?hsa04910">
        <graphics name="Insulin signaling pathway" fgcolor="#000000" bgcolor="#FFFFFF"
             type="roundrectangle" x="238" y="183" width="110" height="40"/>
    </entry>
    <entry id="260" name="hsa:22800 hsa:22808 hsa:3265 hsa:3845 hsa:4893 hsa:6237" type="gene"
        link="http://www.kegg.jp/dbget-bin/www_bget?hsa:22800+hsa:22808+hsa:3265+hsa:3845+hsa:4893+hsa:6237">
        <graphics name="RRAS2, TC21..." fgcolor="#000000" bgcolor="#BFFFBF"
             type="rectangle" x="188" y="221" width="46" height="17"/>
    </entry>
    <entry id="261" name="hsa:5894" type="gene"
        link="http://www.kegg.jp/dbget-bin/www_bget?hsa:5894">
        <graphics name="RAF1, CMD1NN, CRAF, NS5, Raf-1, c-Raf" fgcolor="#000000" bgcolor="#BFFFBF"
             type="rectangle" x="260" y="252" width="46" height="17"/>
    </entry>
    <entry id="262" name="hsa:5604 hsa:5605" type="gene"
        link="http://www.kegg.jp/dbget-bin/www_bget?hsa:5604+hsa:5605">
        <graphics name="MAP2K1, CFC3, MAPKK1, MEK1, MKK1, PRKMK1..." fgcolor="#000000" bgcolor="#BFFFBF"
             type="rectangle" x="332" y="252" width="46" height="17"/>
    </entry>
    <entry id="263" name="hsa:5594 hsa:5595" type="gene"
        link="http://www.kegg.jp/dbget-bin/www_bget?hsa:5594+hsa:5595">
        <graphics name="MAPK1, ERK, ERK-2, ERK2, ERT1, MAPK2, P42MAPK, PRKM1, PRKM2, p38, p40, p41, p41mapk, p42-MAPK..." fgcolor="#000000" bgcolor="#BFFFBF"
             type="rectangle" x="404" y="251" width="46" height="17"/>
    </entry>
    <entry id="264" name="path:hsa04010" type="map"
        link="http://www.kegg.jp/dbget-bin/www_bget?hsa04010">
        <graphics name="MAPK signaling pathway" fgcolor="#000000" bgcolor="#FFFFFF"
             type="roundrectangle" x="291" y="284" width="110" height="40"/>
    </entry>
    <entry id="265" name="path:hsa04150" type="map"
        link="http://www.kegg.jp/dbget-bin/www_bget?hsa04150">
        <graphics name="mTOR signaling pathway" fgcolor="#000000" bgcolor="#FFFFFF"
             type="roundrectangle" x="655" y="239" width="110" height="40"/>
    </entry>
    <entry id="266" name="hsa:3091" type="gene"
        link="http://www.kegg.jp/dbget-bin/www_bget?hsa:3091">
        <graphics name="HIF1A, HIF-1-alpha, HIF-1A, HIF-1alpha, HIF1, HIF1-ALPHA, MOP1, PASD8, bHLHe78" fgcolor="#000000" bgcolor="#BFFFBF"
             type="rectangle" x="174" y="324" width="46" height="17"/>
    </entry>
    <entry id="267" name="hsa:54541" type="gene"
        link="http://www.kegg.jp/dbget-bin/www_bget?hsa:54541">
        <graphics name="DDIT4, Dig2, REDD-1, REDD1" fgcolor="#000000" bgcolor="#BFFFBF"
             type="rectangle" x="267" y="324" width="46" height="17"/>
    </entry>
    <entry id="268" name="hsa:664" type="gene"
        link="http://www.kegg.jp/dbget-bin/www_bget?hsa:664">
        <graphics name="BNIP3, NIP3" fgcolor="#000000" bgcolor="#BFFFBF"
             type="rectangle" x="267" y="354" width="46" height="17"/>
    </entry>
    <entry id="269" name="hsa:5580" type="gene"
        link="http://www.kegg.jp/dbget-bin/www_bget?hsa:5580">
        <graphics name="PRKCD, ALPS3, CVID9, MAY1, PKCD, nPKC-delta" fgcolor="#000000" bgcolor="#BFFFBF"
             type="rectangle" x="174" y="377" width="46" height="17"/>
    </entry>
    <entry id="270" name="hsa:7249" type="gene"
        link="http://www.kegg.jp/dbget-bin/www_bget?hsa:7249">
        <graphics name="TSC2, LAM, PPP1R160, TSC4" fgcolor="#000000" bgcolor="#BFFFBF"
             type="rectangle" x="456" y="307" width="46" height="17"/>
    </entry>
    <entry id="271" name="hsa:7248" type="gene"
        link="http://www.kegg.jp/dbget-bin/www_bget?hsa:7248">
        <graphics name="TSC1, LAM, TSC" fgcolor="#000000" bgcolor="#BFFFBF"
             type="rectangle" x="456" y="324" width="46" height="17"/>
    </entry>
    <entry id="272" name="hsa:6009" type="gene"
        link="http://www.kegg.jp/dbget-bin/www_bget?hsa:6009">
        <graphics name="RHEB, RHEB2" fgcolor="#000000" bgcolor="#BFFFBF"
             type="rectangle" x="538" y="316" width="46" height="17"/>
    </entry>
    <entry id="273" name="hsa:57521" type="gene"
        link="http://www.kegg.jp/dbget-bin/www_bget?hsa:57521">
        <graphics name="RPTOR, KOG1, Mip1" fgcolor="#000000" bgcolor="#BFFFBF"
             type="rectangle" x="623" y="280" width="46" height="17"/>
    </entry>
    <entry id="274" name="hsa:64798" type="gene"
        link="http://www.kegg.jp/dbget-bin/www_bget?hsa:64798">
        <graphics name="DEPTOR, DEP.6, DEPDC6" fgcolor="#000000" bgcolor="#BFFFBF"
             type="rectangle" x="691" y="285" width="46" height="17"/>
    </entry>
    <entry id="275" name="hsa:2475" type="gene"
        link="http://www.kegg.jp/dbget-bin/www_bget?hsa:2475">
        <graphics name="MTOR, FRAP, FRAP1, FRAP2, RAFT1, RAPT1, SKS" fgcolor="#000000" bgcolor="#BFFFBF"
             type="rectangle" x="657" y="316" width="46" height="17"/>
    </entry>
    <entry id="276" name="hsa:84335" type="gene"
        link="http://www.kegg.jp/dbget-bin/www_bget?hsa:84335">
        <graphics name="AKT1S1, Lobe, PRAS40" fgcolor="#000000" bgcolor="#BFFFBF"
             type="rectangle" x="622" y="353" width="46" height="17"/>
    </entry>
    <entry id="277" name="hsa:64223" type="gene"
        link="http://www.kegg.jp/dbget-bin/www_bget?hsa:64223">
        <graphics name="MLST8, GBL, GbetaL, LST8, POP3, WAT1" fgcolor="#000000" bgcolor="#BFFFBF"
             type="rectangle" x="689" y="353" width="46" height="17"/>
    </entry>
    <entry id="278" name="hsa:6198 hsa:6199" type="gene"
        link="http://www.kegg.jp/dbget-bin/www_bget?hsa:6198+hsa:6199">
        <graphics name="RPS6KB1, PS6K, S6K, S6K-beta-1, S6K1, STK14A, p70_S6KA, p70(S6K)-alpha, p70-S6K, p70-alpha..." fgcolor="#000000" bgcolor="#BFFFBF"
             type="rectangle" x="738" y="194" width="46" height="17"/>
    </entry>
    <entry id="279" name="hsa:5515 hsa:5516" type="gene"
        link="http://www.kegg.jp/dbget-bin/www_bget?hsa:5515+hsa:5516">
        <graphics name="PPP2CA, NEDLBA, PP2Ac, PP2CA, PP2Calpha, RP-C..." fgcolor="#000000" bgcolor="#BFFFBF"
             type="rectangle" x="833" y="201" width="46" height="17"/>
    </entry>
    <entry id="280" name="hsa:3476" type="gene"
        link="http://www.kegg.jp/dbget-bin/www_bget?hsa:3476">
        <graphics name="IGBP1, ALPHA-4, IBP1" fgcolor="#000000" bgcolor="#BFFFBF"
             type="rectangle" x="777" y="265" width="46" height="17"/>
    </entry>
    <entry id="281" name="hsa:8408 hsa:9706" type="gene"
        link="http://www.kegg.jp/dbget-bin/www_bget?hsa:8408+hsa:9706">
        <graphics name="ULK1, ATG1, ATG1A, UNC51, Unc51.1, hATG1..." fgcolor="#000000" bgcolor="#BFFFBF"
             type="rectangle" x="833" y="316" width="46" height="17"/>
    </entry>
    <entry id="282" name="hsa:9776" type="gene"
        link="http://www.kegg.jp/dbget-bin/www_bget?hsa:9776">
        <graphics name="ATG13, KIAA0652, PARATARG8" fgcolor="#000000" bgcolor="#BFFFBF"
             type="rectangle" x="833" y="378" width="46" height="17"/>
    </entry>
    <entry id="283" name="hsa:9821" type="gene"
        link="http://www.kegg.jp/dbget-bin/www_bget?hsa:9821">
        <graphics name="RB1CC1, ATG17, CC1, FIP200, PPP1R131" fgcolor="#000000" bgcolor="#BFFFBF"
             type="rectangle" x="939" y="378" width="46" height="17"/>
    </entry>
    <entry id="284" name="hsa:60673" type="gene"
        link="http://www.kegg.jp/dbget-bin/www_bget?hsa:60673">
        <graphics name="ATG101, C12orf44" fgcolor="#000000" bgcolor="#BFFFBF"
             type="rectangle" x="907" y="348" width="46" height="17"/>
    </entry>
    <entry id="285" name="path:hsa04141" type="map"
        link="http://www.kegg.jp/dbget-bin/www_bget?hsa04141">
        <graphics name="Protein processing in endoplasmic reticulum" fgcolor="#000000" bgcolor="#FFFFFF"
             type="roundrectangle" x="110" y="539" width="110" height="40"/>
    </entry>
    <entry id="286" name="path:hsa04152" type="map"
        link="http://www.kegg.jp/dbget-bin/www_bget?hsa04152">
        <graphics name="AMPK signaling pathway" fgcolor="#000000" bgcolor="#FFFFFF"
             type="roundrectangle" x="366" y="449" width="110" height="40"/>
    </entry>
    <entry id="287" name="path:hsa04142" type="map"
        link="http://www.kegg.jp/dbget-bin/www_bget?hsa04142">
        <graphics name="Lysosome" fgcolor="#000000" bgcolor="#FFFFFF"
             type="roundrectangle" x="791" y="1150" width="110" height="40"/>
    </entry>
    <entry id="288" name="hsa:23130 hsa:55102" type="gene"
        link="http://www.kegg.jp/dbget-bin/www_bget?hsa:23130+hsa:55102">
        <graphics name="ATG2A..." fgcolor="#000000" bgcolor="#BFFFBF"
             type="rectangle" x="1064" y="316" width="46" height="17"/>
    </entry>
    <entry id="289" name="hsa:26100 hsa:55062" type="gene"
        link="http://www.kegg.jp/dbget-bin/www_bget?hsa:26100+hsa:55062">
        <graphics name="WIPI2, ATG18B, Atg21, CGI-50, IDDSSA, WIPI-2..." fgcolor="#000000" bgcolor="#BFFFBF"
             type="rectangle" x="1064" y="351" width="46" height="17"/>
    </entry>
    <entry id="290" name="hsa:10325 hsa:10670" type="gene"
        link="http://www.kegg.jp/dbget-bin/www_bget?hsa:10325+hsa:10670">
        <graphics name="RRAGB, RAGB, bA465E19.1..." fgcolor="#000000" bgcolor="#BFFFBF"
             type="rectangle" x="267" y="396" width="46" height="17"/>
    </entry>
    <entry id="291" name="hsa:58528 hsa:64121" type="gene"
        link="http://www.kegg.jp/dbget-bin/www_bget?hsa:58528+hsa:64121">
        <graphics name="RRAGD, RAGD, bA11D8.2.1..." fgcolor="#000000" bgcolor="#BFFFBF"
             type="rectangle" x="267" y="413" width="46" height="17"/>
    </entry>
    <entry id="292" name="hsa:6794" type="gene"
        link="http://www.kegg.jp/dbget-bin/www_bget?hsa:6794">
        <graphics name="STK11, LKB1, PJS, hLKB1" fgcolor="#000000" bgcolor="#BFFFBF"
             type="rectangle" x="209" y="482" width="46" height="17"/>
    </entry>
    <entry id="293" name="hsa:5562 hsa:5563" type="gene"
        link="http://www.kegg.jp/dbget-bin/www_bget?hsa:5562+hsa:5563">
        <graphics name="PRKAA1, AMPK, AMPKa1..." fgcolor="#000000" bgcolor="#BFFFBF"
             type="rectangle" x="456" y="482" width="46" height="17"/>
    </entry>
    <entry id="294" name="hsa:10645" type="gene"
        link="http://www.kegg.jp/dbget-bin/www_bget?hsa:10645">
        <graphics name="CAMKK2, CAMKK, CAMKKB" fgcolor="#000000" bgcolor="#BFFFBF"
             type="rectangle" x="313" y="572" width="46" height="17"/>
    </entry>
    <entry id="295" name="hsa:6885" type="gene"
        link="http://www.kegg.jp/dbget-bin/www_bget?hsa:6885">
        <graphics name="MAP3K7, CSCF, FMD2, MEKK7, TAK1, TGF1a" fgcolor="#000000" bgcolor="#BFFFBF"
             type="rectangle" x="313" y="599" width="46" height="17"/>
    </entry>
    <entry id="296" name="hsa:2081" type="gene"
        link="http://www.kegg.jp/dbget-bin/www_bget?hsa:2081">
        <graphics name="ERN1, IRE1, IRE1P, IRE1a, hIRE1p" fgcolor="#000000" bgcolor="#BFFFBF"
             type="rectangle" x="313" y="629" width="46" height="17"/>
    </entry>
    <entry id="297" name="hsa:5599 hsa:5601 hsa:5602" type="gene"
        link="http://www.kegg.jp/dbget-bin/www_bget?hsa:5599+hsa:5601+hsa:5602">
        <graphics name="MAPK8, JNK, JNK-46, JNK1, JNK1A2, JNK21B1/2, PRKM8, SAPK1, SAPK1c..." fgcolor="#000000" bgcolor="#BFFFBF"
             type="rectangle" x="457" y="599" width="46" height="17"/>
    </entry>
    <entry id="298" name="hsa:5566 hsa:5567 hsa:5568" type="gene"
        link="http://www.kegg.jp/dbget-bin/www_bget?hsa:5566+hsa:5567+hsa:5568">
        <graphics name="PRKACA, PKACA, PPNAD4..." fgcolor="#000000" bgcolor="#BFFFBF"
             type="rectangle" x="456" y="537" width="46" height="17"/>
    </entry>
    <entry id="299" name="hsa:58476" type="gene"
        link="http://www.kegg.jp/dbget-bin/www_bget?hsa:58476">
        <graphics name="TP53INP2, C20orf110, DOR, PIG-U, PIGU, PINH, dJ1181N3.1" fgcolor="#000000" bgcolor="#BFFFBF"
             type="rectangle" x="803" y="477" width="46" height="17"/>
    </entry>
    <entry id="300" name="hsa:7189" type="gene"
        link="http://www.kegg.jp/dbget-bin/www_bget?hsa:7189">
        <graphics name="TRAF6, MGC:3310, RNF85" fgcolor="#000000" bgcolor="#BFFFBF"
             type="rectangle" x="738" y="497" width="46" height="17"/>
    </entry>
    <entry id="301" name="hsa:55626" type="gene"
        link="http://www.kegg.jp/dbget-bin/www_bget?hsa:55626">
        <graphics name="AMBRA1, DCAF3, WDR94" fgcolor="#000000" bgcolor="#BFFFBF"
             type="rectangle" x="703" y="548" width="46" height="17"/>
    </entry>
    <entry id="302" name="hsa:3708" type="gene"
        link="http://www.kegg.jp/dbget-bin/www_bget?hsa:3708">
        <graphics name="ITPR1, ACV, CLA4, INSP3R1, IP3R, IP3R1, PPP1R94, SCA15, SCA16, SCA29" fgcolor="#000000" bgcolor="#BFFFBF"
             type="rectangle" x="630" y="558" width="46" height="17"/>
    </entry>
    <entry id="303" name="hsa:596" type="gene"
        link="http://www.kegg.jp/dbget-bin/www_bget?hsa:596">
        <graphics name="BCL2, Bcl-2, PPP1R50" fgcolor="#000000" bgcolor="#BFFFBF"
             type="rectangle" x="660" y="589" width="46" height="17"/>
    </entry>
    <entry id="304" name="hsa:598" type="gene"
        link="http://www.kegg.jp/dbget-bin/www_bget?hsa:598">
        <graphics name="BCL2L1, BCL-XL/S, BCL2L, BCLX, Bcl-X, PPP1R52" fgcolor="#000000" bgcolor="#BFFFBF"
             type="rectangle" x="660" y="610" width="46" height="17"/>
    </entry>
    <entry id="305" name="hsa:285973 hsa:79065" type="gene"
        link="http://www.kegg.jp/dbget-bin/www_bget?hsa:285973+hsa:79065">
        <graphics name="ATG9B, APG9L2, NOS3AS, SONE..." fgcolor="#000000" bgcolor="#BFFFBF"
             type="rectangle" x="930" y="441" width="46" height="17"/>
    </entry>
    <entry id="306" name="hsa:55578" type="gene"
        link="http://www.kegg.jp/dbget-bin/www_bget?hsa:55578">
        <graphics name="SUPT20H, C13, C13orf19, FAM48A, FP757, P38IP, SPT20" fgcolor="#000000" bgcolor="#BFFFBF"
             type="rectangle" x="930" y="483" width="46" height="17"/>
    </entry>
    <entry id="307" name="hsa:55014" type="gene"
        link="http://www.kegg.jp/dbget-bin/www_bget?hsa:55014">
        <graphics name="STX17" fgcolor="#000000" bgcolor="#BFFFBF"
             type="rectangle" x="928" y="516" width="46" height="17"/>
    </entry>
    <entry id="308" name="hsa:441925 hsa:8678" type="gene"
        link="http://www.kegg.jp/dbget-bin/www_bget?hsa:441925+hsa:8678">
        <graphics name="BECN2, BECN1L1, BECN1P1..." fgcolor="#000000" bgcolor="#BFFFBF"
             type="rectangle" x="803" y="599" width="46" height="17"/>
    </entry>
    <entry id="309" name="hsa:30849" type="gene"
        link="http://www.kegg.jp/dbget-bin/www_bget?hsa:30849">
        <graphics name="PIK3R4, VPS15, p150" fgcolor="#000000" bgcolor="#BFFFBF"
             type="rectangle" x="803" y="642" width="46" height="17"/>
    </entry>
    <entry id="310" name="hsa:29982" type="gene"
        link="http://www.kegg.jp/dbget-bin/www_bget?hsa:29982">
        <graphics name="NRBF2, COPR, COPR1, COPR2, NRBF-2" fgcolor="#000000" bgcolor="#BFFFBF"
             type="rectangle" x="874" y="599" width="46" height="17"/>
    </entry>
    <entry id="311" name="hsa:5289" type="gene"
        link="http://www.kegg.jp/dbget-bin/www_bget?hsa:5289">
        <graphics name="PIK3C3, VPS34, hVps34" fgcolor="#000000" bgcolor="#BFFFBF"
             type="rectangle" x="874" y="642" width="46" height="17"/>
    </entry>
    <entry id="312" name="hsa:22863" type="gene"
        link="http://www.kegg.jp/dbget-bin/www_bget?hsa:22863">
        <graphics name="ATG14, ATG14L, BARKOR, KIAA0831" fgcolor="#000000" bgcolor="#BFFFBF"
             type="rectangle" x="874" y="553" width="46" height="17"/>
    </entry>
    <entry id="313" name="hsa:7405" type="gene"
        link="http://www.kegg.jp/dbget-bin/www_bget?hsa:7405">
        <graphics name="UVRAG, DHTX, VPS38, p63" fgcolor="#000000" bgcolor="#BFFFBF"
             type="rectangle" x="959" y="553" width="46" height="17"/>
    </entry>
    <entry id="314" name="hsa:51100" type="gene"
        link="http://www.kegg.jp/dbget-bin/www_bget?hsa:51100">
        <graphics name="SH3GLB1, Bif-1, CGI-61, PPP1R70, dJ612B15.2" fgcolor="#000000" bgcolor="#BFFFBF"
             type="rectangle" x="1030" y="553" width="46" height="17"/>
    </entry>
    <entry id="315" name="hsa:9711" type="gene"
        link="http://www.kegg.jp/dbget-bin/www_bget?hsa:9711">
        <graphics name="RUBCN, KIAA0226, RUBICON, SCAR15" fgcolor="#000000" bgcolor="#BFFFBF"
             type="rectangle" x="959" y="609" width="46" height="17"/>
    </entry>
    <entry id="316" name="hsa:53349" type="gene"
        link="http://www.kegg.jp/dbget-bin/www_bget?hsa:53349">
        <graphics name="ZFYVE1, DFCP1, PPP1R172, SR3, TAFF1, ZNFN2A1" fgcolor="#000000" bgcolor="#BFFFBF"
             type="rectangle" x="1030" y="701" width="46" height="17"/>
    </entry>
    <entry id="317" name="hsa:8897 hsa:9110" type="gene"
        link="http://www.kegg.jp/dbget-bin/www_bget?hsa:8897+hsa:9110">
        <graphics name="MTMR3, FYVE-DSP1, ZFYVE10..." fgcolor="#000000" bgcolor="#BFFFBF"
             type="rectangle" x="892" y="734" width="46" height="17"/>
    </entry>
    <entry id="318" name="hsa:64419" type="gene"
        link="http://www.kegg.jp/dbget-bin/www_bget?hsa:64419">
        <graphics name="MTMR14, C3orf29" fgcolor="#000000" bgcolor="#BFFFBF"
             type="rectangle" x="968" y="734" width="46" height="17"/>
    </entry>
    <entry id="319" name="hsa:572" type="gene"
        link="http://www.kegg.jp/dbget-bin/www_bget?hsa:572">
        <graphics name="BAD, BBC2, BCL2L8" fgcolor="#000000" bgcolor="#BFFFBF"
             type="rectangle" x="593" y="642" width="46" height="17"/>
    </entry>
    <entry id="320" name="hsa:3146" type="gene"
        link="http://www.kegg.jp/dbget-bin/www_bget?hsa:3146">
        <graphics name="HMGB1, HMG-1, HMG1, HMG3, SBP-1" fgcolor="#000000" bgcolor="#BFFFBF"
             type="rectangle" x="651" y="656" width="46" height="17"/>
    </entry>
    <entry id="321" name="hsa:118471" type="gene"
        link="http://www.kegg.jp/dbget-bin/www_bget?hsa:118471">
        <graphics name="PRAP1, PRO1195, UPA" fgcolor="#000000" bgcolor="#BFFFBF"
             type="rectangle" x="151" y="709" width="46" height="17"/>
    </entry>
    <entry id="322" name="hsa:9451" type="gene"
        link="http://www.kegg.jp/dbget-bin/www_bget?hsa:9451">
        <graphics name="EIF2AK3, PEK, PERK, WRS" fgcolor="#000000" bgcolor="#BFFFBF"
             type="rectangle" x="313" y="716" width="46" height="17"/>
    </entry>
    <entry id="323" name="hsa:440275" type="gene"
        link="http://www.kegg.jp/dbget-bin/www_bget?hsa:440275">
        <graphics name="EIF2AK4, GCN2, PVOD2" fgcolor="#000000" bgcolor="#BFFFBF"
             type="rectangle" x="405" y="726" width="46" height="17"/>
    </entry>
    <entry id="324" name="hsa:1612 hsa:1613 hsa:23604" type="gene"
        link="http://www.kegg.jp/dbget-bin/www_bget?hsa:1612+hsa:1613+hsa:23604">
        <graphics name="DAPK1, DAPK, ROCO3..." fgcolor="#000000" bgcolor="#BFFFBF"
             type="rectangle" x="457" y="686" width="46" height="17"/>
    </entry>
    <entry id="325" name="hsa:1965" type="gene"
        link="http://www.kegg.jp/dbget-bin/www_bget?hsa:1965">
        <graphics name="EIF2S1, EIF-2, EIF-2A, EIF-2alpha, EIF2, EIF2A" fgcolor="#000000" bgcolor="#BFFFBF"
             type="rectangle" x="405" y="817" width="46" height="17"/>
    </entry>
    <entry id="326" name="hsa:9140" type="gene"
        link="http://www.kegg.jp/dbget-bin/www_bget?hsa:9140">
        <graphics name="ATG12, APG12, APG12L, FBR93, HAPG12" fgcolor="#000000" bgcolor="#BFFFBF"
             type="rectangle" x="540" y="817" width="46" height="17"/>
    </entry>
    <entry id="327" name="hsa:9474" type="gene"
        link="http://www.kegg.jp/dbget-bin/www_bget?hsa:9474">
        <graphics name="ATG5, APG5, APG5-LIKE, APG5L, ASP, SCAR25, hAPG5" fgcolor="#000000" bgcolor="#BFFFBF"
             type="rectangle" x="772" y="808" width="46" height="17"/>
    </entry>
    <entry id="328" name="hsa:83452" type="gene"
        link="http://www.kegg.jp/dbget-bin/www_bget?hsa:83452">
        <graphics name="RAB33B, SMC2" fgcolor="#000000" bgcolor="#BFFFBF"
             type="rectangle" x="1017" y="759" width="46" height="17"/>
    </entry>
    <entry id="329" name="hsa:9140" type="gene"
        link="http://www.kegg.jp/dbget-bin/www_bget?hsa:9140">
        <graphics name="ATG12, APG12, APG12L, FBR93, HAPG12" fgcolor="#000000" bgcolor="#BFFFBF"
             type="rectangle" x="977" y="817" width="46" height="17"/>
    </entry>
    <entry id="330" name="hsa:9140" type="gene"
        link="http://www.kegg.jp/dbget-bin/www_bget?hsa:9140">
        <graphics name="ATG12, APG12, APG12L, FBR93, HAPG12" fgcolor="#000000" bgcolor="#BFFFBF"
             type="rectangle" x="772" y="825" width="46" height="17"/>
    </entry>
    <entry id="331" name="hsa:9474" type="gene"
        link="http://www.kegg.jp/dbget-bin/www_bget?hsa:9474">
        <graphics name="ATG5, APG5, APG5-LIKE, APG5L, ASP, SCAR25, hAPG5" fgcolor="#000000" bgcolor="#BFFFBF"
             type="rectangle" x="1023" y="817" width="46" height="17"/>
    </entry>
    <entry id="332" name="hsa:9474" type="gene"
        link="http://www.kegg.jp/dbget-bin/www_bget?hsa:9474">
        <graphics name="ATG5, APG5, APG5-LIKE, APG5L, ASP, SCAR25, hAPG5" fgcolor="#000000" bgcolor="#BFFFBF"
             type="rectangle" x="688" y="854" width="46" height="17"/>
    </entry>
    <entry id="333" name="hsa:10533" type="gene"
        link="http://www.kegg.jp/dbget-bin/www_bget?hsa:10533">
        <graphics name="ATG7, APG7-LIKE, APG7L, GSA7" fgcolor="#000000" bgcolor="#BFFFBF"
             type="rectangle" x="590" y="886" width="46" height="17"/>
    </entry>
    <entry id="334" name="hsa:83734" type="gene"
        link="http://www.kegg.jp/dbget-bin/www_bget?hsa:83734">
        <graphics name="ATG10, APG10, APG10L, pp12616" fgcolor="#000000" bgcolor="#BFFFBF"
             type="rectangle" x="637" y="864" width="46" height="17"/>
    </entry>
    <entry id="335" name="hsa:55054 hsa:89849" type="gene"
        link="http://www.kegg.jp/dbget-bin/www_bget?hsa:55054+hsa:89849">
        <graphics name="ATG16L1, APG16L, ATG16A, ATG16L, IBD10, WDR30..." fgcolor="#000000" bgcolor="#BFFFBF"
             type="rectangle" x="869" y="854" width="46" height="17"/>
    </entry>
    <entry id="336" name="hsa:8837" type="gene"
        link="http://www.kegg.jp/dbget-bin/www_bget?hsa:8837">
        <graphics name="CFLAR, CASH, CASP8AP1, CLARP, Casper, FLAME, FLAME-1, FLAME1, FLIP, I-FLICE, MRIT, c-FLIP, c-FLIPL, c-FLIPR, c-FLIPS, cFLIP" fgcolor="#000000" bgcolor="#BFFFBF"
             type="rectangle" x="647" y="907" width="46" height="17"/>
    </entry>
    <entry id="337" name="hsa:64422" type="gene"
        link="http://www.kegg.jp/dbget-bin/www_bget?hsa:64422">
        <graphics name="ATG3, APG3, APG3-LIKE, APG3L, PC3-96" fgcolor="#000000" bgcolor="#BFFFBF"
             type="rectangle" x="710" y="907" width="46" height="17"/>
    </entry>
    <entry id="338" name="hsa:5588" type="gene"
        link="http://www.kegg.jp/dbget-bin/www_bget?hsa:5588">
        <graphics name="PRKCQ, PRKCT, nPKC-theta" fgcolor="#000000" bgcolor="#BFFFBF"
             type="rectangle" x="385" y="910" width="46" height="17"/>
    </entry>
    <entry id="339" name="hsa:11337 hsa:11345 hsa:23710" type="gene"
        link="http://www.kegg.jp/dbget-bin/www_bget?hsa:11337+hsa:11345+hsa:23710">
        <graphics name="GABARAP, ATG8A, GABARAP-a, MM46..." fgcolor="#000000" bgcolor="#BFFFBF"
             type="rectangle" x="456" y="961" width="46" height="17"/>
    </entry>
    <entry id="340" name="hsa:115201 hsa:23192 hsa:84938 hsa:84971" type="gene"
        link="http://www.kegg.jp/dbget-bin/www_bget?hsa:115201+hsa:23192+hsa:84938+hsa:84971">
        <graphics name="ATG4A, APG4A, AUTL2..." fgcolor="#000000" bgcolor="#BFFFBF"
             type="rectangle" x="499" y="1009" width="46" height="17"/>
    </entry>
    <entry id="341" name="hsa:3916 hsa:3920" type="gene"
        link="http://www.kegg.jp/dbget-bin/www_bget?hsa:3916+hsa:3920">
        <graphics name="LAMP1, CD107a, LAMPA, LGP120..." fgcolor="#000000" bgcolor="#BFFFBF"
             type="rectangle" x="948" y="1092" width="46" height="17"/>
    </entry>
    <entry id="342" name="hsa:338382 hsa:7879" type="gene"
        link="http://www.kegg.jp/dbget-bin/www_bget?hsa:338382+hsa:7879">
        <graphics name="RAB7B, RAB7..." fgcolor="#000000" bgcolor="#BFFFBF"
             type="rectangle" x="948" y="1062" width="46" height="17"/>
    </entry>
    <entry id="343" name="hsa:8673" type="gene"
        link="http://www.kegg.jp/dbget-bin/www_bget?hsa:8673">
        <graphics name="VAMP8, EDB, VAMP-8" fgcolor="#000000" bgcolor="#BFFFBF"
             type="rectangle" x="948" y="1161" width="46" height="17"/>
    </entry>
    <entry id="344" name="hsa:55014" type="gene"
        link="http://www.kegg.jp/dbget-bin/www_bget?hsa:55014">
        <graphics name="STX17" fgcolor="#000000" bgcolor="#BFFFBF"
             type="rectangle" x="995" y="1122" width="46" height="17"/>
    </entry>
    <entry id="345" name="hsa:22863" type="gene"
        link="http://www.kegg.jp/dbget-bin/www_bget?hsa:22863">
        <graphics name="ATG14, ATG14L, BARKOR, KIAA0831" fgcolor="#000000" bgcolor="#BFFFBF"
             type="rectangle" x="1072" y="1122" width="46" height="17"/>
    </entry>
    <entry id="346" name="hsa:55054 hsa:89849" type="gene"
        link="http://www.kegg.jp/dbget-bin/www_bget?hsa:55054+hsa:89849">
        <graphics name="ATG16L1, APG16L, ATG16A, ATG16L, IBD10, WDR30..." fgcolor="#000000" bgcolor="#BFFFBF"
             type="rectangle" x="1069" y="817" width="46" height="17"/>
    </entry>
    <entry id="347" name="hsa:11337 hsa:11345 hsa:23710" type="gene"
        link="http://www.kegg.jp/dbget-bin/www_bget?hsa:11337+hsa:11345+hsa:23710">
        <graphics name="GABARAP, ATG8A, GABARAP-a, MM46..." fgcolor="#000000" bgcolor="#BFFFBF"
             type="rectangle" x="930" y="961" width="46" height="17"/>
    </entry>
    <entry id="348" name="hsa:9342" type="gene"
        link="http://www.kegg.jp/dbget-bin/www_bget?hsa:9342">
        <graphics name="SNAP29, CEDNIK, SNAP-29" fgcolor="#000000" bgcolor="#BFFFBF"
             type="rectangle" x="995" y="1139" width="46" height="17"/>
    </entry>
    <entry id="349" name="hsa:1509" type="gene"
        link="http://www.kegg.jp/dbget-bin/www_bget?hsa:1509">
        <graphics name="CTSD, CLN10, CPSD, HEL-S-130P" fgcolor="#000000" bgcolor="#BFFFBF"
             type="rectangle" x="783" y="1239" width="46" height="17"/>
    </entry>
    <entry id="350" name="hsa:1514" type="gene"
        link="http://www.kegg.jp/dbget-bin/www_bget?hsa:1514">
        <graphics name="CTSL, CATL, CTSL1, MEP" fgcolor="#000000" bgcolor="#BFFFBF"
             type="rectangle" x="783" y="1269" width="46" height="17"/>
    </entry>
    <entry id="351" name="hsa:1508" type="gene"
        link="http://www.kegg.jp/dbget-bin/www_bget?hsa:1508">
        <graphics name="CTSB, APPS, CPSB, RECEUP" fgcolor="#000000" bgcolor="#BFFFBF"
             type="rectangle" x="783" y="1299" width="46" height="17"/>
    </entry>
    <entry id="352" name="hsa:81671" type="gene"
        link="http://www.kegg.jp/dbget-bin/www_bget?hsa:81671">
        <graphics name="VMP1, EPG3, TANGO5, TMEM49" fgcolor="#000000" bgcolor="#BFFFBF"
             type="rectangle" x="803" y="524" width="46" height="17"/>
    </entry>
    <entry id="353" name="hsa:203228" type="gene"
        link="http://www.kegg.jp/dbget-bin/www_bget?hsa:203228">
        <graphics name="C9orf72, ALSFTD, DENND9, DENNL72, FTDALS, FTDALS1" fgcolor="#000000" bgcolor="#BFFFBF"
             type="rectangle" x="992" y="245" width="46" height="17"/>
    </entry>
    <entry id="355" name="hsa:5861" type="gene"
        link="http://www.kegg.jp/dbget-bin/www_bget?hsa:5861">
        <graphics name="RAB1A, RAB1, YPT1" fgcolor="#000000" bgcolor="#BFFFBF"
             type="rectangle" x="1063" y="245" width="46" height="17"/>
    </entry>
    <entry id="363" name="hsa:55255" type="gene"
        link="http://www.kegg.jp/dbget-bin/www_bget?hsa:55255">
        <graphics name="WDR41, MSTP048" fgcolor="#000000" bgcolor="#BFFFBF"
             type="rectangle" x="946" y="236" width="46" height="17"/>
    </entry>
    <entry id="364" name="hsa:140775" type="gene"
        link="http://www.kegg.jp/dbget-bin/www_bget?hsa:140775">
        <graphics name="SMCR8, DENND8A" fgcolor="#000000" bgcolor="#BFFFBF"
             type="rectangle" x="946" y="253" width="46" height="17"/>
    </entry>
    <entry id="365" name="hsa:116442 hsa:4218" type="gene"
        link="http://www.kegg.jp/dbget-bin/www_bget?hsa:116442+hsa:4218">
        <graphics name="RAB39B, BGMR, MRX72, WSMN, WSN..." fgcolor="#000000" bgcolor="#BFFFBF"
             type="rectangle" x="932" y="174" width="46" height="17"/>
    </entry>
    <entry id="367" name="hsa:116442 hsa:4218" type="gene"
        link="http://www.kegg.jp/dbget-bin/www_bget?hsa:116442+hsa:4218">
        <graphics name="RAB39B, BGMR, MRX72, WSMN, WSN..." fgcolor="#000000" bgcolor="#BFFFBF"
             type="rectangle" x="1004" y="174" width="46" height="17"/>
    </entry>
    <entry id="368" name="cpd:C00044" type="compound"
        link="http://www.kegg.jp/dbget-bin/www_bget?C00044">
        <graphics name="C00044" fgcolor="#000000" bgcolor="#FFFFFF"
             type="circle" x="1003" y="151" width="8" height="8"/>
    </entry>
    <entry id="369" name="cpd:C00035" type="compound"
        link="http://www.kegg.jp/dbget-bin/www_bget?C00035">
        <graphics name="C00035" fgcolor="#000000" bgcolor="#FFFFFF"
             type="circle" x="932" y="151" width="8" height="8"/>
    </entry>
    <entry id="375" name="hsa:8878" type="gene"
        link="http://www.kegg.jp/dbget-bin/www_bget?hsa:8878">
        <graphics name="SQSTM1, A170, DMRV, FTDALS3, NADGP, OSIL, PDB3, ZIP3, p60, p62, p62B" fgcolor="#000000" bgcolor="#BFFFBF"
             type="rectangle" x="1075" y="174" width="46" height="17"/>
    </entry>
    <entry id="377" name="hsa:29110" type="gene"
        link="http://www.kegg.jp/dbget-bin/www_bget?hsa:29110">
        <graphics name="TBK1, FTDALS4, IIAE8, NAK, T2K" fgcolor="#000000" bgcolor="#BFFFBF"
             type="rectangle" x="880" y="230" width="46" height="17"/>
    </entry>
    <entry id="378" name="hsa:10010" type="gene"
        link="http://www.kegg.jp/dbget-bin/www_bget?hsa:10010">
        <graphics name="TANK, I-TRAF, ITRAF, TRAF2" fgcolor="#000000" bgcolor="#BFFFBF"
             type="rectangle" x="880" y="247" width="46" height="17"/>
    </entry>
    <entry id="379" name="undefined" type="group">
        <graphics fgcolor="#000000" bgcolor="#FFFFFF"
             type="rectangle" x="78" y="148" width="46" height="39"/>
        <component id="252"/>
        <component id="253"/>
    </entry>
    <entry id="380" name="undefined" type="group">
        <graphics fgcolor="#000000" bgcolor="#FFFFFF"
             type="rectangle" x="456" y="315" width="46" height="34"/>
        <component id="270"/>
        <component id="271"/>
    </entry>
    <entry id="381" name="undefined" type="group">
        <graphics fgcolor="#000000" bgcolor="#FFFFFF"
             type="rectangle" x="656" y="316" width="115" height="90"/>
        <component id="273"/>
        <component id="274"/>
        <component id="275"/>
        <component id="276"/>
        <component id="277"/>
    </entry>
    <entry id="382" name="undefined" type="group">
        <graphics fgcolor="#000000" bgcolor="#FFFFFF"
             type="rectangle" x="267" y="404" width="46" height="34"/>
        <component id="290"/>
        <component id="291"/>
    </entry>
    <entry id="383" name="undefined" type="group">
        <graphics fgcolor="#000000" bgcolor="#FFFFFF"
             type="rectangle" x="660" y="599" width="46" height="38"/>
        <component id="303"/>
        <component id="304"/>
    </entry>
    <entry id="384" name="undefined" type="group">
        <graphics fgcolor="#000000" bgcolor="#FFFFFF"
             type="rectangle" x="995" y="1130" width="46" height="34"/>
        <component id="344"/>
        <component id="348"/>
    </entry>
    <entry id="385" name="undefined" type="group">
        <graphics fgcolor="#000000" bgcolor="#FFFFFF"
             type="rectangle" x="772" y="816" width="46" height="34"/>
        <component id="327"/>
        <component id="330"/>
    </entry>
    <entry id="386" name="undefined" type="group">
        <graphics fgcolor="#000000" bgcolor="#FFFFFF"
             type="rectangle" x="1023" y="817" width="138" height="17"/>
        <component id="329"/>
        <component id="331"/>
        <component id="346"/>
    </entry>
    <entry id="387" name="undefined" type="group">
        <graphics fgcolor="#000000" bgcolor="#FFFFFF"
             type="rectangle" x="969" y="244" width="92" height="34"/>
        <component id="353"/>
        <component id="363"/>
        <component id="364"/>
    </entry>
    <entry id="388" name="undefined" type="group">
        <graphics fgcolor="#000000" bgcolor="#FFFFFF"
             type="rectangle" x="880" y="238" width="46" height="34"/>
        <component id="377"/>
        <component id="378"/>
    </entry>
    <relation entry1="379" entry2="254" type="PPrel">
        <subtype name="activation" value="--&gt;"/>
    </relation>
    <relation entry1="379" entry2="260" type="PPrel">
        <subtype name="activation" value="--&gt;"/>
        <subtype name="indirect effect" value="..&gt;"/>
    </relation>
    <relation entry1="254" entry2="255" type="PPrel">
        <subtype name="activation" value="--&gt;"/>
    </relation>
    <relation entry1="255" entry2="118" type="PCrel">
        <subtype name="activation" value="--&gt;"/>
        <subtype name="phosphorylation" value="+p"/>
    </relation>
    <relation entry1="118" entry2="257" type="PCrel">
        <subtype name="activation" value="--&gt;"/>
    </relation>
    <relation entry1="257" entry2="258" type="PPrel">
        <subtype name="activation" value="--&gt;"/>
        <subtype name="phosphorylation" value="+p"/>
    </relation>
    <relation entry1="260" entry2="257" type="PPrel">
        <subtype name="activation" value="--&gt;"/>
        <subtype name="indirect effect" value="..&gt;"/>
    </relation>
    <relation entry1="256" entry2="118" type="PCrel">
        <subtype name="inhibition" value="--|"/>
        <subtype name="dephosphorylation" value="-p"/>
    </relation>
    <relation entry1="258" entry2="380" type="PPrel">
        <subtype name="inhibition" value="--|"/>
        <subtype name="phosphorylation" value="+p"/>
    </relation>
    <relation entry1="260" entry2="261" type="PPrel">
        <subtype name="activation" value="--&gt;"/>
    </relation>
    <relation entry1="261" entry2="262" type="PPrel">
        <subtype name="activation" value="--&gt;"/>
        <subtype name="phosphorylation" value="+p"/>
    </relation>
    <relation entry1="262" entry2="263" type="PPrel">
        <subtype name="activation" value="--&gt;"/>
        <subtype name="phosphorylation" value="+p"/>
    </relation>
    <relation entry1="263" entry2="380" type="PPrel">
        <subtype name="activation" value="--&gt;"/>
        <subtype name="phosphorylation" value="+p"/>
    </relation>
    <relation entry1="266" entry2="267" type="PPrel">
        <subtype name="activation" value="--&gt;"/>
        <subtype name="indirect effect" value="..&gt;"/>
    </relation>
    <relation entry1="266" entry2="268" type="PPrel">
        <subtype name="activation" value="--&gt;"/>
        <subtype name="indirect effect" value="..&gt;"/>
    </relation>
    <relation entry1="267" entry2="380" type="PPrel">
        <subtype name="activation" value="--&gt;"/>
    </relation>
    <relation entry1="380" entry2="272" type="PPrel">
        <subtype name="inhibition" value="--|"/>
    </relation>
    <relation entry1="268" entry2="272" type="PPrel">
        <subtype name="inhibition" value="--|"/>
    </relation>
    <relation entry1="272" entry2="381" type="PPrel">
        <subtype name="activation" value="--&gt;"/>
    </relation>
    <relation entry1="382" entry2="381" type="PPrel">
        <subtype name="activation" value="--&gt;"/>
    </relation>
    <relation entry1="381" entry2="280" type="PPrel">
        <subtype name="activation" value="--&gt;"/>
    </relation>
    <relation entry1="280" entry2="279" type="PPrel">
        <subtype name="activation" value="--&gt;"/>
    </relation>
    <relation entry1="279" entry2="281" type="PPrel">
        <subtype name="inhibition" value="--|"/>
        <subtype name="dephosphorylation" value="-p"/>
    </relation>
    <relation entry1="381" entry2="278" type="PPrel">
        <subtype name="activation" value="--&gt;"/>
    </relation>
    <relation entry1="278" entry2="254" type="PPrel">
        <subtype name="inhibition" value="--|"/>
        <subtype name="indirect effect" value="..&gt;"/>
    </relation>
    <relation entry1="381" entry2="281" type="PPrel">
        <subtype name="inhibition" value="--|"/>
        <subtype name="phosphorylation" value="+p"/>
    </relation>
    <relation entry1="381" entry2="282" type="PPrel">
        <subtype name="inhibition" value="--|"/>
        <subtype name="phosphorylation" value="+p"/>
    </relation>
    <relation entry1="281" entry2="288" type="PPrel">
        <subtype name="activation" value="--&gt;"/>
        <subtype name="phosphorylation" value="+p"/>
    </relation>
    <relation entry1="306" entry2="305" type="PPrel">
        <subtype name="activation" value="--&gt;"/>
    </relation>
    <relation entry1="281" entry2="283" type="PPrel">
        <subtype name="activation" value="--&gt;"/>
        <subtype name="phosphorylation" value="+p"/>
    </relation>
    <relation entry1="281" entry2="282" type="PPrel">
        <subtype name="activation" value="--&gt;"/>
        <subtype name="phosphorylation" value="+p"/>
    </relation>
    <relation entry1="281" entry2="312" type="PPrel">
        <subtype name="activation" value="--&gt;"/>
    </relation>
    <relation entry1="281" entry2="284" type="PPrel">
        <subtype name="binding/association" value="---"/>
    </relation>
    <relation entry1="282" entry2="305" type="PPrel">
        <subtype name="activation" value="--&gt;"/>
    </relation>
    <relation entry1="282" entry2="283" type="PPrel">
        <subtype name="binding/association" value="---"/>
    </relation>
    <relation entry1="282" entry2="284" type="PPrel">
        <subtype name="binding/association" value="---"/>
    </relation>
    <relation entry1="282" entry2="312" type="PPrel">
        <subtype name="activation" value="--&gt;"/>
    </relation>
    <relation entry1="282" entry2="352" type="PPrel">
        <subtype name="activation" value="--&gt;"/>
    </relation>
    <relation entry1="281" entry2="308" type="PPrel">
        <subtype name="activation" value="--&gt;"/>
        <subtype name="phosphorylation" value="+p"/>
    </relation>
    <relation entry1="281" entry2="301" type="PPrel">
        <subtype name="activation" value="--&gt;"/>
        <subtype name="phosphorylation" value="+p"/>
    </relation>
    <relation entry1="288" entry2="289" type="PPrel">
        <subtype name="binding/association" value="---"/>
    </relation>
    <relation entry1="268" entry2="383" type="PPrel">
        <subtype name="inhibition" value="--|"/>
    </relation>
    <relation entry1="292" entry2="293" type="PPrel">
        <subtype name="activation" value="--&gt;"/>
        <subtype name="phosphorylation" value="+p"/>
    </relation>
    <relation entry1="293" entry2="380" type="PPrel">
        <subtype name="activation" value="--&gt;"/>
        <subtype name="phosphorylation" value="+p"/>
    </relation>
    <relation entry1="293" entry2="273" type="PPrel">
        <subtype name="inhibition" value="--|"/>
        <subtype name="phosphorylation" value="+p"/>
    </relation>
    <relation entry1="269" entry2="297" type="PPrel">
        <subtype name="activation" value="--&gt;"/>
    </relation>
    <relation entry1="294" entry2="293" type="PPrel">
        <subtype name="activation" value="--&gt;"/>
        <subtype name="phosphorylation" value="+p"/>
    </relation>
    <relation entry1="295" entry2="293" type="PPrel">
        <subtype name="activation" value="--&gt;"/>
        <subtype name="phosphorylation" value="+p"/>
    </relation>
    <relation entry1="296" entry2="297" type="PPrel">
        <subtype name="activation" value="--&gt;"/>
        <subtype name="indirect effect" value="..&gt;"/>
    </relation>
    <relation entry1="321" entry2="292" type="PPrel">
        <subtype name="activation" value="--&gt;"/>
        <subtype name="indirect effect" value="..&gt;"/>
    </relation>
    <relation entry1="298" entry2="293" type="PPrel">
        <subtype name="inhibition" value="--|"/>
        <subtype name="phosphorylation" value="+p"/>
    </relation>
    <relation entry1="298" entry2="276" type="PPrel">
        <subtype name="activation" value="--&gt;"/>
        <subtype name="phosphorylation" value="+p"/>
    </relation>
    <relation entry1="298" entry2="281" type="PPrel">
        <subtype name="inhibition" value="--|"/>
        <subtype name="phosphorylation" value="+p"/>
    </relation>
    <relation entry1="298" entry2="282" type="PPrel">
        <subtype name="inhibition" value="--|"/>
        <subtype name="phosphorylation" value="+p"/>
    </relation>
    <relation entry1="297" entry2="383" type="PPrel">
        <subtype name="inhibition" value="--|"/>
        <subtype name="phosphorylation" value="+p"/>
    </relation>
    <relation entry1="319" entry2="383" type="PPrel">
        <subtype name="inhibition" value="--|"/>
    </relation>
    <relation entry1="383" entry2="308" type="PPrel">
        <subtype name="inhibition" value="--|"/>
    </relation>
    <relation entry1="302" entry2="308" type="PPrel">
        <subtype name="inhibition" value="--|"/>
    </relation>
    <relation entry1="301" entry2="308" type="PPrel">
        <subtype name="activation" value="--&gt;"/>
        <subtype name="phosphorylation" value="+p"/>
    </relation>
    <relation entry1="301" entry2="300" type="PPrel">
        <subtype name="activation" value="--&gt;"/>
    </relation>
    <relation entry1="300" entry2="281" type="PPrel">
        <subtype name="activation" value="--&gt;"/>
        <subtype name="ubiquitination" value="+u"/>
    </relation>
    <relation entry1="352" entry2="308" type="PPrel">
        <subtype name="activation" value="--&gt;"/>
    </relation>
    <relation entry1="299" entry2="352" type="PPrel">
        <subtype name="activation" value="--&gt;"/>
    </relation>
    <relation entry1="307" entry2="312" type="PPrel">
        <subtype name="activation" value="--&gt;"/>
    </relation>
    <relation entry1="313" entry2="312" type="PPrel">
        <subtype name="inhibition" value="--|"/>
        <subtype name="indirect effect" value="..&gt;"/>
    </relation>
    <relation entry1="313" entry2="315" type="PPrel">
        <subtype name="activation" value="--&gt;"/>
    </relation>
    <relation entry1="314" entry2="313" type="PPrel">
        <subtype name="activation" value="--&gt;"/>
    </relation>
    <relation entry1="314" entry2="305" type="PPrel">
        <subtype name="activation" value="--&gt;"/>
    </relation>
    <relation entry1="315" entry2="311" type="PPrel">
        <subtype name="inhibition" value="--|"/>
        <subtype name="indirect effect" value="..&gt;"/>
    </relation>
    <relation entry1="312" entry2="310" type="PPrel">
        <subtype name="activation" value="--&gt;"/>
    </relation>
    <relation entry1="312" entry2="308" type="PPrel">
        <subtype name="binding/association" value="---"/>
    </relation>
    <relation entry1="313" entry2="308" type="PPrel">
        <subtype name="activation" value="--&gt;"/>
    </relation>
    <relation entry1="308" entry2="310" type="PPrel">
        <subtype name="activation" value="--&gt;"/>
    </relation>
    <relation entry1="308" entry2="311" type="PPrel">
        <subtype name="activation" value="--&gt;"/>
    </relation>
    <relation entry1="310" entry2="311" type="PPrel">
        <subtype name="activation" value="--&gt;"/>
    </relation>
    <relation entry1="309" entry2="311" type="PPrel">
        <subtype name="activation" value="--&gt;"/>
    </relation>
    <relation entry1="311" entry2="8" type="PCrel">
        <subtype name="activation" value="--&gt;"/>
        <subtype name="phosphorylation" value="+p"/>
    </relation>
    <relation entry1="7" entry2="289" type="PCrel">
        <subtype name="activation" value="--&gt;"/>
    </relation>
    <relation entry1="7" entry2="316" type="PCrel">
        <subtype name="activation" value="--&gt;"/>
    </relation>
    <relation entry1="317" entry2="7" type="PCrel">
        <subtype name="inhibition" value="--|"/>
        <subtype name="dephosphorylation" value="-p"/>
    </relation>
    <relation entry1="318" entry2="7" type="PCrel">
        <subtype name="inhibition" value="--|"/>
        <subtype name="dephosphorylation" value="-p"/>
    </relation>
    <relation entry1="324" entry2="308" type="PPrel">
        <subtype name="activation" value="--&gt;"/>
        <subtype name="phosphorylation" value="+p"/>
    </relation>
    <relation entry1="322" entry2="325" type="PPrel">
        <subtype name="activation" value="--&gt;"/>
        <subtype name="phosphorylation" value="+p"/>
    </relation>
    <relation entry1="323" entry2="325" type="PPrel">
        <subtype name="activation" value="--&gt;"/>
        <subtype name="phosphorylation" value="+p"/>
    </relation>
    <relation entry1="320" entry2="308" type="PPrel">
        <subtype name="activation" value="--&gt;"/>
    </relation>
    <relation entry1="384" entry2="343" type="PPrel">
        <subtype name="binding/association" value="---"/>
    </relation>
    <relation entry1="345" entry2="384" type="PPrel">
        <subtype name="activation" value="--&gt;"/>
    </relation>
    <relation entry1="299" entry2="339" type="PPrel">
        <subtype name="activation" value="--&gt;"/>
    </relation>
    <relation entry1="298" entry2="339" type="PPrel">
        <subtype name="inhibition" value="--|"/>
        <subtype name="phosphorylation" value="+p"/>
    </relation>
    <relation entry1="338" entry2="339" type="PPrel">
        <subtype name="activation" value="--&gt;"/>
        <subtype name="indirect effect" value="..&gt;"/>
    </relation>
    <relation entry1="326" entry2="332" type="PPrel">
        <subtype name="binding/association" value="---"/>
    </relation>
    <relation entry1="333" entry2="326" type="PPrel">
        <subtype name="activation" value="--&gt;"/>
    </relation>
    <relation entry1="334" entry2="326" type="PPrel">
        <subtype name="activation" value="--&gt;"/>
    </relation>
    <relation entry1="335" entry2="385" type="PPrel">
        <subtype name="binding/association" value="---"/>
    </relation>
    <relation entry1="289" entry2="346" type="PPrel">
        <subtype name="activation" value="--&gt;"/>
    </relation>
    <relation entry1="283" entry2="346" type="PPrel">
        <subtype name="activation" value="--&gt;"/>
    </relation>
    <relation entry1="328" entry2="346" type="PPrel">
        <subtype name="activation" value="--&gt;"/>
    </relation>
    <relation entry1="386" entry2="337" type="PPrel">
        <subtype name="activation" value="--&gt;"/>
    </relation>
    <relation entry1="386" entry2="339" type="PPrel">
        <subtype name="activation" value="--&gt;"/>
        <subtype name="indirect effect" value="..&gt;"/>
    </relation>
    <relation entry1="333" entry2="339" type="PPrel">
        <subtype name="activation" value="--&gt;"/>
    </relation>
    <relation entry1="337" entry2="339" type="PPrel">
        <subtype name="activation" value="--&gt;"/>
    </relation>
    <relation entry1="336" entry2="337" type="PPrel">
        <subtype name="inhibition" value="--|"/>
    </relation>
    <relation entry1="340" entry2="339" type="PPrel">
        <subtype name="activation" value="--&gt;"/>
    </relation>
    <relation entry1="147" entry2="339" type="PCrel">
        <subtype name="binding/association" value="---"/>
    </relation>
    <relation entry1="273" entry2="275" type="PPrel">
        <subtype name="binding/association" value="---"/>
    </relation>
    <relation entry1="276" entry2="275" type="PPrel">
        <subtype name="inhibition" value="--|"/>
    </relation>
    <relation entry1="274" entry2="275" type="PPrel">
        <subtype name="inhibition" value="--|"/>
    </relation>
    <relation entry1="276" entry2="273" type="PPrel">
        <subtype name="inhibition" value="--|"/>
    </relation>
    <relation entry1="277" entry2="275" type="PPrel">
        <subtype name="binding/association" value="---"/>
    </relation>
    <relation entry1="387" entry2="365" type="PPrel">
        <subtype name="activation" value="--&gt;"/>
    </relation>
    <relation entry1="365" entry2="369" type="PCrel">
        <subtype name="binding/association" value="---"/>
    </relation>
    <relation entry1="367" entry2="368" type="PCrel">
        <subtype name="binding/association" value="---"/>
    </relation>
    <relation entry1="281" entry2="364" type="PPrel">
        <subtype name="activation" value="--&gt;"/>
        <subtype name="phosphorylation" value="+p"/>
    </relation>
    <relation entry1="355" entry2="353" type="PPrel">
        <subtype name="activation" value="--&gt;"/>
    </relation>
    <relation entry1="353" entry2="281" type="PPrel">
        <subtype name="binding/association" value="---"/>
    </relation>
    <relation entry1="353" entry2="282" type="PPrel">
        <subtype name="binding/association" value="---"/>
    </relation>
    <relation entry1="353" entry2="283" type="PPrel">
        <subtype name="binding/association" value="---"/>
    </relation>
    <relation entry1="367" entry2="375" type="PPrel">
        <subtype name="activation" value="--&gt;"/>
    </relation>
    <relation entry1="388" entry2="364" type="PPrel">
        <subtype name="activation" value="--&gt;"/>
        <subtype name="phosphorylation" value="+p"/>
    </relation>
</pathway>
