<?xml version="1.0"?>
<!DOCTYPE pathway SYSTEM "http://www.kegg.jp/kegg/xml/KGML_v0.7.2_.dtd">
<!-- Creation date: Apr 11, 2018 17:05:28 +0900 (GMT+9) -->
<pathway name="path:hsa05224" org="hsa" number="05224"
         title="Breast cancer"
         image="http://www.kegg.jp/kegg/pathway/hsa/hsa05224.png"
         link="http://www.kegg.jp/kegg-bin/show_pathway?hsa05224">
    <entry id="2" name="path:hsa05224" type="map"
        link="http://www.kegg.jp/dbget-bin/www_bget?hsa05224">
        <graphics name="TITLE:Breast cancer" fgcolor="#000000" bgcolor="#FFFFFF"
             type="roundrectangle" x="123" y="58" width="165" height="25"/>
    </entry>
    <entry id="6" name="hsa:2099 hsa:2100" type="gene"
        link="http://www.kegg.jp/dbget-bin/www_bget?hsa:2099+hsa:2100">
        <graphics name="ESR1, ER, ESR, ESRA, ESTRR, Era, NR3A1..." fgcolor="#000000" bgcolor="#BFFFBF"
             type="rectangle" x="710" y="187" width="46" height="17"/>
    </entry>
    <entry id="7" name="hsa:2099 hsa:2100" type="gene"
        link="http://www.kegg.jp/dbget-bin/www_bget?hsa:2099+hsa:2100">
        <graphics name="ESR1, ER, ESR, ESRA, ESTRR, Era, NR3A1..." fgcolor="#000000" bgcolor="#BFFFBF"
             type="rectangle" x="1041" y="187" width="46" height="17"/>
    </entry>
    <entry id="9" name="cpd:C00951" type="compound"
        link="http://www.kegg.jp/dbget-bin/www_bget?C00951">
        <graphics name="C00951" fgcolor="#000000" bgcolor="#FFFFFF"
             type="circle" x="237" y="190" width="8" height="8"/>
    </entry>
    <entry id="11" name="hsa:1956" type="gene"
        link="http://www.kegg.jp/dbget-bin/www_bget?hsa:1956">
        <graphics name="EGFR, ERBB, ERBB1, HER1, NISBD2, PIG61, mENA" fgcolor="#000000" bgcolor="#BFFFBF"
             type="rectangle" x="325" y="593" width="46" height="17"/>
    </entry>
    <entry id="14" name="cpd:C00951" type="compound"
        link="http://www.kegg.jp/dbget-bin/www_bget?C00951">
        <graphics name="C00951" fgcolor="#000000" bgcolor="#FFFFFF"
             type="circle" x="1042" y="157" width="8" height="8"/>
    </entry>
    <entry id="15" name="hsa:2099 hsa:2100" type="gene"
        link="http://www.kegg.jp/dbget-bin/www_bget?hsa:2099+hsa:2100">
        <graphics name="ESR1, ER, ESR, ESRA, ESTRR, Era, NR3A1..." fgcolor="#000000" bgcolor="#BFFFBF"
             type="rectangle" x="1041" y="255" width="46" height="17"/>
    </entry>
    <entry id="16" name="hsa:8202 hsa:8648" type="gene"
        link="http://www.kegg.jp/dbget-bin/www_bget?hsa:8202+hsa:8648">
        <graphics name="NCOA3, ACTR, AIB-1, AIB1, CAGH16, CTG26, KAT13B, RAC3, SRC-3, SRC3, TNRC14, TNRC16, TRAM-1, bHLHe42, pCIP..." fgcolor="#000000" bgcolor="#BFFFBF"
             type="rectangle" x="1130" y="138" width="46" height="17"/>
    </entry>
    <entry id="17" name="hsa:3265 hsa:3845 hsa:4893" type="gene"
        link="http://www.kegg.jp/dbget-bin/www_bget?hsa:3265+hsa:3845+hsa:4893">
        <graphics name="HRAS, C-BAS/HAS, C-H-RAS, C-HA-RAS1, CTLO, H-RASIDX, HAMSV, HRAS1, KRAS, KRAS2, Ki-Ras, RASH1, RASK2, c-K-ras, c-Ki-ras, p21ras..." fgcolor="#000000" bgcolor="#BFFFBF"
             type="rectangle" x="627" y="554" width="46" height="17"/>
    </entry>
    <entry id="18" name="hsa:369 hsa:5894 hsa:673" type="gene"
        link="http://www.kegg.jp/dbget-bin/www_bget?hsa:369+hsa:5894+hsa:673">
        <graphics name="ARAF, A-RAF, ARAF1, PKS2, RAFA1..." fgcolor="#000000" bgcolor="#BFFFBF"
             type="rectangle" x="702" y="554" width="46" height="17"/>
    </entry>
    <entry id="19" name="hsa:5604 hsa:5605" type="gene"
        link="http://www.kegg.jp/dbget-bin/www_bget?hsa:5604+hsa:5605">
        <graphics name="MAP2K1, CFC3, MAPKK1, MEK1, MKK1, PRKMK1..." fgcolor="#000000" bgcolor="#BFFFBF"
             type="rectangle" x="777" y="554" width="46" height="17"/>
    </entry>
    <entry id="20" name="hsa:5594 hsa:5595" type="gene"
        link="http://www.kegg.jp/dbget-bin/www_bget?hsa:5594+hsa:5595">
        <graphics name="MAPK1, ERK, ERK-2, ERK2, ERT1, MAPK2, P42MAPK, PRKM1, PRKM2, p38, p40, p41, p41mapk, p42-MAPK..." fgcolor="#000000" bgcolor="#BFFFBF"
             type="rectangle" x="853" y="553" width="46" height="16"/>
    </entry>
    <entry id="25" name="hsa:25759 hsa:399694 hsa:53358 hsa:6464" type="gene"
        link="http://www.kegg.jp/dbget-bin/www_bget?hsa:25759+hsa:399694+hsa:53358+hsa:6464">
        <graphics name="SHC2, SCK, SHCB, SLI..." fgcolor="#000000" bgcolor="#BFFFBF"
             type="rectangle" x="401" y="554" width="46" height="17"/>
    </entry>
    <entry id="26" name="hsa:2885" type="gene"
        link="http://www.kegg.jp/dbget-bin/www_bget?hsa:2885">
        <graphics name="GRB2, ASH, EGFRBP-GRB2, Grb3-3, MST084, MSTP084, NCKAP2" fgcolor="#000000" bgcolor="#BFFFBF"
             type="rectangle" x="477" y="554" width="46" height="17"/>
    </entry>
    <entry id="27" name="hsa:6654 hsa:6655" type="gene"
        link="http://www.kegg.jp/dbget-bin/www_bget?hsa:6654+hsa:6655">
        <graphics name="SOS1, GF1, GGF1, GINGF, HGF, NS4, SOS-1..." fgcolor="#000000" bgcolor="#BFFFBF"
             type="rectangle" x="552" y="554" width="46" height="17"/>
    </entry>
    <entry id="32" name="path:hsa04915" type="map"
        link="http://www.kegg.jp/dbget-bin/www_bget?hsa04915">
        <graphics name="Estrogen signaling pathway" fgcolor="#000000" bgcolor="#FFFFFF"
             type="roundrectangle" x="438" y="192" width="116" height="34"/>
    </entry>
    <entry id="33" name="hsa:182 hsa:3714" type="gene"
        link="http://www.kegg.jp/dbget-bin/www_bget?hsa:182+hsa:3714">
        <graphics name="JAG1, AGS, AGS1, AHD, AWS, CD339, DCHE, HJ1, JAGL1..." fgcolor="#000000" bgcolor="#BFFFBF"
             type="rectangle" x="217" y="886" width="46" height="17"/>
    </entry>
    <entry id="34" name="hsa:4851 hsa:4853 hsa:4854 hsa:4855" type="gene"
        link="http://www.kegg.jp/dbget-bin/www_bget?hsa:4851+hsa:4853+hsa:4854+hsa:4855">
        <graphics name="NOTCH1, AOS5, AOVD1, TAN1, hN1..." fgcolor="#000000" bgcolor="#BFFFBF"
             type="rectangle" x="325" y="905" width="46" height="17"/>
    </entry>
    <entry id="36" name="hsa:2475" type="gene"
        link="http://www.kegg.jp/dbget-bin/www_bget?hsa:2475">
        <graphics name="MTOR, FRAP, FRAP1, FRAP2, RAFT1, RAPT1, SKS" fgcolor="#000000" bgcolor="#BFFFBF"
             type="rectangle" x="728" y="638" width="46" height="17"/>
    </entry>
    <entry id="37" name="hsa:6198 hsa:6199" type="gene"
        link="http://www.kegg.jp/dbget-bin/www_bget?hsa:6198+hsa:6199">
        <graphics name="RPS6KB1, PS6K, S6K, S6K-beta-1, S6K1, STK14A, p70_S6KA, p70(S6K)-alpha, p70-S6K, p70-alpha..." fgcolor="#000000" bgcolor="#BFFFBF"
             type="rectangle" x="847" y="638" width="46" height="17"/>
    </entry>
    <entry id="39" name="hsa:3479" type="gene"
        link="http://www.kegg.jp/dbget-bin/www_bget?hsa:3479">
        <graphics name="IGF1, IGF, IGF-I, IGFI, MGF" fgcolor="#000000" bgcolor="#BFFFBF"
             type="rectangle" x="218" y="650" width="46" height="17"/>
    </entry>
    <entry id="40" name="hsa:3480" type="gene"
        link="http://www.kegg.jp/dbget-bin/www_bget?hsa:3480">
        <graphics name="IGF1R, CD221, IGFIR, IGFR, JTK13" fgcolor="#000000" bgcolor="#BFFFBF"
             type="rectangle" x="325" y="650" width="46" height="17"/>
    </entry>
    <entry id="42" name="hsa:2064" type="gene"
        link="http://www.kegg.jp/dbget-bin/www_bget?hsa:2064">
        <graphics name="ERBB2, CD340, HER-2, HER-2/neu, HER2, MLN_19, NEU, NGL, TKR1" fgcolor="#000000" bgcolor="#BFFFBF"
             type="rectangle" x="325" y="558" width="46" height="17"/>
    </entry>
    <entry id="43" name="hsa:8202 hsa:8648" type="gene"
        link="http://www.kegg.jp/dbget-bin/www_bget?hsa:8202+hsa:8648">
        <graphics name="NCOA3, ACTR, AIB-1, AIB1, CAGH16, CTG26, KAT13B, RAC3, SRC-3, SRC3, TNRC14, TNRC16, TRAM-1, bHLHe42, pCIP..." fgcolor="#000000" bgcolor="#BFFFBF"
             type="rectangle" x="1130" y="243" width="46" height="17"/>
    </entry>
    <entry id="44" name="path:hsa04151" type="map"
        link="http://www.kegg.jp/dbget-bin/www_bget?hsa04151">
        <graphics name="PI3K-Akt signaling pathway" fgcolor="#000000" bgcolor="#FFFFFF"
             type="roundrectangle" x="654" y="504" width="116" height="34"/>
    </entry>
    <entry id="45" name="hsa:2353 hsa:3725 hsa:6667" type="gene"
        link="http://www.kegg.jp/dbget-bin/www_bget?hsa:2353+hsa:3725+hsa:6667">
        <graphics name="FOS, AP-1, C-FOS, p55..." fgcolor="#000000" bgcolor="#BFFFBF"
             type="rectangle" x="1130" y="155" width="46" height="17"/>
    </entry>
    <entry id="47" name="hsa:2099 hsa:2100" type="gene"
        link="http://www.kegg.jp/dbget-bin/www_bget?hsa:2099+hsa:2100">
        <graphics name="ESR1, ER, ESR, ESRA, ESTRR, Era, NR3A1..." fgcolor="#000000" bgcolor="#BFFFBF"
             type="rectangle" x="1130" y="226" width="46" height="17"/>
    </entry>
    <entry id="48" name="hsa:10683 hsa:28514 hsa:54567" type="gene"
        link="http://www.kegg.jp/dbget-bin/www_bget?hsa:10683+hsa:28514+hsa:54567">
        <graphics name="DLL3, SCDO1..." fgcolor="#000000" bgcolor="#BFFFBF"
             type="rectangle" x="217" y="925" width="46" height="17"/>
    </entry>
    <entry id="50" name="path:hsa04330" type="map"
        link="http://www.kegg.jp/dbget-bin/www_bget?hsa04330">
        <graphics name="Notch signaling pathway" fgcolor="#000000" bgcolor="#FFFFFF"
             type="roundrectangle" x="430" y="877" width="116" height="34"/>
    </entry>
    <entry id="53" name="cpd:C00951" type="compound"
        link="http://www.kegg.jp/dbget-bin/www_bget?C00951">
        <graphics name="C00951" fgcolor="#000000" bgcolor="#FFFFFF"
             type="circle" x="711" y="157" width="8" height="8"/>
    </entry>
    <entry id="54" name="cpd:C00951" type="compound"
        link="http://www.kegg.jp/dbget-bin/www_bget?C00951">
        <graphics name="C00951" fgcolor="#000000" bgcolor="#FFFFFF"
             type="circle" x="1042" y="225" width="8" height="8"/>
    </entry>
    <entry id="58" name="hsa:2099 hsa:2100" type="gene"
        link="http://www.kegg.jp/dbget-bin/www_bget?hsa:2099+hsa:2100">
        <graphics name="ESR1, ER, ESR, ESRA, ESTRR, Era, NR3A1..." fgcolor="#000000" bgcolor="#BFFFBF"
             type="rectangle" x="1130" y="121" width="46" height="17"/>
    </entry>
    <entry id="59" name="cpd:C00951" type="compound"
        link="http://www.kegg.jp/dbget-bin/www_bget?C00951">
        <graphics name="C00951" fgcolor="#000000" bgcolor="#FFFFFF"
             type="circle" x="1130" y="91" width="8" height="8"/>
    </entry>
    <entry id="62" name="cpd:C00951" type="compound"
        link="http://www.kegg.jp/dbget-bin/www_bget?C00951">
        <graphics name="C00951" fgcolor="#000000" bgcolor="#FFFFFF"
             type="circle" x="1130" y="196" width="8" height="8"/>
    </entry>
    <entry id="66" name="cpd:C00410" type="compound"
        link="http://www.kegg.jp/dbget-bin/www_bget?C00410">
        <graphics name="C00410" fgcolor="#000000" bgcolor="#FFFFFF"
             type="circle" x="237" y="283" width="8" height="8"/>
    </entry>
    <entry id="67" name="cpd:C00410" type="compound"
        link="http://www.kegg.jp/dbget-bin/www_bget?C00410">
        <graphics name="C00410" fgcolor="#000000" bgcolor="#FFFFFF"
             type="circle" x="711" y="282" width="8" height="8"/>
    </entry>
    <entry id="68" name="cpd:C00410" type="compound"
        link="http://www.kegg.jp/dbget-bin/www_bget?C00410">
        <graphics name="C00410" fgcolor="#000000" bgcolor="#FFFFFF"
             type="circle" x="1130" y="281" width="8" height="8"/>
    </entry>
    <entry id="71" name="hsa:5241" type="gene"
        link="http://www.kegg.jp/dbget-bin/www_bget?hsa:5241">
        <graphics name="PGR, NR3C3, PR" fgcolor="#000000" bgcolor="#BFFFBF"
             type="rectangle" x="710" y="312" width="46" height="17"/>
    </entry>
    <entry id="74" name="hsa:5241" type="gene"
        link="http://www.kegg.jp/dbget-bin/www_bget?hsa:5241">
        <graphics name="PGR, NR3C3, PR" fgcolor="#000000" bgcolor="#BFFFBF"
             type="rectangle" x="1130" y="311" width="46" height="17"/>
    </entry>
    <entry id="75" name="hsa:8202 hsa:8648" type="gene"
        link="http://www.kegg.jp/dbget-bin/www_bget?hsa:8202+hsa:8648">
        <graphics name="NCOA3, ACTR, AIB-1, AIB1, CAGH16, CTG26, KAT13B, RAC3, SRC-3, SRC3, TNRC14, TNRC16, TRAM-1, bHLHe42, pCIP..." fgcolor="#000000" bgcolor="#BFFFBF"
             type="rectangle" x="1130" y="328" width="46" height="17"/>
    </entry>
    <entry id="76" name="hsa:3265 hsa:3845 hsa:4893" type="gene"
        link="http://www.kegg.jp/dbget-bin/www_bget?hsa:3265+hsa:3845+hsa:4893">
        <graphics name="HRAS, C-BAS/HAS, C-H-RAS, C-HA-RAS1, CTLO, H-RASIDX, HAMSV, HRAS1, KRAS, KRAS2, Ki-Ras, RASH1, RASK2, c-K-ras, c-Ki-ras, p21ras..." fgcolor="#000000" bgcolor="#BFFFBF"
             type="rectangle" x="627" y="384" width="46" height="17"/>
    </entry>
    <entry id="77" name="hsa:369 hsa:5894 hsa:673" type="gene"
        link="http://www.kegg.jp/dbget-bin/www_bget?hsa:369+hsa:5894+hsa:673">
        <graphics name="ARAF, A-RAF, ARAF1, PKS2, RAFA1..." fgcolor="#000000" bgcolor="#BFFFBF"
             type="rectangle" x="702" y="384" width="46" height="17"/>
    </entry>
    <entry id="78" name="hsa:5604 hsa:5605" type="gene"
        link="http://www.kegg.jp/dbget-bin/www_bget?hsa:5604+hsa:5605">
        <graphics name="MAP2K1, CFC3, MAPKK1, MEK1, MKK1, PRKMK1..." fgcolor="#000000" bgcolor="#BFFFBF"
             type="rectangle" x="777" y="384" width="46" height="17"/>
    </entry>
    <entry id="79" name="hsa:5594 hsa:5595" type="gene"
        link="http://www.kegg.jp/dbget-bin/www_bget?hsa:5594+hsa:5595">
        <graphics name="MAPK1, ERK, ERK-2, ERK2, ERT1, MAPK2, P42MAPK, PRKM1, PRKM2, p38, p40, p41, p41mapk, p42-MAPK..." fgcolor="#000000" bgcolor="#BFFFBF"
             type="rectangle" x="853" y="383" width="46" height="16"/>
    </entry>
    <entry id="84" name="path:hsa04010" type="map"
        link="http://www.kegg.jp/dbget-bin/www_bget?hsa04010">
        <graphics name="MAPK signaling pathway" fgcolor="#000000" bgcolor="#FFFFFF"
             type="roundrectangle" x="654" y="417" width="116" height="34"/>
    </entry>
    <entry id="85" name="hsa:25759 hsa:399694 hsa:53358 hsa:6464" type="gene"
        link="http://www.kegg.jp/dbget-bin/www_bget?hsa:25759+hsa:399694+hsa:53358+hsa:6464">
        <graphics name="SHC2, SCK, SHCB, SLI..." fgcolor="#000000" bgcolor="#BFFFBF"
             type="rectangle" x="401" y="384" width="46" height="17"/>
    </entry>
    <entry id="86" name="hsa:2885" type="gene"
        link="http://www.kegg.jp/dbget-bin/www_bget?hsa:2885">
        <graphics name="GRB2, ASH, EGFRBP-GRB2, Grb3-3, MST084, MSTP084, NCKAP2" fgcolor="#000000" bgcolor="#BFFFBF"
             type="rectangle" x="477" y="384" width="46" height="17"/>
    </entry>
    <entry id="87" name="hsa:6654 hsa:6655" type="gene"
        link="http://www.kegg.jp/dbget-bin/www_bget?hsa:6654+hsa:6655">
        <graphics name="SOS1, GF1, GGF1, GINGF, HGF, NS4, SOS-1..." fgcolor="#000000" bgcolor="#BFFFBF"
             type="rectangle" x="552" y="384" width="46" height="17"/>
    </entry>
    <entry id="91" name="hsa:5290 hsa:5291 hsa:5293 hsa:5295 hsa:5296 hsa:8503" type="gene"
        link="http://www.kegg.jp/dbget-bin/www_bget?hsa:5290+hsa:5291+hsa:5293+hsa:5295+hsa:5296+hsa:8503">
        <graphics name="PIK3CA, CLAPO, CLOVE, CWS5, MCAP, MCM, MCMTC, PI3K, PI3K-alpha, p110-alpha..." fgcolor="#000000" bgcolor="#BFFFBF"
             type="rectangle" x="444" y="467" width="46" height="17"/>
    </entry>
    <entry id="92" name="hsa:10000 hsa:207 hsa:208" type="gene"
        link="http://www.kegg.jp/dbget-bin/www_bget?hsa:10000+hsa:207+hsa:208">
        <graphics name="AKT3, MPPH, MPPH2, PKB-GAMMA, PKBG, PRKBG, RAC-PK-gamma, RAC-gamma, STK-2..." fgcolor="#000000" bgcolor="#BFFFBF"
             type="rectangle" x="607" y="467" width="46" height="17"/>
    </entry>
    <entry id="95" name="hsa:2475" type="gene"
        link="http://www.kegg.jp/dbget-bin/www_bget?hsa:2475">
        <graphics name="MTOR, FRAP, FRAP1, FRAP2, RAFT1, RAPT1, SKS" fgcolor="#000000" bgcolor="#BFFFBF"
             type="rectangle" x="731" y="467" width="46" height="17"/>
    </entry>
    <entry id="96" name="hsa:6198 hsa:6199" type="gene"
        link="http://www.kegg.jp/dbget-bin/www_bget?hsa:6198+hsa:6199">
        <graphics name="RPS6KB1, PS6K, S6K, S6K-beta-1, S6K1, STK14A, p70_S6KA, p70(S6K)-alpha, p70-S6K, p70-alpha..." fgcolor="#000000" bgcolor="#BFFFBF"
             type="rectangle" x="850" y="467" width="46" height="17"/>
    </entry>
    <entry id="99" name="hsa:3479" type="gene"
        link="http://www.kegg.jp/dbget-bin/www_bget?hsa:3479">
        <graphics name="IGF1, IGF, IGF-I, IGFI, MGF" fgcolor="#000000" bgcolor="#BFFFBF"
             type="rectangle" x="218" y="457" width="46" height="17"/>
    </entry>
    <entry id="100" name="hsa:3480" type="gene"
        link="http://www.kegg.jp/dbget-bin/www_bget?hsa:3480">
        <graphics name="IGF1R, CD221, IGFIR, IGFR, JTK13" fgcolor="#000000" bgcolor="#BFFFBF"
             type="rectangle" x="325" y="457" width="46" height="17"/>
    </entry>
    <entry id="108" name="hsa:1956" type="gene"
        link="http://www.kegg.jp/dbget-bin/www_bget?hsa:1956">
        <graphics name="EGFR, ERBB, ERBB1, HER1, NISBD2, PIG61, mENA" fgcolor="#000000" bgcolor="#BFFFBF"
             type="rectangle" x="325" y="741" width="46" height="17"/>
    </entry>
    <entry id="110" name="hsa:3265 hsa:3845 hsa:4893" type="gene"
        link="http://www.kegg.jp/dbget-bin/www_bget?hsa:3265+hsa:3845+hsa:4893">
        <graphics name="HRAS, C-BAS/HAS, C-H-RAS, C-HA-RAS1, CTLO, H-RASIDX, HAMSV, HRAS1, KRAS, KRAS2, Ki-Ras, RASH1, RASK2, c-K-ras, c-Ki-ras, p21ras..." fgcolor="#000000" bgcolor="#BFFFBF"
             type="rectangle" x="627" y="740" width="46" height="17"/>
    </entry>
    <entry id="111" name="hsa:369 hsa:5894 hsa:673" type="gene"
        link="http://www.kegg.jp/dbget-bin/www_bget?hsa:369+hsa:5894+hsa:673">
        <graphics name="ARAF, A-RAF, ARAF1, PKS2, RAFA1..." fgcolor="#000000" bgcolor="#BFFFBF"
             type="rectangle" x="702" y="740" width="46" height="17"/>
    </entry>
    <entry id="112" name="hsa:5604 hsa:5605" type="gene"
        link="http://www.kegg.jp/dbget-bin/www_bget?hsa:5604+hsa:5605">
        <graphics name="MAP2K1, CFC3, MAPKK1, MEK1, MKK1, PRKMK1..." fgcolor="#000000" bgcolor="#BFFFBF"
             type="rectangle" x="777" y="740" width="46" height="17"/>
    </entry>
    <entry id="113" name="hsa:5594 hsa:5595" type="gene"
        link="http://www.kegg.jp/dbget-bin/www_bget?hsa:5594+hsa:5595">
        <graphics name="MAPK1, ERK, ERK-2, ERK2, ERT1, MAPK2, P42MAPK, PRKM1, PRKM2, p38, p40, p41, p41mapk, p42-MAPK..." fgcolor="#000000" bgcolor="#BFFFBF"
             type="rectangle" x="853" y="739" width="46" height="16"/>
    </entry>
    <entry id="118" name="hsa:25759 hsa:399694 hsa:53358 hsa:6464" type="gene"
        link="http://www.kegg.jp/dbget-bin/www_bget?hsa:25759+hsa:399694+hsa:53358+hsa:6464">
        <graphics name="SHC2, SCK, SHCB, SLI..." fgcolor="#000000" bgcolor="#BFFFBF"
             type="rectangle" x="401" y="740" width="46" height="17"/>
    </entry>
    <entry id="119" name="hsa:2885" type="gene"
        link="http://www.kegg.jp/dbget-bin/www_bget?hsa:2885">
        <graphics name="GRB2, ASH, EGFRBP-GRB2, Grb3-3, MST084, MSTP084, NCKAP2" fgcolor="#000000" bgcolor="#BFFFBF"
             type="rectangle" x="477" y="740" width="46" height="17"/>
    </entry>
    <entry id="120" name="hsa:6654 hsa:6655" type="gene"
        link="http://www.kegg.jp/dbget-bin/www_bget?hsa:6654+hsa:6655">
        <graphics name="SOS1, GF1, GGF1, GINGF, HGF, NS4, SOS-1..." fgcolor="#000000" bgcolor="#BFFFBF"
             type="rectangle" x="552" y="740" width="46" height="17"/>
    </entry>
    <entry id="125" name="hsa:2475" type="gene"
        link="http://www.kegg.jp/dbget-bin/www_bget?hsa:2475">
        <graphics name="MTOR, FRAP, FRAP1, FRAP2, RAFT1, RAPT1, SKS" fgcolor="#000000" bgcolor="#BFFFBF"
             type="rectangle" x="730" y="824" width="46" height="17"/>
    </entry>
    <entry id="126" name="hsa:6198 hsa:6199" type="gene"
        link="http://www.kegg.jp/dbget-bin/www_bget?hsa:6198+hsa:6199">
        <graphics name="RPS6KB1, PS6K, S6K, S6K-beta-1, S6K1, STK14A, p70_S6KA, p70(S6K)-alpha, p70-S6K, p70-alpha..." fgcolor="#000000" bgcolor="#BFFFBF"
             type="rectangle" x="849" y="824" width="46" height="17"/>
    </entry>
    <entry id="128" name="hsa:3479" type="gene"
        link="http://www.kegg.jp/dbget-bin/www_bget?hsa:3479">
        <graphics name="IGF1, IGF, IGF-I, IGFI, MGF" fgcolor="#000000" bgcolor="#BFFFBF"
             type="rectangle" x="217" y="814" width="46" height="17"/>
    </entry>
    <entry id="129" name="hsa:3480" type="gene"
        link="http://www.kegg.jp/dbget-bin/www_bget?hsa:3480">
        <graphics name="IGF1R, CD221, IGFIR, IGFR, JTK13" fgcolor="#000000" bgcolor="#BFFFBF"
             type="rectangle" x="325" y="814" width="46" height="17"/>
    </entry>
    <entry id="134" name="cpd:C05981" type="compound"
        link="http://www.kegg.jp/dbget-bin/www_bget?C05981">
        <graphics name="C05981" fgcolor="#000000" bgcolor="#FFFFFF"
             type="circle" x="524" y="466" width="8" height="8"/>
    </entry>
    <entry id="135" name="hsa:5728" type="gene"
        link="http://www.kegg.jp/dbget-bin/www_bget?hsa:5728">
        <graphics name="PTEN, 10q23del, BZS, CWS1, DEC, GLM2, MHAM, MMAC1, PTEN1, PTENbeta, TEP1" fgcolor="#000000" bgcolor="#BFFFBF"
             type="rectangle" x="473" y="424" width="46" height="17"/>
    </entry>
    <entry id="138" name="hsa:5290 hsa:5291 hsa:5293 hsa:5295 hsa:5296 hsa:8503" type="gene"
        link="http://www.kegg.jp/dbget-bin/www_bget?hsa:5290+hsa:5291+hsa:5293+hsa:5295+hsa:5296+hsa:8503">
        <graphics name="PIK3CA, CLAPO, CLOVE, CWS5, MCAP, MCM, MCMTC, PI3K, PI3K-alpha, p110-alpha..." fgcolor="#000000" bgcolor="#BFFFBF"
             type="rectangle" x="444" y="638" width="46" height="17"/>
    </entry>
    <entry id="139" name="hsa:10000 hsa:207 hsa:208" type="gene"
        link="http://www.kegg.jp/dbget-bin/www_bget?hsa:10000+hsa:207+hsa:208">
        <graphics name="AKT3, MPPH, MPPH2, PKB-GAMMA, PKBG, PRKBG, RAC-PK-gamma, RAC-gamma, STK-2..." fgcolor="#000000" bgcolor="#BFFFBF"
             type="rectangle" x="607" y="638" width="46" height="17"/>
    </entry>
    <entry id="142" name="cpd:C05981" type="compound"
        link="http://www.kegg.jp/dbget-bin/www_bget?C05981">
        <graphics name="C05981" fgcolor="#000000" bgcolor="#FFFFFF"
             type="circle" x="525" y="637" width="8" height="8"/>
    </entry>
    <entry id="143" name="hsa:5728" type="gene"
        link="http://www.kegg.jp/dbget-bin/www_bget?hsa:5728">
        <graphics name="PTEN, 10q23del, BZS, CWS1, DEC, GLM2, MHAM, MMAC1, PTEN1, PTENbeta, TEP1" fgcolor="#000000" bgcolor="#BFFFBF"
             type="rectangle" x="473" y="595" width="46" height="17"/>
    </entry>
    <entry id="147" name="hsa:5290 hsa:5291 hsa:5293 hsa:5295 hsa:5296 hsa:8503" type="gene"
        link="http://www.kegg.jp/dbget-bin/www_bget?hsa:5290+hsa:5291+hsa:5293+hsa:5295+hsa:5296+hsa:8503">
        <graphics name="PIK3CA, CLAPO, CLOVE, CWS5, MCAP, MCM, MCMTC, PI3K, PI3K-alpha, p110-alpha..." fgcolor="#000000" bgcolor="#BFFFBF"
             type="rectangle" x="444" y="824" width="46" height="17"/>
    </entry>
    <entry id="148" name="hsa:10000 hsa:207 hsa:208" type="gene"
        link="http://www.kegg.jp/dbget-bin/www_bget?hsa:10000+hsa:207+hsa:208">
        <graphics name="AKT3, MPPH, MPPH2, PKB-GAMMA, PKBG, PRKBG, RAC-PK-gamma, RAC-gamma, STK-2..." fgcolor="#000000" bgcolor="#BFFFBF"
             type="rectangle" x="607" y="824" width="46" height="17"/>
    </entry>
    <entry id="152" name="cpd:C05981" type="compound"
        link="http://www.kegg.jp/dbget-bin/www_bget?C05981">
        <graphics name="C05981" fgcolor="#000000" bgcolor="#FFFFFF"
             type="circle" x="524" y="823" width="8" height="8"/>
    </entry>
    <entry id="153" name="hsa:5728" type="gene"
        link="http://www.kegg.jp/dbget-bin/www_bget?hsa:5728">
        <graphics name="PTEN, 10q23del, BZS, CWS1, DEC, GLM2, MHAM, MMAC1, PTEN1, PTENbeta, TEP1" fgcolor="#000000" bgcolor="#BFFFBF"
             type="rectangle" x="473" y="781" width="46" height="17"/>
    </entry>
    <entry id="157" name="hsa:595" type="gene"
        link="http://www.kegg.jp/dbget-bin/www_bget?hsa:595">
        <graphics name="CCND1, BCL1, D11S287E, PRAD1, U21B31" fgcolor="#000000" bgcolor="#BFFFBF"
             type="rectangle" x="1087" y="1011" width="46" height="17"/>
    </entry>
    <entry id="158" name="hsa:4609" type="gene"
        link="http://www.kegg.jp/dbget-bin/www_bget?hsa:4609">
        <graphics name="MYC, MRTL, MYCC, bHLHe39, c-Myc" fgcolor="#000000" bgcolor="#BFFFBF"
             type="rectangle" x="1087" y="988" width="46" height="17"/>
    </entry>
    <entry id="159" name="hsa:51176 hsa:6932 hsa:6934 hsa:83439" type="gene"
        link="http://www.kegg.jp/dbget-bin/www_bget?hsa:51176+hsa:6932+hsa:6934+hsa:83439">
        <graphics name="LEF1, LEF-1, TCF10, TCF1ALPHA, TCF7L3..." fgcolor="#000000" bgcolor="#BFFFBF"
             type="rectangle" x="971" y="1000" width="46" height="17"/>
    </entry>
    <entry id="160" name="hsa:122011 hsa:1452" type="gene"
        link="http://www.kegg.jp/dbget-bin/www_bget?hsa:122011+hsa:1452">
        <graphics name="CSNK1A1L, CK1..." fgcolor="#000000" bgcolor="#BFFFBF"
             type="rectangle" x="695" y="1017" width="46" height="17"/>
    </entry>
    <entry id="161" name="hsa:8312 hsa:8313" type="gene"
        link="http://www.kegg.jp/dbget-bin/www_bget?hsa:8312+hsa:8313">
        <graphics name="AXIN1, AXIN, PPP1R49..." fgcolor="#000000" bgcolor="#BFFFBF"
             type="rectangle" x="589" y="1017" width="46" height="17"/>
    </entry>
    <entry id="162" name="hsa:10297 hsa:324" type="gene"
        link="http://www.kegg.jp/dbget-bin/www_bget?hsa:10297+hsa:324">
        <graphics name="APC2, APCL..." fgcolor="#000000" bgcolor="#BFFFBF"
             type="rectangle" x="635" y="1017" width="46" height="17"/>
    </entry>
    <entry id="163" name="hsa:1499" type="gene"
        link="http://www.kegg.jp/dbget-bin/www_bget?hsa:1499">
        <graphics name="CTNNB1, CTNNB, EVR7, MRD19, NEDSDV, armadillo" fgcolor="#000000" bgcolor="#BFFFBF"
             type="rectangle" x="665" y="1000" width="46" height="17"/>
    </entry>
    <entry id="164" name="hsa:2932" type="gene"
        link="http://www.kegg.jp/dbget-bin/www_bget?hsa:2932">
        <graphics name="GSK3B" fgcolor="#000000" bgcolor="#BFFFBF"
             type="rectangle" x="558" y="1000" width="46" height="17"/>
    </entry>
    <entry id="165" name="hsa:10023 hsa:23401" type="gene"
        link="http://www.kegg.jp/dbget-bin/www_bget?hsa:10023+hsa:23401">
        <graphics name="FRAT1..." fgcolor="#000000" bgcolor="#BFFFBF"
             type="rectangle" x="496" y="987" width="46" height="17"/>
    </entry>
    <entry id="166" name="hsa:1855 hsa:1856 hsa:1857" type="gene"
        link="http://www.kegg.jp/dbget-bin/www_bget?hsa:1855+hsa:1856+hsa:1857">
        <graphics name="DVL1, DRS2, DVL, DVL1L1, DVL1P1..." fgcolor="#000000" bgcolor="#BFFFBF"
             type="rectangle" x="450" y="1000" width="46" height="17"/>
    </entry>
    <entry id="167" name="hsa:4040 hsa:4041" type="gene"
        link="http://www.kegg.jp/dbget-bin/www_bget?hsa:4040+hsa:4041">
        <graphics name="LRP6, ADCAD2, STHAG7..." fgcolor="#000000" bgcolor="#BFFFBF"
             type="rectangle" x="325" y="1017" width="46" height="17"/>
    </entry>
    <entry id="168" name="hsa:11211 hsa:2535 hsa:7855 hsa:7976 hsa:8321 hsa:8322 hsa:8323 hsa:8324 hsa:8325 hsa:8326" type="gene"
        link="http://www.kegg.jp/dbget-bin/www_bget?hsa:11211+hsa:2535+hsa:7855+hsa:7976+hsa:8321+hsa:8322+hsa:8323+hsa:8324+hsa:8325+hsa:8326">
        <graphics name="FZD10, CD350, FZ-10, Fz10, FzE7, hFz10..." fgcolor="#000000" bgcolor="#BFFFBF"
             type="rectangle" x="325" y="1000" width="46" height="17"/>
    </entry>
    <entry id="169" name="hsa:51384 hsa:54361 hsa:7471 hsa:7472 hsa:7473 hsa:7474 hsa:7475 hsa:7476 hsa:7477 hsa:7478 hsa:7479 hsa:7480 hsa:7481 hsa:7482 hsa:7483 hsa:7484 hsa:80326 hsa:81029 hsa:89780" type="gene"
        link="http://www.kegg.jp/dbget-bin/www_bget?hsa:51384+hsa:54361+hsa:7471+hsa:7472+hsa:7473+hsa:7474+hsa:7475+hsa:7476+hsa:7477+hsa:7478+hsa:7479+hsa:7480+hsa:7481+hsa:7482+hsa:7483+hsa:7484+hsa:80326+hsa:81029+hsa:89780">
        <graphics name="WNT16..." fgcolor="#000000" bgcolor="#BFFFBF"
             type="rectangle" x="217" y="1008" width="46" height="17"/>
    </entry>
    <entry id="180" name="path:hsa04310" type="map"
        link="http://www.kegg.jp/dbget-bin/www_bget?hsa04310">
        <graphics name="Wnt signaling pathway" fgcolor="#000000" bgcolor="#FFFFFF"
             type="roundrectangle" x="430" y="939" width="116" height="34"/>
    </entry>
    <entry id="182" name="path:hsa04115" type="map"
        link="http://www.kegg.jp/dbget-bin/www_bget?hsa04115">
        <graphics name="p53 signaling pathway" fgcolor="#000000" bgcolor="#FFFFFF"
             type="roundrectangle" x="1192" y="546" width="128" height="34"/>
    </entry>
    <entry id="184" name="hsa:1019 hsa:1021" type="gene"
        link="http://www.kegg.jp/dbget-bin/www_bget?hsa:1019+hsa:1021">
        <graphics name="CDK4, CMM3, PSK-J3..." fgcolor="#000000" bgcolor="#BFFFBF"
             type="rectangle" x="1151" y="647" width="46" height="17"/>
    </entry>
    <entry id="185" name="hsa:5925" type="gene"
        link="http://www.kegg.jp/dbget-bin/www_bget?hsa:5925">
        <graphics name="RB1, OSRC, PPP1R130, RB, p105-Rb, pRb, pp110" fgcolor="#000000" bgcolor="#BFFFBF"
             type="rectangle" x="1235" y="657" width="46" height="17"/>
    </entry>
    <entry id="186" name="hsa:1869 hsa:1870 hsa:1871" type="gene"
        link="http://www.kegg.jp/dbget-bin/www_bget?hsa:1869+hsa:1870+hsa:1871">
        <graphics name="E2F1, E2F-1, RBAP1, RBBP3, RBP3..." fgcolor="#000000" bgcolor="#BFFFBF"
             type="rectangle" x="1235" y="695" width="46" height="17"/>
    </entry>
    <entry id="187" name="hsa:595" type="gene"
        link="http://www.kegg.jp/dbget-bin/www_bget?hsa:595">
        <graphics name="CCND1, BCL1, D11S287E, PRAD1, U21B31" fgcolor="#000000" bgcolor="#BFFFBF"
             type="rectangle" x="1151" y="664" width="46" height="17"/>
    </entry>
    <entry id="188" name="path:hsa04110" type="map"
        link="http://www.kegg.jp/dbget-bin/www_bget?hsa04110">
        <graphics name="Cell cycle" fgcolor="#000000" bgcolor="#FFFFFF"
             type="roundrectangle" x="1337" y="667" width="103" height="25"/>
    </entry>
    <entry id="195" name="hsa:3815" type="gene"
        link="http://www.kegg.jp/dbget-bin/www_bget?hsa:3815">
        <graphics name="KIT, C-Kit, CD117, MASTC, PBT, SCFR" fgcolor="#000000" bgcolor="#BFFFBF"
             type="rectangle" x="325" y="776" width="46" height="17"/>
    </entry>
    <entry id="198" name="hsa:595" type="gene"
        link="http://www.kegg.jp/dbget-bin/www_bget?hsa:595">
        <graphics name="CCND1, BCL1, D11S287E, PRAD1, U21B31" fgcolor="#000000" bgcolor="#BFFFBF"
             type="rectangle" x="1403" y="880" width="46" height="17"/>
    </entry>
    <entry id="199" name="hsa:1026" type="gene"
        link="http://www.kegg.jp/dbget-bin/www_bget?hsa:1026">
        <graphics name="CDKN1A, CAP20, CDKN1, CIP1, MDA-6, P21, SDI1, WAF1, p21CIP1" fgcolor="#000000" bgcolor="#BFFFBF"
             type="rectangle" x="1456" y="880" width="46" height="17"/>
    </entry>
    <entry id="200" name="hsa:4791" type="gene"
        link="http://www.kegg.jp/dbget-bin/www_bget?hsa:4791">
        <graphics name="NFKB2, CVID10, H2TF1, LYT-10, LYT10, NF-kB2, p100, p49/p100, p52" fgcolor="#000000" bgcolor="#BFFFBF"
             type="rectangle" x="1456" y="904" width="46" height="17"/>
    </entry>
    <entry id="201" name="hsa:4609" type="gene"
        link="http://www.kegg.jp/dbget-bin/www_bget?hsa:4609">
        <graphics name="MYC, MRTL, MYCC, bHLHe39, c-Myc" fgcolor="#000000" bgcolor="#BFFFBF"
             type="rectangle" x="1403" y="904" width="46" height="17"/>
    </entry>
    <entry id="202" name="hsa:2064" type="gene"
        link="http://www.kegg.jp/dbget-bin/www_bget?hsa:2064">
        <graphics name="ERBB2, CD340, HER-2, HER-2/neu, HER2, MLN_19, NEU, NGL, TKR1" fgcolor="#000000" bgcolor="#BFFFBF"
             type="rectangle" x="325" y="381" width="46" height="17"/>
    </entry>
    <entry id="205" name="hsa:2260" type="gene"
        link="http://www.kegg.jp/dbget-bin/www_bget?hsa:2260">
        <graphics name="FGFR1, BFGFR, CD331, CEK, ECCL, FGFBR, FGFR-1, FLG, FLT-2, FLT2, HBGFR, HH2, HRTFDS, KAL2, N-SAM, OGD, bFGF-R-1" fgcolor="#000000" bgcolor="#BFFFBF"
             type="rectangle" x="325" y="410" width="46" height="17"/>
    </entry>
    <entry id="211" name="hsa:595" type="gene"
        link="http://www.kegg.jp/dbget-bin/www_bget?hsa:595">
        <graphics name="CCND1, BCL1, D11S287E, PRAD1, U21B31" fgcolor="#000000" bgcolor="#BFFFBF"
             type="rectangle" x="1294" y="164" width="46" height="17"/>
    </entry>
    <entry id="216" name="hsa:54361 hsa:7471" type="gene"
        link="http://www.kegg.jp/dbget-bin/www_bget?hsa:54361+hsa:7471">
        <graphics name="WNT4, SERKAL, WNT-4..." fgcolor="#000000" bgcolor="#BFFFBF"
             type="rectangle" x="1294" y="307" width="46" height="17"/>
    </entry>
    <entry id="218" name="hsa:8600" type="gene"
        link="http://www.kegg.jp/dbget-bin/www_bget?hsa:8600">
        <graphics name="TNFSF11, CD254, ODF, OPGL, OPTB2, RANKL, TNLG6B, TRANCE, hRANKL2, sOdf" fgcolor="#000000" bgcolor="#BFFFBF"
             type="rectangle" x="1294" y="331" width="46" height="17"/>
    </entry>
    <entry id="219" name="hsa:4609" type="gene"
        link="http://www.kegg.jp/dbget-bin/www_bget?hsa:4609">
        <graphics name="MYC, MRTL, MYCC, bHLHe39, c-Myc" fgcolor="#000000" bgcolor="#BFFFBF"
             type="rectangle" x="1294" y="190" width="46" height="17"/>
    </entry>
    <entry id="220" name="hsa:1950" type="gene"
        link="http://www.kegg.jp/dbget-bin/www_bget?hsa:1950">
        <graphics name="EGF, HOMG4, URG" fgcolor="#000000" bgcolor="#BFFFBF"
             type="rectangle" x="218" y="592" width="46" height="17"/>
    </entry>
    <entry id="221" name="hsa:1950" type="gene"
        link="http://www.kegg.jp/dbget-bin/www_bget?hsa:1950">
        <graphics name="EGF, HOMG4, URG" fgcolor="#000000" bgcolor="#BFFFBF"
             type="rectangle" x="218" y="741" width="46" height="17"/>
    </entry>
    <entry id="222" name="hsa:672" type="gene"
        link="http://www.kegg.jp/dbget-bin/www_bget?hsa:672">
        <graphics name="BRCA1, BRCAI, BRCC1, BROVCA1, FANCS, IRIS, PNCA4, PPP1R53, PSCP, RNF53" fgcolor="#000000" bgcolor="#BFFFBF"
             type="rectangle" x="1132" y="771" width="46" height="17"/>
    </entry>
    <entry id="223" name="hsa:675" type="gene"
        link="http://www.kegg.jp/dbget-bin/www_bget?hsa:675">
        <graphics name="BRCA2, BRCC2, BROVCA2, FACD, FAD, FAD1, FANCD, FANCD1, GLM3, PNCA2, XRCC11" fgcolor="#000000" bgcolor="#BFFFBF"
             type="rectangle" x="1183" y="771" width="46" height="17"/>
    </entry>
    <entry id="226" name="hsa:2246 hsa:2247 hsa:2248 hsa:2249 hsa:2250 hsa:2251 hsa:2252 hsa:2253 hsa:2254 hsa:2255 hsa:26281 hsa:26291 hsa:27006 hsa:8074 hsa:8817 hsa:8822 hsa:8823 hsa:9965" type="gene"
        link="http://www.kegg.jp/dbget-bin/www_bget?hsa:2246+hsa:2247+hsa:2248+hsa:2249+hsa:2250+hsa:2251+hsa:2252+hsa:2253+hsa:2254+hsa:2255+hsa:26281+hsa:26291+hsa:27006+hsa:8074+hsa:8817+hsa:8822+hsa:8823+hsa:9965">
        <graphics name="FGF1, AFGF, ECGF, ECGF-beta, ECGFA, ECGFB, FGF-1, FGF-alpha, FGFA, GLIO703, HBGF-1, HBGF1..." fgcolor="#000000" bgcolor="#BFFFBF"
             type="rectangle" x="218" y="410" width="46" height="17"/>
    </entry>
    <entry id="228" name="hsa:2064" type="gene"
        link="http://www.kegg.jp/dbget-bin/www_bget?hsa:2064">
        <graphics name="ERBB2, CD340, HER-2, HER-2/neu, HER2, MLN_19, NEU, NGL, TKR1" fgcolor="#000000" bgcolor="#BFFFBF"
             type="rectangle" x="1252" y="854" width="46" height="17"/>
    </entry>
    <entry id="229" name="hsa:3280 hsa:388585" type="gene"
        link="http://www.kegg.jp/dbget-bin/www_bget?hsa:3280+hsa:388585">
        <graphics name="HES1, HES-1, HHL, HRY, bHLHb39..." fgcolor="#000000" bgcolor="#BFFFBF"
             type="rectangle" x="1252" y="893" width="46" height="17"/>
    </entry>
    <entry id="230" name="hsa:23462 hsa:23493 hsa:26508" type="gene"
        link="http://www.kegg.jp/dbget-bin/www_bget?hsa:23462+hsa:23493+hsa:26508">
        <graphics name="HEY1, BHLHb31, CHF2, HERP2, HESR1, HRT-1, NERP2, OAF1, hHRT1..." fgcolor="#000000" bgcolor="#BFFFBF"
             type="rectangle" x="1252" y="916" width="46" height="17"/>
    </entry>
    <entry id="231" name="hsa:2324" type="gene"
        link="http://www.kegg.jp/dbget-bin/www_bget?hsa:2324">
        <graphics name="FLT4, FLT-4, FLT41, LMPH1A, LMPHM1, PCL, VEGFR-3, VEGFR3" fgcolor="#000000" bgcolor="#BFFFBF"
             type="rectangle" x="1252" y="959" width="46" height="17"/>
    </entry>
    <entry id="236" name="hsa:2064" type="gene"
        link="http://www.kegg.jp/dbget-bin/www_bget?hsa:2064">
        <graphics name="ERBB2, CD340, HER-2, HER-2/neu, HER2, MLN_19, NEU, NGL, TKR1" fgcolor="#000000" bgcolor="#BFFFBF"
             type="rectangle" x="1403" y="927" width="46" height="17"/>
    </entry>
    <entry id="238" name="path:hsa03440" type="map"
        link="http://www.kegg.jp/dbget-bin/www_bget?hsa03440">
        <graphics name="Homologous recombination" fgcolor="#000000" bgcolor="#FFFFFF"
             type="roundrectangle" x="1297" y="804" width="128" height="34"/>
    </entry>
    <entry id="242" name="hsa:7157" type="gene"
        link="http://www.kegg.jp/dbget-bin/www_bget?hsa:7157">
        <graphics name="TP53, BCC7, BMFS5, LFS1, P53, TRP53" fgcolor="#000000" bgcolor="#BFFFBF"
             type="rectangle" x="1208" y="592" width="46" height="17"/>
    </entry>
    <entry id="248" name="hsa:1026" type="gene"
        link="http://www.kegg.jp/dbget-bin/www_bget?hsa:1026">
        <graphics name="CDKN1A, CAP20, CDKN1, CIP1, MDA-6, P21, SDI1, WAF1, p21CIP1" fgcolor="#000000" bgcolor="#BFFFBF"
             type="rectangle" x="1338" y="572" width="46" height="17"/>
    </entry>
    <entry id="249" name="hsa:10912 hsa:1647 hsa:4616" type="gene"
        link="http://www.kegg.jp/dbget-bin/www_bget?hsa:10912+hsa:1647+hsa:4616">
        <graphics name="GADD45G, CR6, DDIT2, GADD45gamma, GRP17..." fgcolor="#000000" bgcolor="#BFFFBF"
             type="rectangle" x="1390" y="572" width="46" height="17"/>
    </entry>
    <entry id="250" name="hsa:581" type="gene"
        link="http://www.kegg.jp/dbget-bin/www_bget?hsa:581">
        <graphics name="BAX, BCL2L4" fgcolor="#000000" bgcolor="#BFFFBF"
             type="rectangle" x="1338" y="594" width="46" height="17"/>
    </entry>
    <entry id="251" name="hsa:578" type="gene"
        link="http://www.kegg.jp/dbget-bin/www_bget?hsa:578">
        <graphics name="BAK1, BAK, BAK-LIKE, BCL2L7, CDN1" fgcolor="#000000" bgcolor="#BFFFBF"
             type="rectangle" x="1390" y="594" width="46" height="17"/>
    </entry>
    <entry id="252" name="hsa:1643" type="gene"
        link="http://www.kegg.jp/dbget-bin/www_bget?hsa:1643">
        <graphics name="DDB2, DDBB, UV-DDB2, XPE" fgcolor="#000000" bgcolor="#BFFFBF"
             type="rectangle" x="1338" y="616" width="46" height="17"/>
    </entry>
    <entry id="253" name="hsa:51426" type="gene"
        link="http://www.kegg.jp/dbget-bin/www_bget?hsa:51426">
        <graphics name="POLK, DINB1, DINP, POLQ" fgcolor="#000000" bgcolor="#BFFFBF"
             type="rectangle" x="1390" y="616" width="46" height="17"/>
    </entry>
    <entry id="254" name="undefined" type="group">
        <graphics fgcolor="#000000" bgcolor="#FFFFFF"
             type="rectangle" x="1130" y="138" width="46" height="51"/>
        <component id="16"/>
        <component id="45"/>
        <component id="58"/>
    </entry>
    <entry id="255" name="undefined" type="group">
        <graphics fgcolor="#000000" bgcolor="#FFFFFF"
             type="rectangle" x="1130" y="234" width="46" height="34"/>
        <component id="43"/>
        <component id="47"/>
    </entry>
    <entry id="256" name="undefined" type="group">
        <graphics fgcolor="#000000" bgcolor="#FFFFFF"
             type="rectangle" x="1130" y="319" width="46" height="34"/>
        <component id="74"/>
        <component id="75"/>
    </entry>
    <entry id="257" name="undefined" type="group">
        <graphics fgcolor="#000000" bgcolor="#FFFFFF"
             type="rectangle" x="325" y="1008" width="46" height="34"/>
        <component id="167"/>
        <component id="168"/>
    </entry>
    <entry id="258" name="undefined" type="group">
        <graphics fgcolor="#000000" bgcolor="#FFFFFF"
             type="rectangle" x="1151" y="655" width="46" height="34"/>
        <component id="184"/>
        <component id="187"/>
    </entry>
    <relation entry1="53" entry2="6" type="PCrel">
        <subtype name="binding/association" value="---"/>
    </relation>
    <relation entry1="14" entry2="7" type="PCrel">
        <subtype name="binding/association" value="---"/>
    </relation>
    <relation entry1="59" entry2="254" type="PCrel">
        <subtype name="binding/association" value="---"/>
    </relation>
    <relation entry1="62" entry2="255" type="PCrel">
        <subtype name="binding/association" value="---"/>
    </relation>
    <relation entry1="54" entry2="15" type="PCrel">
        <subtype name="binding/association" value="---"/>
    </relation>
    <relation entry1="67" entry2="71" type="PCrel">
        <subtype name="binding/association" value="---"/>
    </relation>
    <relation entry1="68" entry2="256" type="PCrel">
        <subtype name="binding/association" value="---"/>
    </relation>
    <relation entry1="58" entry2="211" type="GErel">
        <subtype name="expression" value="--&gt;"/>
    </relation>
    <relation entry1="58" entry2="219" type="GErel">
        <subtype name="expression" value="--&gt;"/>
    </relation>
    <relation entry1="47" entry2="211" type="GErel">
        <subtype name="expression" value="--&gt;"/>
    </relation>
    <relation entry1="47" entry2="219" type="GErel">
        <subtype name="expression" value="--&gt;"/>
    </relation>
    <relation entry1="74" entry2="216" type="GErel">
        <subtype name="expression" value="--&gt;"/>
    </relation>
    <relation entry1="74" entry2="218" type="GErel">
        <subtype name="expression" value="--&gt;"/>
    </relation>
    <relation entry1="226" entry2="205" type="PPrel">
        <subtype name="activation" value="--&gt;"/>
    </relation>
    <relation entry1="99" entry2="100" type="PPrel">
        <subtype name="activation" value="--&gt;"/>
    </relation>
    <relation entry1="220" entry2="11" type="PPrel">
        <subtype name="activation" value="--&gt;"/>
    </relation>
    <relation entry1="39" entry2="40" type="PPrel">
        <subtype name="activation" value="--&gt;"/>
    </relation>
    <relation entry1="221" entry2="108" type="PPrel">
        <subtype name="activation" value="--&gt;"/>
    </relation>
    <relation entry1="128" entry2="129" type="PPrel">
        <subtype name="activation" value="--&gt;"/>
    </relation>
    <relation entry1="202" entry2="85" type="PPrel">
        <subtype name="activation" value="--&gt;"/>
    </relation>
    <relation entry1="205" entry2="85" type="PPrel">
        <subtype name="activation" value="--&gt;"/>
    </relation>
    <relation entry1="100" entry2="85" type="PPrel">
        <subtype name="activation" value="--&gt;"/>
    </relation>
    <relation entry1="202" entry2="91" type="PPrel">
        <subtype name="activation" value="--&gt;"/>
    </relation>
    <relation entry1="205" entry2="91" type="PPrel">
        <subtype name="activation" value="--&gt;"/>
    </relation>
    <relation entry1="100" entry2="91" type="PPrel">
        <subtype name="activation" value="--&gt;"/>
    </relation>
    <relation entry1="42" entry2="25" type="PPrel">
        <subtype name="activation" value="--&gt;"/>
    </relation>
    <relation entry1="11" entry2="25" type="PPrel">
        <subtype name="activation" value="--&gt;"/>
    </relation>
    <relation entry1="40" entry2="25" type="PPrel">
        <subtype name="activation" value="--&gt;"/>
    </relation>
    <relation entry1="42" entry2="138" type="PPrel">
        <subtype name="activation" value="--&gt;"/>
    </relation>
    <relation entry1="11" entry2="138" type="PPrel">
        <subtype name="activation" value="--&gt;"/>
    </relation>
    <relation entry1="108" entry2="118" type="PPrel">
        <subtype name="activation" value="--&gt;"/>
    </relation>
    <relation entry1="195" entry2="118" type="PPrel">
        <subtype name="activation" value="--&gt;"/>
    </relation>
    <relation entry1="129" entry2="118" type="PPrel">
        <subtype name="activation" value="--&gt;"/>
    </relation>
    <relation entry1="108" entry2="147" type="PPrel">
        <subtype name="activation" value="--&gt;"/>
    </relation>
    <relation entry1="195" entry2="147" type="PPrel">
        <subtype name="activation" value="--&gt;"/>
    </relation>
    <relation entry1="129" entry2="147" type="PPrel">
        <subtype name="activation" value="--&gt;"/>
    </relation>
    <relation entry1="85" entry2="86" type="PPrel">
        <subtype name="activation" value="--&gt;"/>
    </relation>
    <relation entry1="86" entry2="87" type="PPrel">
        <subtype name="activation" value="--&gt;"/>
    </relation>
    <relation entry1="87" entry2="76" type="PPrel">
        <subtype name="activation" value="--&gt;"/>
    </relation>
    <relation entry1="76" entry2="77" type="PPrel">
        <subtype name="activation" value="--&gt;"/>
    </relation>
    <relation entry1="25" entry2="26" type="PPrel">
        <subtype name="activation" value="--&gt;"/>
    </relation>
    <relation entry1="26" entry2="27" type="PPrel">
        <subtype name="activation" value="--&gt;"/>
    </relation>
    <relation entry1="27" entry2="17" type="PPrel">
        <subtype name="activation" value="--&gt;"/>
    </relation>
    <relation entry1="17" entry2="18" type="PPrel">
        <subtype name="activation" value="--&gt;"/>
    </relation>
    <relation entry1="118" entry2="119" type="PPrel">
        <subtype name="activation" value="--&gt;"/>
    </relation>
    <relation entry1="119" entry2="120" type="PPrel">
        <subtype name="activation" value="--&gt;"/>
    </relation>
    <relation entry1="120" entry2="110" type="PPrel">
        <subtype name="activation" value="--&gt;"/>
    </relation>
    <relation entry1="110" entry2="111" type="PPrel">
        <subtype name="activation" value="--&gt;"/>
    </relation>
    <relation entry1="77" entry2="78" type="PPrel">
        <subtype name="activation" value="--&gt;"/>
        <subtype name="phosphorylation" value="+p"/>
    </relation>
    <relation entry1="78" entry2="79" type="PPrel">
        <subtype name="activation" value="--&gt;"/>
        <subtype name="phosphorylation" value="+p"/>
    </relation>
    <relation entry1="18" entry2="19" type="PPrel">
        <subtype name="activation" value="--&gt;"/>
        <subtype name="phosphorylation" value="+p"/>
    </relation>
    <relation entry1="19" entry2="20" type="PPrel">
        <subtype name="activation" value="--&gt;"/>
        <subtype name="phosphorylation" value="+p"/>
    </relation>
    <relation entry1="111" entry2="112" type="PPrel">
        <subtype name="activation" value="--&gt;"/>
        <subtype name="phosphorylation" value="+p"/>
    </relation>
    <relation entry1="112" entry2="113" type="PPrel">
        <subtype name="activation" value="--&gt;"/>
        <subtype name="phosphorylation" value="+p"/>
    </relation>
    <relation entry1="91" entry2="134" type="PCrel">
        <subtype name="activation" value="--&gt;"/>
    </relation>
    <relation entry1="134" entry2="92" type="PCrel">
        <subtype name="activation" value="--&gt;"/>
    </relation>
    <relation entry1="95" entry2="96" type="PPrel">
        <subtype name="activation" value="--&gt;"/>
    </relation>
    <relation entry1="92" entry2="95" type="PPrel">
        <subtype name="activation" value="--&gt;"/>
        <subtype name="indirect effect" value="..&gt;"/>
    </relation>
    <relation entry1="139" entry2="36" type="PPrel">
        <subtype name="activation" value="--&gt;"/>
        <subtype name="indirect effect" value="..&gt;"/>
    </relation>
    <relation entry1="148" entry2="125" type="PPrel">
        <subtype name="activation" value="--&gt;"/>
        <subtype name="indirect effect" value="..&gt;"/>
    </relation>
    <relation entry1="138" entry2="142" type="PCrel">
        <subtype name="activation" value="--&gt;"/>
    </relation>
    <relation entry1="142" entry2="139" type="PCrel">
        <subtype name="activation" value="--&gt;"/>
    </relation>
    <relation entry1="36" entry2="37" type="PPrel">
        <subtype name="activation" value="--&gt;"/>
    </relation>
    <relation entry1="147" entry2="152" type="PCrel">
        <subtype name="activation" value="--&gt;"/>
    </relation>
    <relation entry1="152" entry2="148" type="PCrel">
        <subtype name="activation" value="--&gt;"/>
    </relation>
    <relation entry1="125" entry2="126" type="PPrel">
        <subtype name="activation" value="--&gt;"/>
    </relation>
    <relation entry1="135" entry2="134" type="PCrel">
        <subtype name="inhibition" value="--|"/>
        <subtype name="dephosphorylation" value="-p"/>
    </relation>
    <relation entry1="143" entry2="142" type="PCrel">
        <subtype name="inhibition" value="--|"/>
        <subtype name="dephosphorylation" value="-p"/>
    </relation>
    <relation entry1="153" entry2="152" type="PCrel">
        <subtype name="inhibition" value="--|"/>
        <subtype name="dephosphorylation" value="-p"/>
    </relation>
    <relation entry1="33" entry2="34" type="PPrel">
        <subtype name="activation" value="--&gt;"/>
    </relation>
    <relation entry1="48" entry2="34" type="PPrel">
        <subtype name="activation" value="--&gt;"/>
    </relation>
    <relation entry1="34" entry2="228" type="GErel">
        <subtype name="expression" value="--&gt;"/>
    </relation>
    <relation entry1="34" entry2="229" type="GErel">
        <subtype name="expression" value="--&gt;"/>
    </relation>
    <relation entry1="34" entry2="230" type="GErel">
        <subtype name="expression" value="--&gt;"/>
    </relation>
    <relation entry1="34" entry2="231" type="GErel">
        <subtype name="expression" value="--&gt;"/>
    </relation>
    <relation entry1="229" entry2="198" type="GErel">
        <subtype name="expression" value="--&gt;"/>
    </relation>
    <relation entry1="229" entry2="199" type="GErel">
        <subtype name="expression" value="--&gt;"/>
    </relation>
    <relation entry1="229" entry2="201" type="GErel">
        <subtype name="expression" value="--&gt;"/>
    </relation>
    <relation entry1="229" entry2="200" type="GErel">
        <subtype name="expression" value="--&gt;"/>
    </relation>
    <relation entry1="229" entry2="236" type="GErel">
        <subtype name="expression" value="--&gt;"/>
    </relation>
    <relation entry1="230" entry2="198" type="GErel">
        <subtype name="expression" value="--&gt;"/>
    </relation>
    <relation entry1="230" entry2="199" type="GErel">
        <subtype name="expression" value="--&gt;"/>
    </relation>
    <relation entry1="230" entry2="201" type="GErel">
        <subtype name="expression" value="--&gt;"/>
    </relation>
    <relation entry1="230" entry2="200" type="GErel">
        <subtype name="expression" value="--&gt;"/>
    </relation>
    <relation entry1="230" entry2="236" type="GErel">
        <subtype name="expression" value="--&gt;"/>
    </relation>
    <relation entry1="169" entry2="257" type="PPrel">
        <subtype name="activation" value="--&gt;"/>
    </relation>
    <relation entry1="168" entry2="166" type="PPrel">
        <subtype name="activation" value="--&gt;"/>
    </relation>
    <relation entry1="166" entry2="164" type="PPrel">
        <subtype name="inhibition" value="--|"/>
    </relation>
    <relation entry1="164" entry2="163" type="PPrel">
        <subtype name="inhibition" value="--|"/>
        <subtype name="phosphorylation" value="+p"/>
    </relation>
    <relation entry1="165" entry2="166" type="PPrel">
        <subtype name="binding/association" value="---"/>
    </relation>
    <relation entry1="164" entry2="161" type="PPrel">
        <subtype name="binding/association" value="---"/>
    </relation>
    <relation entry1="161" entry2="162" type="PPrel">
        <subtype name="binding/association" value="---"/>
    </relation>
    <relation entry1="163" entry2="160" type="PPrel">
        <subtype name="binding/association" value="---"/>
    </relation>
    <relation entry1="258" entry2="185" type="PPrel">
        <subtype name="activation" value="--&gt;"/>
        <subtype name="phosphorylation" value="+p"/>
    </relation>
    <relation entry1="185" entry2="186" type="PPrel">
        <subtype name="dissociation" value="-+-"/>
    </relation>
    <relation entry1="163" entry2="159" type="PPrel">
        <subtype name="activation" value="--&gt;"/>
    </relation>
    <relation entry1="159" entry2="158" type="GErel">
        <subtype name="expression" value="--&gt;"/>
    </relation>
    <relation entry1="159" entry2="157" type="GErel">
        <subtype name="expression" value="--&gt;"/>
    </relation>
    <relation entry1="242" entry2="248" type="PPrel">
        <subtype name="missing interaction" value="-/-"/>
    </relation>
    <relation entry1="242" entry2="249" type="PPrel">
        <subtype name="missing interaction" value="-/-"/>
    </relation>
    <relation entry1="242" entry2="250" type="PPrel">
        <subtype name="missing interaction" value="-/-"/>
    </relation>
    <relation entry1="242" entry2="251" type="PPrel">
        <subtype name="missing interaction" value="-/-"/>
    </relation>
    <relation entry1="242" entry2="252" type="PPrel">
        <subtype name="missing interaction" value="-/-"/>
    </relation>
    <relation entry1="242" entry2="253" type="PPrel">
        <subtype name="missing interaction" value="-/-"/>
    </relation>
</pathway>
