<?xml version="1.0"?>
<!DOCTYPE pathway SYSTEM "http://www.kegg.jp/kegg/xml/KGML_v0.7.2_.dtd">
<!-- Creation date: Apr 12, 2019 12:00:40 +0900 (GMT+9) -->
<pathway name="path:hsa04742" org="hsa" number="04742"
         title="Taste transduction"
         image="http://www.kegg.jp/kegg/pathway/hsa/hsa04742.png"
         link="http://www.kegg.jp/kegg-bin/show_pathway?hsa04742">
    <entry id="8" name="cpd:C00076" type="compound"
        link="http://www.kegg.jp/dbget-bin/www_bget?C00076">
        <graphics name="C00076" fgcolor="#000000" bgcolor="#FFFFFF"
             type="circle" x="180" y="885" width="8" height="8"/>
    </entry>
    <entry id="15" name="path:hsa04742" type="map"
        link="http://www.kegg.jp/dbget-bin/www_bget?hsa04742">
        <graphics name="TITLE:Taste transduction" fgcolor="#000000" bgcolor="#FFFFFF"
             type="roundrectangle" x="133" y="58" width="186" height="25"/>
    </entry>
    <entry id="17" name="cpd:C01330" type="compound"
        link="http://www.kegg.jp/dbget-bin/www_bget?C01330">
        <graphics name="C01330" fgcolor="#000000" bgcolor="#FFFFFF"
             type="circle" x="822" y="392" width="8" height="8"/>
    </entry>
    <entry id="18" name="hsa:29850" type="gene"
        link="http://www.kegg.jp/dbget-bin/www_bget?hsa:29850">
        <graphics name="TRPM5, LTRPC5, MTR1" fgcolor="#000000" bgcolor="#BFFFBF"
             type="rectangle" x="771" y="390" width="46" height="17"/>
    </entry>
    <entry id="19" name="cpd:C01330" type="compound"
        link="http://www.kegg.jp/dbget-bin/www_bget?C01330">
        <graphics name="C01330" fgcolor="#000000" bgcolor="#FFFFFF"
             type="circle" x="168" y="169" width="8" height="8"/>
    </entry>
    <entry id="21" name="hsa:80834" type="gene"
        link="http://www.kegg.jp/dbget-bin/www_bget?hsa:80834">
        <graphics name="TAS1R2, GPR71, T1R2, TR2" fgcolor="#000000" bgcolor="#BFFFBF"
             type="rectangle" x="232" y="379" width="46" height="17"/>
    </entry>
    <entry id="23" name="cpd:C01451" type="compound"
        link="http://www.kegg.jp/dbget-bin/www_bget?C01451">
        <graphics name="C01451" fgcolor="#000000" bgcolor="#FFFFFF"
             type="circle" x="167" y="578" width="8" height="8"/>
    </entry>
    <entry id="25" name="hsa:5330" type="gene"
        link="http://www.kegg.jp/dbget-bin/www_bget?hsa:5330">
        <graphics name="PLCB2, PLC-beta-2" fgcolor="#000000" bgcolor="#BFFFBF"
             type="rectangle" x="405" y="457" width="46" height="17"/>
    </entry>
    <entry id="26" name="cpd:C00076" type="compound"
        link="http://www.kegg.jp/dbget-bin/www_bget?C00076">
        <graphics name="C00076" fgcolor="#000000" bgcolor="#FFFFFF"
             type="circle" x="561" y="385" width="8" height="8"/>
    </entry>
    <entry id="30" name="cpd:C01245" type="compound"
        link="http://www.kegg.jp/dbget-bin/www_bget?C01245">
        <graphics name="C01245" fgcolor="#000000" bgcolor="#FFFFFF"
             type="circle" x="491" y="456" width="8" height="8"/>
    </entry>
    <entry id="31" name="hsa:3710" type="gene"
        link="http://www.kegg.jp/dbget-bin/www_bget?hsa:3710">
        <graphics name="ITPR3, IP3R, IP3R3" fgcolor="#000000" bgcolor="#BFFFBF"
             type="rectangle" x="505" y="385" width="46" height="17"/>
    </entry>
    <entry id="32" name="path:hsa04020" type="map"
        link="http://www.kegg.jp/dbget-bin/www_bget?hsa04020">
        <graphics name="Calcium signaling pathway" fgcolor="#000000" bgcolor="#FFFFFF"
             type="roundrectangle" x="563" y="420" width="100" height="38"/>
    </entry>
    <entry id="36" name="cpd:C12284 dr:D08836 cpd:C19378 cpd:C11045" type="compound"
        link="http://www.kegg.jp/dbget-bin/www_bget?C12284+D08836+C19378+C11045">
        <graphics name="C12284..." fgcolor="#000000" bgcolor="#FFFFFF"
             type="circle" x="166" y="374" width="8" height="8"/>
    </entry>
    <entry id="37" name="cpd:C00089 cpd:C00095 cpd:C00031 cpd:C00208" type="compound"
        link="http://www.kegg.jp/dbget-bin/www_bget?C00089+C00095+C00031+C00208">
        <graphics name="C00089..." fgcolor="#000000" bgcolor="#FFFFFF"
             type="circle" x="166" y="385" width="8" height="8"/>
    </entry>
    <entry id="38" name="cpd:C00144" type="compound"
        link="http://www.kegg.jp/dbget-bin/www_bget?C00144">
        <graphics name="C00144" fgcolor="#000000" bgcolor="#FFFFFF"
             type="circle" x="167" y="517" width="8" height="8"/>
    </entry>
    <entry id="41" name="cpd:C01330" type="compound"
        link="http://www.kegg.jp/dbget-bin/www_bget?C01330">
        <graphics name="C01330" fgcolor="#000000" bgcolor="#FFFFFF"
             type="circle" x="822" y="446" width="8" height="8"/>
    </entry>
    <entry id="42" name="hsa:6326 hsa:6328 hsa:6335" type="gene"
        link="http://www.kegg.jp/dbget-bin/www_bget?hsa:6326+hsa:6328+hsa:6335">
        <graphics name="SCN2A, BFIC3, BFIS3, BFNIS, EIEE11, HBA, HBSCI, HBSCII, NAC2, Na(v)1.2, Nav1.2, SCN2A1, SCN2A2..." fgcolor="#000000" bgcolor="#BFFFBF"
             type="rectangle" x="771" y="444" width="46" height="17"/>
    </entry>
    <entry id="45" name="hsa:5136 hsa:5137 hsa:5153" type="gene"
        link="http://www.kegg.jp/dbget-bin/www_bget?hsa:5136+hsa:5137+hsa:5153">
        <graphics name="PDE1A, CAM-PDE_1A, CAM-PDE-1A, HCAM-1, HCAM1, HSPDE1A..." fgcolor="#000000" bgcolor="#BFFFBF"
             type="rectangle" x="340" y="457" width="48" height="17"/>
    </entry>
    <entry id="46" name="cpd:C00020" type="compound"
        link="http://www.kegg.jp/dbget-bin/www_bget?C00020">
        <graphics name="C00020" fgcolor="#000000" bgcolor="#FFFFFF"
             type="circle" x="293" y="478" width="8" height="8"/>
    </entry>
    <entry id="47" name="cpd:C00575" type="compound"
        link="http://www.kegg.jp/dbget-bin/www_bget?C00575">
        <graphics name="C00575" fgcolor="#000000" bgcolor="#FFFFFF"
             type="circle" x="320" y="331" width="8" height="8"/>
    </entry>
    <entry id="53" name="cpd:C00076" type="compound"
        link="http://www.kegg.jp/dbget-bin/www_bget?C00076">
        <graphics name="C00076" fgcolor="#000000" bgcolor="#FFFFFF"
             type="circle" x="822" y="847" width="8" height="8"/>
    </entry>
    <entry id="54" name="hsa:773 hsa:775" type="gene"
        link="http://www.kegg.jp/dbget-bin/www_bget?hsa:773+hsa:775">
        <graphics name="CACNA1A, APCA, BI, CACNL1A4, CAV2.1, EA2, EIEE42, FHM, HPCA, MHP, MHP1, SCA6..." fgcolor="#000000" bgcolor="#BFFFBF"
             type="rectangle" x="771" y="843" width="46" height="17"/>
    </entry>
    <entry id="57" name="hsa:342372" type="gene"
        link="http://www.kegg.jp/dbget-bin/www_bget?hsa:342372">
        <graphics name="PKD1L3" fgcolor="#000000" bgcolor="#BFFFBF"
             type="rectangle" x="233" y="781" width="46" height="17"/>
    </entry>
    <entry id="58" name="cpd:C01327" type="compound"
        link="http://www.kegg.jp/dbget-bin/www_bget?C01327">
        <graphics name="C01327" fgcolor="#000000" bgcolor="#FFFFFF"
             type="circle" x="166" y="778" width="8" height="8"/>
    </entry>
    <entry id="60" name="cpd:C01330" type="compound"
        link="http://www.kegg.jp/dbget-bin/www_bget?C01330">
        <graphics name="C01330" fgcolor="#000000" bgcolor="#FFFFFF"
             type="circle" x="822" y="799" width="8" height="8"/>
    </entry>
    <entry id="61" name="hsa:10021 hsa:6326" type="gene"
        link="http://www.kegg.jp/dbget-bin/www_bget?hsa:10021+hsa:6326">
        <graphics name="HCN4, SSS2..." fgcolor="#000000" bgcolor="#BFFFBF"
             type="rectangle" x="771" y="794" width="46" height="17"/>
    </entry>
    <entry id="62" name="hsa:255022" type="gene"
        link="http://www.kegg.jp/dbget-bin/www_bget?hsa:255022">
        <graphics name="CALHM1, FAM26C" fgcolor="#000000" bgcolor="#BFFFBF"
             type="rectangle" x="771" y="499" width="46" height="17"/>
    </entry>
    <entry id="64" name="cpd:C00008" type="compound"
        link="http://www.kegg.jp/dbget-bin/www_bget?C00008">
        <graphics name="C00008" fgcolor="#000000" bgcolor="#FFFFFF"
             type="circle" x="816" y="193" width="8" height="8"/>
    </entry>
    <entry id="93" name="hsa:6337 hsa:6338 hsa:6340" type="gene"
        link="http://www.kegg.jp/dbget-bin/www_bget?hsa:6337+hsa:6338+hsa:6340">
        <graphics name="SCNN1A, BESC2, ENaCa, ENaCalpha, LIDLS3, SCNEA, SCNN1..." fgcolor="#000000" bgcolor="#BFFFBF"
             type="rectangle" x="232" y="170" width="46" height="17"/>
    </entry>
    <entry id="94" name="hsa:954" type="gene"
        link="http://www.kegg.jp/dbget-bin/www_bget?hsa:954">
        <graphics name="ENTPD2, CD39L1, NTPDase-2" fgcolor="#000000" bgcolor="#BFFFBF"
             type="rectangle" x="771" y="170" width="46" height="17"/>
    </entry>
    <entry id="95" name="cpd:C00076" type="compound"
        link="http://www.kegg.jp/dbget-bin/www_bget?C00076">
        <graphics name="C00076" fgcolor="#000000" bgcolor="#FFFFFF"
             type="circle" x="583" y="882" width="8" height="8"/>
    </entry>
    <entry id="98" name="hsa:259285 hsa:259286 hsa:259287 hsa:259289 hsa:259290 hsa:259291 hsa:259292 hsa:259293 hsa:259294 hsa:259295 hsa:259296 hsa:338398 hsa:353164 hsa:50831 hsa:50832 hsa:50833 hsa:50834 hsa:50835 hsa:50836 hsa:50837 hsa:50838 hsa:50839 hsa:50840 hsa:54429 hsa:5726" type="gene"
        link="http://www.kegg.jp/dbget-bin/www_bget?hsa:259285+hsa:259286+hsa:259287+hsa:259289+hsa:259290+hsa:259291+hsa:259292+hsa:259293+hsa:259294+hsa:259295+hsa:259296+hsa:338398+hsa:353164+hsa:50831+hsa:50832+hsa:50833+hsa:50834+hsa:50835+hsa:50836+hsa:50837+hsa:50838+hsa:50839+hsa:50840+hsa:54429+hsa:5726">
        <graphics name="TAS2R39, T2R39, T2R57..." fgcolor="#000000" bgcolor="#BFFFBF"
             type="rectangle" x="232" y="591" width="46" height="17"/>
    </entry>
    <entry id="101" name="hsa:80835" type="gene"
        link="http://www.kegg.jp/dbget-bin/www_bget?hsa:80835">
        <graphics name="TAS1R1, GM148, GPR70, T1R1, TR1" fgcolor="#000000" bgcolor="#BFFFBF"
             type="rectangle" x="232" y="505" width="46" height="17"/>
    </entry>
    <entry id="104" name="hsa:2911 hsa:2914" type="gene"
        link="http://www.kegg.jp/dbget-bin/www_bget?hsa:2911+hsa:2914">
        <graphics name="GRM1, GPRC1A, MGLU1, MGLUR1, PPP1R85, SCA44, SCAR13..." fgcolor="#000000" bgcolor="#BFFFBF"
             type="rectangle" x="232" y="545" width="46" height="17"/>
    </entry>
    <entry id="106" name="hsa:83756" type="gene"
        link="http://www.kegg.jp/dbget-bin/www_bget?hsa:83756">
        <graphics name="TAS1R3, T1R3" fgcolor="#000000" bgcolor="#BFFFBF"
             type="rectangle" x="232" y="396" width="46" height="17"/>
    </entry>
    <entry id="108" name="hsa:83756" type="gene"
        link="http://www.kegg.jp/dbget-bin/www_bget?hsa:83756">
        <graphics name="TAS1R3, T1R3" fgcolor="#000000" bgcolor="#BFFFBF"
             type="rectangle" x="232" y="522" width="46" height="17"/>
    </entry>
    <entry id="111" name="hsa:5030" type="gene"
        link="http://www.kegg.jp/dbget-bin/www_bget?hsa:5030">
        <graphics name="P2RY4, NRU, P2P, P2Y4, UNR" fgcolor="#000000" bgcolor="#BFFFBF"
             type="rectangle" x="516" y="706" width="46" height="17"/>
    </entry>
    <entry id="113" name="cpd:C00238" type="compound"
        link="http://www.kegg.jp/dbget-bin/www_bget?C00238">
        <graphics name="C00238" fgcolor="#000000" bgcolor="#FFFFFF"
             type="circle" x="824" y="752" width="8" height="8"/>
    </entry>
    <entry id="114" name="hsa:8645" type="gene"
        link="http://www.kegg.jp/dbget-bin/www_bget?hsa:8645">
        <graphics name="KCNK5, K2p5.1, KCNK5b, TASK-2, TASK2" fgcolor="#000000" bgcolor="#BFFFBF"
             type="rectangle" x="771" y="749" width="46" height="17"/>
    </entry>
    <entry id="119" name="hsa:22953" type="gene"
        link="http://www.kegg.jp/dbget-bin/www_bget?hsa:22953">
        <graphics name="P2RX2, DFNA41, P2X2" fgcolor="#000000" bgcolor="#BFFFBF"
             type="rectangle" x="586" y="271" width="46" height="17"/>
    </entry>
    <entry id="120" name="cpd:C00002" type="compound"
        link="http://www.kegg.jp/dbget-bin/www_bget?C00002">
        <graphics name="C00002" fgcolor="#000000" bgcolor="#FFFFFF"
             type="circle" x="815" y="153" width="8" height="8"/>
    </entry>
    <entry id="122" name="hsa:40" type="gene"
        link="http://www.kegg.jp/dbget-bin/www_bget?hsa:40">
        <graphics name="ASIC2, ACCN, ACCN1, ASIC2a, BNC1, BNaC1, MDEG, hBNaC1" fgcolor="#000000" bgcolor="#BFFFBF"
             type="rectangle" x="233" y="870" width="46" height="17"/>
    </entry>
    <entry id="123" name="cpd:C01330" type="compound"
        link="http://www.kegg.jp/dbget-bin/www_bget?C01330">
        <graphics name="C01330" fgcolor="#000000" bgcolor="#FFFFFF"
             type="circle" x="180" y="853" width="8" height="8"/>
    </entry>
    <entry id="125" name="cpd:C00080" type="compound"
        link="http://www.kegg.jp/dbget-bin/www_bget?C00080">
        <graphics name="C00080" fgcolor="#000000" bgcolor="#FFFFFF"
             type="circle" x="166" y="869" width="8" height="8"/>
    </entry>
    <entry id="126" name="hsa:9033" type="gene"
        link="http://www.kegg.jp/dbget-bin/www_bget?hsa:9033">
        <graphics name="PKD2L1, PCL, PKD2L, PKDL, TRPP3" fgcolor="#000000" bgcolor="#BFFFBF"
             type="rectangle" x="233" y="798" width="46" height="17"/>
    </entry>
    <entry id="128" name="hsa:5028" type="gene"
        link="http://www.kegg.jp/dbget-bin/www_bget?hsa:5028">
        <graphics name="P2RY1, P2Y1, SARCC" fgcolor="#000000" bgcolor="#BFFFBF"
             type="rectangle" x="516" y="271" width="46" height="17"/>
    </entry>
    <entry id="132" name="hsa:2554 hsa:2555 hsa:2556 hsa:2557 hsa:2558 hsa:2559" type="gene"
        link="http://www.kegg.jp/dbget-bin/www_bget?hsa:2554+hsa:2555+hsa:2556+hsa:2557+hsa:2558+hsa:2559">
        <graphics name="GABRA1, ECA4, EIEE19, EJM, EJM5..." fgcolor="#000000" bgcolor="#BFFFBF"
             type="rectangle" x="444" y="649" width="46" height="17"/>
    </entry>
    <entry id="134" name="hsa:2550 hsa:9568" type="gene"
        link="http://www.kegg.jp/dbget-bin/www_bget?hsa:2550+hsa:9568">
        <graphics name="GABBR1, GABABR1, GABBR1-3, GB1, GPRC3A..." fgcolor="#000000" bgcolor="#BFFFBF"
             type="rectangle" x="516" y="649" width="46" height="17"/>
    </entry>
    <entry id="136" name="hsa:3350 hsa:3351 hsa:3352 hsa:3354 hsa:3355" type="gene"
        link="http://www.kegg.jp/dbget-bin/www_bget?hsa:3350+hsa:3351+hsa:3352+hsa:3354+hsa:3355">
        <graphics name="HTR1A, 5-HT-1A, 5-HT1A, 5HT1a, ADRB2RL1, ADRBRL1, G-21, PFMCD..." fgcolor="#000000" bgcolor="#BFFFBF"
             type="rectangle" x="586" y="649" width="46" height="17"/>
    </entry>
    <entry id="140" name="cpd:C01996" type="compound"
        link="http://www.kegg.jp/dbget-bin/www_bget?C01996">
        <graphics name="C01996" fgcolor="#000000" bgcolor="#FFFFFF"
             type="circle" x="811" y="574" width="8" height="8"/>
    </entry>
    <entry id="141" name="cpd:C00334" type="compound"
        link="http://www.kegg.jp/dbget-bin/www_bget?C00334">
        <graphics name="C00334" fgcolor="#000000" bgcolor="#FFFFFF"
             type="circle" x="808" y="886" width="8" height="8"/>
    </entry>
    <entry id="142" name="cpd:C00780" type="compound"
        link="http://www.kegg.jp/dbget-bin/www_bget?C00780">
        <graphics name="C00780" fgcolor="#000000" bgcolor="#FFFFFF"
             type="circle" x="808" y="902" width="8" height="8"/>
    </entry>
    <entry id="143" name="cpd:C00547" type="compound"
        link="http://www.kegg.jp/dbget-bin/www_bget?C00547">
        <graphics name="C00547" fgcolor="#000000" bgcolor="#FFFFFF"
             type="circle" x="808" y="918" width="8" height="8"/>
    </entry>
    <entry id="146" name="hsa:22953" type="gene"
        link="http://www.kegg.jp/dbget-bin/www_bget?hsa:22953">
        <graphics name="P2RX2, DFNA41, P2X2" fgcolor="#000000" bgcolor="#BFFFBF"
             type="rectangle" x="911" y="502" width="46" height="17"/>
    </entry>
    <entry id="147" name="hsa:5024" type="gene"
        link="http://www.kegg.jp/dbget-bin/www_bget?hsa:5024">
        <graphics name="P2RX3, P2X3" fgcolor="#000000" bgcolor="#BFFFBF"
             type="rectangle" x="911" y="525" width="46" height="17"/>
    </entry>
    <entry id="151" name="hsa:1131" type="gene"
        link="http://www.kegg.jp/dbget-bin/www_bget?hsa:1131">
        <graphics name="CHRM3, EGBRS, HM3, PBS" fgcolor="#000000" bgcolor="#BFFFBF"
             type="rectangle" x="769" y="613" width="46" height="17"/>
    </entry>
    <entry id="156" name="hsa:170572 hsa:200909 hsa:285242 hsa:3359 hsa:9177" type="gene"
        link="http://www.kegg.jp/dbget-bin/www_bget?hsa:170572+hsa:200909+hsa:285242+hsa:3359+hsa:9177">
        <graphics name="HTR3C..." fgcolor="#000000" bgcolor="#BFFFBF"
             type="rectangle" x="911" y="901" width="46" height="17"/>
    </entry>
    <entry id="165" name="cpd:C00002" type="compound"
        link="http://www.kegg.jp/dbget-bin/www_bget?C00002">
        <graphics name="C00002" fgcolor="#000000" bgcolor="#FFFFFF"
             type="circle" x="827" y="502" width="8" height="8"/>
    </entry>
    <entry id="167" name="cpd:C12283" type="compound"
        link="http://www.kegg.jp/dbget-bin/www_bget?C12283">
        <graphics name="C12283" fgcolor="#000000" bgcolor="#FFFFFF"
             type="circle" x="167" y="602" width="8" height="8"/>
    </entry>
    <entry id="168" name="cpd:C06526" type="compound"
        link="http://www.kegg.jp/dbget-bin/www_bget?C06526">
        <graphics name="C06526" fgcolor="#000000" bgcolor="#FFFFFF"
             type="circle" x="167" y="590" width="8" height="8"/>
    </entry>
    <entry id="169" name="cpd:C00130" type="compound"
        link="http://www.kegg.jp/dbget-bin/www_bget?C00130">
        <graphics name="C00130" fgcolor="#000000" bgcolor="#FFFFFF"
             type="circle" x="167" y="529" width="8" height="8"/>
    </entry>
    <entry id="170" name="cpd:C00025" type="compound"
        link="http://www.kegg.jp/dbget-bin/www_bget?C00025">
        <graphics name="C00025" fgcolor="#000000" bgcolor="#FFFFFF"
             type="circle" x="167" y="541" width="8" height="8"/>
    </entry>
    <entry id="173" name="cpd:C02265 cpd:C00133 cpd:C00740" type="compound"
        link="http://www.kegg.jp/dbget-bin/www_bget?C02265+C00133+C00740">
        <graphics name="C02265..." fgcolor="#000000" bgcolor="#FFFFFF"
             type="circle" x="166" y="397" width="8" height="8"/>
    </entry>
    <entry id="174" name="cpd:C00158" type="compound"
        link="http://www.kegg.jp/dbget-bin/www_bget?C00158">
        <graphics name="C00158" fgcolor="#000000" bgcolor="#FFFFFF"
             type="circle" x="166" y="790" width="8" height="8"/>
    </entry>
    <entry id="175" name="cpd:C00149" type="compound"
        link="http://www.kegg.jp/dbget-bin/www_bget?C00149">
        <graphics name="C00149" fgcolor="#000000" bgcolor="#FFFFFF"
             type="circle" x="166" y="802" width="8" height="8"/>
    </entry>
    <entry id="176" name="hsa:112 hsa:114 hsa:196883" type="gene"
        link="http://www.kegg.jp/dbget-bin/www_bget?hsa:112+hsa:114+hsa:196883">
        <graphics name="ADCY6, AC6, LCCS8..." fgcolor="#000000" bgcolor="#BFFFBF"
             type="rectangle" x="232" y="331" width="46" height="17"/>
    </entry>
    <entry id="178" name="hsa:5566 hsa:5567 hsa:5568" type="gene"
        link="http://www.kegg.jp/dbget-bin/www_bget?hsa:5566+hsa:5567+hsa:5568">
        <graphics name="PRKACA, PKACA, PPNAD4..." fgcolor="#000000" bgcolor="#BFFFBF"
             type="rectangle" x="405" y="332" width="46" height="17"/>
    </entry>
    <entry id="182" name="hsa:2784 hsa:346562 hsa:51764" type="gene"
        link="http://www.kegg.jp/dbget-bin/www_bget?hsa:2784+hsa:346562+hsa:51764">
        <graphics name="GNB3, CSNB1H..." fgcolor="#000000" bgcolor="#BFFFBF"
             type="rectangle" x="339" y="387" width="46" height="17"/>
    </entry>
    <entry id="186" name="cpd:C00238" type="compound"
        link="http://www.kegg.jp/dbget-bin/www_bget?C00238">
        <graphics name="C00238" fgcolor="#000000" bgcolor="#FFFFFF"
             type="circle" x="824" y="338" width="8" height="8"/>
    </entry>
    <entry id="189" name="cpd:C00575" type="compound"
        link="http://www.kegg.jp/dbget-bin/www_bget?C00575">
        <graphics name="C00575" fgcolor="#000000" bgcolor="#FFFFFF"
             type="circle" x="293" y="439" width="8" height="8"/>
    </entry>
    <entry id="191" name="hsa:2784 hsa:346562 hsa:51764" type="gene"
        link="http://www.kegg.jp/dbget-bin/www_bget?hsa:2784+hsa:346562+hsa:51764">
        <graphics name="GNB3, CSNB1H..." fgcolor="#000000" bgcolor="#BFFFBF"
             type="rectangle" x="339" y="537" width="46" height="17"/>
    </entry>
    <entry id="192" name="undefined" type="group">
        <graphics fgcolor="#000000" bgcolor="#FFFFFF"
             type="rectangle" x="232" y="387" width="46" height="34"/>
        <component id="106"/>
        <component id="21"/>
    </entry>
    <entry id="193" name="undefined" type="group">
        <graphics fgcolor="#000000" bgcolor="#FFFFFF"
             type="rectangle" x="232" y="513" width="46" height="34"/>
        <component id="101"/>
        <component id="108"/>
    </entry>
    <entry id="194" name="undefined" type="group">
        <graphics fgcolor="#000000" bgcolor="#FFFFFF"
             type="rectangle" x="233" y="789" width="46" height="34"/>
        <component id="126"/>
        <component id="57"/>
    </entry>
    <relation entry1="176" entry2="47" type="PCrel">
        <subtype name="activation" value="--&gt;"/>
    </relation>
    <relation entry1="21" entry2="106" type="PPrel">
        <subtype name="binding/association" value="---"/>
    </relation>
    <relation entry1="36" entry2="192" type="PCrel">
        <subtype name="activation" value="--&gt;"/>
    </relation>
    <relation entry1="37" entry2="192" type="PCrel">
        <subtype name="activation" value="--&gt;"/>
    </relation>
    <relation entry1="173" entry2="192" type="PCrel">
        <subtype name="activation" value="--&gt;"/>
    </relation>
    <relation entry1="47" entry2="178" type="PCrel">
        <subtype name="activation" value="--&gt;"/>
    </relation>
    <relation entry1="30" entry2="31" type="PCrel">
        <subtype name="activation" value="--&gt;"/>
    </relation>
    <relation entry1="26" entry2="18" type="PCrel">
        <subtype name="activation" value="--&gt;"/>
    </relation>
    <relation entry1="42" entry2="62" type="PPrel">
        <subtype name="activation" value="--&gt;"/>
    </relation>
    <relation entry1="165" entry2="146" type="PCrel">
        <subtype name="activation" value="--&gt;"/>
    </relation>
    <relation entry1="165" entry2="147" type="PCrel">
        <subtype name="activation" value="--&gt;"/>
    </relation>
    <relation entry1="140" entry2="151" type="PCrel">
        <subtype name="activation" value="--&gt;"/>
    </relation>
    <relation entry1="165" entry2="119" type="PCrel">
        <subtype name="activation" value="--&gt;"/>
    </relation>
    <relation entry1="165" entry2="128" type="PCrel">
        <subtype name="activation" value="--&gt;"/>
    </relation>
    <relation entry1="165" entry2="111" type="PCrel">
        <subtype name="activation" value="--&gt;"/>
    </relation>
    <relation entry1="151" entry2="62" type="PPrel">
        <subtype name="activation" value="--&gt;"/>
        <subtype name="indirect effect" value="..&gt;"/>
    </relation>
    <relation entry1="141" entry2="134" type="PCrel">
        <subtype name="activation" value="--&gt;"/>
    </relation>
    <relation entry1="141" entry2="132" type="PCrel">
        <subtype name="activation" value="--&gt;"/>
    </relation>
    <relation entry1="142" entry2="136" type="PCrel">
        <subtype name="activation" value="--&gt;"/>
    </relation>
    <relation entry1="38" entry2="104" type="PCrel">
        <subtype name="activation" value="--&gt;"/>
    </relation>
    <relation entry1="169" entry2="104" type="PCrel">
        <subtype name="activation" value="--&gt;"/>
    </relation>
    <relation entry1="170" entry2="104" type="PCrel">
        <subtype name="activation" value="--&gt;"/>
    </relation>
    <relation entry1="38" entry2="193" type="PCrel">
        <subtype name="activation" value="--&gt;"/>
    </relation>
    <relation entry1="169" entry2="193" type="PCrel">
        <subtype name="activation" value="--&gt;"/>
    </relation>
    <relation entry1="170" entry2="193" type="PCrel">
        <subtype name="activation" value="--&gt;"/>
    </relation>
    <relation entry1="192" entry2="182" type="PPrel">
        <subtype name="activation" value="--&gt;"/>
    </relation>
    <relation entry1="193" entry2="191" type="PPrel">
        <subtype name="activation" value="--&gt;"/>
    </relation>
    <relation entry1="58" entry2="194" type="PCrel">
        <subtype name="activation" value="--&gt;"/>
    </relation>
    <relation entry1="174" entry2="194" type="PCrel">
        <subtype name="activation" value="--&gt;"/>
    </relation>
    <relation entry1="175" entry2="194" type="PCrel">
        <subtype name="activation" value="--&gt;"/>
    </relation>
    <relation entry1="57" entry2="126" type="PPrel">
        <subtype name="binding/association" value="---"/>
    </relation>
    <relation entry1="101" entry2="108" type="PPrel">
        <subtype name="binding/association" value="---"/>
    </relation>
    <relation entry1="182" entry2="25" type="PPrel">
        <subtype name="activation" value="--&gt;"/>
    </relation>
    <relation entry1="182" entry2="45" type="PPrel">
        <subtype name="activation" value="--&gt;"/>
    </relation>
    <relation entry1="25" entry2="30" type="PCrel">
        <subtype name="activation" value="--&gt;"/>
    </relation>
    <relation entry1="191" entry2="25" type="PPrel">
        <subtype name="activation" value="--&gt;"/>
    </relation>
    <relation entry1="191" entry2="45" type="PPrel">
        <subtype name="activation" value="--&gt;"/>
    </relation>
    <relation entry1="142" entry2="156" type="PCrel">
        <subtype name="activation" value="--&gt;"/>
        <subtype name="binding/association" value="---"/>
    </relation>
</pathway>
