<?xml version="1.0"?>
<!DOCTYPE pathway SYSTEM "http://www.kegg.jp/kegg/xml/KGML_v0.7.2_.dtd">
<!-- Creation date: Apr 12, 2019 14:18:29 +0900 (GMT+9) -->
<pathway name="path:hsa04216" org="hsa" number="04216"
         title="Ferroptosis"
         image="http://www.kegg.jp/kegg/pathway/hsa/hsa04216.png"
         link="http://www.kegg.jp/kegg-bin/show_pathway?hsa04216">
    <entry id="10" name="path:hsa04216" type="map"
        link="http://www.kegg.jp/dbget-bin/www_bget?hsa04216">
        <graphics name="TITLE:Ferroptosis" fgcolor="#000000" bgcolor="#FFFFFF"
             type="roundrectangle" x="93" y="58" width="105" height="25"/>
    </entry>
    <entry id="11" name="hsa:23657" type="gene"
        link="http://www.kegg.jp/dbget-bin/www_bget?hsa:23657">
        <graphics name="SLC7A11, CCBR1, xCT" fgcolor="#000000" bgcolor="#BFFFBF"
             type="rectangle" x="199" y="193" width="46" height="17"/>
    </entry>
    <entry id="12" name="cpd:C00025" type="compound"
        link="http://www.kegg.jp/dbget-bin/www_bget?C00025">
        <graphics name="C00025" fgcolor="#000000" bgcolor="#FFFFFF"
             type="circle" x="274" y="204" width="8" height="8"/>
    </entry>
    <entry id="13" name="cpd:C00491" type="compound"
        link="http://www.kegg.jp/dbget-bin/www_bget?C00491">
        <graphics name="C00491" fgcolor="#000000" bgcolor="#FFFFFF"
             type="circle" x="274" y="153" width="8" height="8"/>
    </entry>
    <entry id="15" name="hsa:7157" type="gene"
        link="http://www.kegg.jp/dbget-bin/www_bget?hsa:7157">
        <graphics name="TP53, BCC7, BMFS5, LFS1, P53, TRP53" fgcolor="#000000" bgcolor="#BFFFBF"
             type="rectangle" x="270" y="231" width="46" height="17"/>
    </entry>
    <entry id="17" name="hsa:2879" type="gene"
        link="http://www.kegg.jp/dbget-bin/www_bget?hsa:2879">
        <graphics name="GPX4, GPx-4, GSHPx-4, MCSP, PHGPx, SMDS, snGPx, snPHGPx" fgcolor="#000000" bgcolor="#BFFFBF"
             type="rectangle" x="633" y="178" width="46" height="17"/>
    </entry>
    <entry id="18" name="cpd:C00051" type="compound"
        link="http://www.kegg.jp/dbget-bin/www_bget?C00051">
        <graphics name="C00051" fgcolor="#000000" bgcolor="#FFFFFF"
             type="circle" x="575" y="153" width="8" height="8"/>
    </entry>
    <entry id="22" name="hsa:7417 hsa:7419" type="gene"
        link="http://www.kegg.jp/dbget-bin/www_bget?hsa:7417+hsa:7419">
        <graphics name="VDAC2, POR..." fgcolor="#000000" bgcolor="#BFFFBF"
             type="rectangle" x="661" y="379" width="46" height="17"/>
    </entry>
    <entry id="23" name="cpd:C21478" type="compound"
        link="http://www.kegg.jp/dbget-bin/www_bget?C21478">
        <graphics name="C21478" fgcolor="#000000" bgcolor="#FFFFFF"
             type="circle" x="117" y="133" width="8" height="8"/>
    </entry>
    <entry id="28" name="cpd:C00097" type="compound"
        link="http://www.kegg.jp/dbget-bin/www_bget?C00097">
        <graphics name="C00097" fgcolor="#000000" bgcolor="#FFFFFF"
             type="circle" x="355" y="153" width="8" height="8"/>
    </entry>
    <entry id="29" name="hsa:2729 hsa:2730" type="gene"
        link="http://www.kegg.jp/dbget-bin/www_bget?hsa:2729+hsa:2730">
        <graphics name="GCLC, GCL, GCS, GLCL, GLCLC..." fgcolor="#000000" bgcolor="#BFFFBF"
             type="rectangle" x="406" y="142" width="46" height="17"/>
    </entry>
    <entry id="30" name="cpd:C00669" type="compound"
        link="http://www.kegg.jp/dbget-bin/www_bget?C00669">
        <graphics name="C00669" fgcolor="#000000" bgcolor="#FFFFFF"
             type="circle" x="465" y="153" width="8" height="8"/>
    </entry>
    <entry id="31" name="hsa:6520" type="gene"
        link="http://www.kegg.jp/dbget-bin/www_bget?hsa:6520">
        <graphics name="SLC3A2, 4F2, 4F2HC, 4T2HC, CD98, CD98HC, MDU1, NACAE" fgcolor="#000000" bgcolor="#BFFFBF"
             type="rectangle" x="199" y="176" width="46" height="17"/>
    </entry>
    <entry id="32" name="cpd:C00024" type="compound"
        link="http://www.kegg.jp/dbget-bin/www_bget?C00024">
        <graphics name="C00024" fgcolor="#000000" bgcolor="#FFFFFF"
             type="circle" x="571" y="261" width="8" height="8"/>
    </entry>
    <entry id="33" name="cpd:C00356" type="compound"
        link="http://www.kegg.jp/dbget-bin/www_bget?C00356">
        <graphics name="C00356" fgcolor="#000000" bgcolor="#FFFFFF"
             type="circle" x="571" y="319" width="8" height="8"/>
    </entry>
    <entry id="34" name="cpd:C00418" type="compound"
        link="http://www.kegg.jp/dbget-bin/www_bget?C00418">
        <graphics name="C00418" fgcolor="#000000" bgcolor="#FFFFFF"
             type="circle" x="660" y="319" width="8" height="8"/>
    </entry>
    <entry id="35" name="cpd:C11378" type="compound"
        link="http://www.kegg.jp/dbget-bin/www_bget?C11378">
        <graphics name="C11378" fgcolor="#000000" bgcolor="#FFFFFF"
             type="circle" x="775" y="319" width="8" height="8"/>
    </entry>
    <entry id="37" name="hsa:7037" type="gene"
        link="http://www.kegg.jp/dbget-bin/www_bget?hsa:7037">
        <graphics name="TFRC, CD71, IMD46, T9, TFR, TFR1, TR, TRFR, p90" fgcolor="#000000" bgcolor="#BFFFBF"
             type="rectangle" x="200" y="268" width="46" height="17"/>
    </entry>
    <entry id="38" name="cpd:C14819" type="compound"
        link="http://www.kegg.jp/dbget-bin/www_bget?C14819">
        <graphics name="C14819" fgcolor="#000000" bgcolor="#FFFFFF"
             type="circle" x="117" y="267" width="8" height="8"/>
    </entry>
    <entry id="39" name="hsa:7018" type="gene"
        link="http://www.kegg.jp/dbget-bin/www_bget?hsa:7018">
        <graphics name="TF, HEL-S-71p, PRO1557, PRO2086, TFQTL1" fgcolor="#000000" bgcolor="#BFFFBF"
             type="rectangle" x="154" y="268" width="46" height="17"/>
    </entry>
    <entry id="40" name="cpd:C14818" type="compound"
        link="http://www.kegg.jp/dbget-bin/www_bget?C14818">
        <graphics name="C14818" fgcolor="#000000" bgcolor="#FFFFFF"
             type="circle" x="119" y="454" width="8" height="8"/>
    </entry>
    <entry id="42" name="hsa:1356" type="gene"
        link="http://www.kegg.jp/dbget-bin/www_bget?hsa:1356">
        <graphics name="CP, CP-2" fgcolor="#000000" bgcolor="#BFFFBF"
             type="rectangle" x="120" y="354" width="46" height="17"/>
    </entry>
    <entry id="48" name="cpd:C21478" type="compound"
        link="http://www.kegg.jp/dbget-bin/www_bget?C21478">
        <graphics name="C21478" fgcolor="#000000" bgcolor="#FFFFFF"
             type="circle" x="571" y="391" width="8" height="8"/>
    </entry>
    <entry id="51" name="hsa:7037" type="gene"
        link="http://www.kegg.jp/dbget-bin/www_bget?hsa:7037">
        <graphics name="TFRC, CD71, IMD46, T9, TFR, TFR1, TR, TRFR, p90" fgcolor="#000000" bgcolor="#BFFFBF"
             type="rectangle" x="441" y="240" width="46" height="17"/>
    </entry>
    <entry id="52" name="hsa:7018" type="gene"
        link="http://www.kegg.jp/dbget-bin/www_bget?hsa:7018">
        <graphics name="TF, HEL-S-71p, PRO1557, PRO2086, TFQTL1" fgcolor="#000000" bgcolor="#BFFFBF"
             type="rectangle" x="441" y="257" width="46" height="17"/>
    </entry>
    <entry id="53" name="cpd:C14819" type="compound"
        link="http://www.kegg.jp/dbget-bin/www_bget?C14819">
        <graphics name="C14819" fgcolor="#000000" bgcolor="#FFFFFF"
             type="circle" x="441" y="279" width="8" height="8"/>
    </entry>
    <entry id="55" name="cpd:C14818" type="compound"
        link="http://www.kegg.jp/dbget-bin/www_bget?C14818">
        <graphics name="C14818" fgcolor="#000000" bgcolor="#FFFFFF"
             type="circle" x="441" y="343" width="8" height="8"/>
    </entry>
    <entry id="57" name="hsa:55240" type="gene"
        link="http://www.kegg.jp/dbget-bin/www_bget?hsa:55240">
        <graphics name="STEAP3, AHMIO2, STMP3, TSAP6, dudlin-2, dudulin-2, pHyde" fgcolor="#000000" bgcolor="#BFFFBF"
             type="rectangle" x="387" y="309" width="46" height="17"/>
    </entry>
    <entry id="58" name="hsa:7037" type="gene"
        link="http://www.kegg.jp/dbget-bin/www_bget?hsa:7037">
        <graphics name="TFRC, CD71, IMD46, T9, TFR, TFR1, TR, TRFR, p90" fgcolor="#000000" bgcolor="#BFFFBF"
             type="rectangle" x="258" y="310" width="46" height="17"/>
    </entry>
    <entry id="59" name="hsa:7018" type="gene"
        link="http://www.kegg.jp/dbget-bin/www_bget?hsa:7018">
        <graphics name="TF, HEL-S-71p, PRO1557, PRO2086, TFQTL1" fgcolor="#000000" bgcolor="#BFFFBF"
             type="rectangle" x="258" y="327" width="46" height="17"/>
    </entry>
    <entry id="60" name="cpd:C14819" type="compound"
        link="http://www.kegg.jp/dbget-bin/www_bget?C14819">
        <graphics name="C14819" fgcolor="#000000" bgcolor="#FFFFFF"
             type="circle" x="259" y="349" width="8" height="8"/>
    </entry>
    <entry id="63" name="cpd:C00127" type="compound"
        link="http://www.kegg.jp/dbget-bin/www_bget?C00127">
        <graphics name="C00127" fgcolor="#000000" bgcolor="#FFFFFF"
             type="circle" x="571" y="204" width="8" height="8"/>
    </entry>
    <entry id="64" name="hsa:2937" type="gene"
        link="http://www.kegg.jp/dbget-bin/www_bget?hsa:2937">
        <graphics name="GSS, GSHS, HEL-S-64p, HEL-S-88n" fgcolor="#000000" bgcolor="#BFFFBF"
             type="rectangle" x="518" y="142" width="46" height="17"/>
    </entry>
    <entry id="65" name="cpd:C14818" type="compound"
        link="http://www.kegg.jp/dbget-bin/www_bget?C14818">
        <graphics name="C14818" fgcolor="#000000" bgcolor="#FFFFFF"
             type="circle" x="441" y="453" width="8" height="8"/>
    </entry>
    <entry id="66" name="hsa:5093 hsa:5094" type="gene"
        link="http://www.kegg.jp/dbget-bin/www_bget?hsa:5093+hsa:5094">
        <graphics name="PCBP1, HEL-S-85, HNRPE1, HNRPX, hnRNP-E1, hnRNP-X..." fgcolor="#000000" bgcolor="#BFFFBF"
             type="rectangle" x="467" y="490" width="46" height="17"/>
    </entry>
    <entry id="68" name="hsa:30061" type="gene"
        link="http://www.kegg.jp/dbget-bin/www_bget?hsa:30061">
        <graphics name="SLC40A1, FPN1, HFE4, IREG1, MST079, MSTP079, MTP1, SLC11A3" fgcolor="#000000" bgcolor="#BFFFBF"
             type="rectangle" x="199" y="454" width="46" height="17"/>
    </entry>
    <entry id="70" name="cpd:C14818" type="compound"
        link="http://www.kegg.jp/dbget-bin/www_bget?C14818">
        <graphics name="C14818" fgcolor="#000000" bgcolor="#FFFFFF"
             type="circle" x="336" y="454" width="8" height="8"/>
    </entry>
    <entry id="71" name="hsa:5094" type="gene"
        link="http://www.kegg.jp/dbget-bin/www_bget?hsa:5094">
        <graphics name="PCBP2, HNRNPE2, HNRPE2, hnRNP-E2" fgcolor="#000000" bgcolor="#BFFFBF"
             type="rectangle" x="336" y="429" width="46" height="17"/>
    </entry>
    <entry id="73" name="hsa:2495 hsa:2512" type="gene"
        link="http://www.kegg.jp/dbget-bin/www_bget?hsa:2495+hsa:2512">
        <graphics name="FTH1, FHC, FTH, FTHL6, HFE5, PIG15, PLIF..." fgcolor="#000000" bgcolor="#BFFFBF"
             type="rectangle" x="440" y="554" width="46" height="17"/>
    </entry>
    <entry id="74" name="cpd:C14819" type="compound"
        link="http://www.kegg.jp/dbget-bin/www_bget?C14819">
        <graphics name="C14819" fgcolor="#000000" bgcolor="#FFFFFF"
             type="circle" x="441" y="531" width="8" height="8"/>
    </entry>
    <entry id="78" name="hsa:10533 hsa:9474" type="gene"
        link="http://www.kegg.jp/dbget-bin/www_bget?hsa:10533+hsa:9474">
        <graphics name="ATG7, APG7-LIKE, APG7L, GSA7..." fgcolor="#000000" bgcolor="#BFFFBF"
             type="rectangle" x="553" y="543" width="46" height="17"/>
    </entry>
    <entry id="80" name="hsa:2495 hsa:2512" type="gene"
        link="http://www.kegg.jp/dbget-bin/www_bget?hsa:2495+hsa:2512">
        <graphics name="FTH1, FHC, FTH, FTHL6, HFE5, PIG15, PLIF..." fgcolor="#000000" bgcolor="#BFFFBF"
             type="rectangle" x="707" y="531" width="46" height="17"/>
    </entry>
    <entry id="81" name="cpd:C14819" type="compound"
        link="http://www.kegg.jp/dbget-bin/www_bget?C14819">
        <graphics name="C14819" fgcolor="#000000" bgcolor="#FFFFFF"
             type="circle" x="707" y="508" width="8" height="8"/>
    </entry>
    <entry id="85" name="hsa:23516 hsa:64116" type="gene"
        link="http://www.kegg.jp/dbget-bin/www_bget?hsa:23516+hsa:64116">
        <graphics name="SLC39A14, HCIN, HMNDYT2, LZT-Hs4, NET34, ZIP14, cig19..." fgcolor="#000000" bgcolor="#BFFFBF"
             type="rectangle" x="479" y="373" width="46" height="17"/>
    </entry>
    <entry id="87" name="hsa:4891" type="gene"
        link="http://www.kegg.jp/dbget-bin/www_bget?hsa:4891">
        <graphics name="SLC11A2, AHMIO1, DCT1, DMT1, NRAMP2" fgcolor="#000000" bgcolor="#BFFFBF"
             type="rectangle" x="399" y="373" width="46" height="17"/>
    </entry>
    <entry id="89" name="hsa:440738 hsa:81631 hsa:84557" type="gene"
        link="http://www.kegg.jp/dbget-bin/www_bget?hsa:440738+hsa:81631+hsa:84557">
        <graphics name="MAP1LC3C, ATG8J, LC3C..." fgcolor="#000000" bgcolor="#BFFFBF"
             type="rectangle" x="553" y="520" width="46" height="17"/>
    </entry>
    <entry id="90" name="hsa:8031" type="gene"
        link="http://www.kegg.jp/dbget-bin/www_bget?hsa:8031">
        <graphics name="NCOA4, ARA70, ELE1, PTC3, RFG" fgcolor="#000000" bgcolor="#BFFFBF"
             type="rectangle" x="661" y="531" width="46" height="17"/>
    </entry>
    <entry id="91" name="hsa:112483 hsa:6303" type="gene"
        link="http://www.kegg.jp/dbget-bin/www_bget?hsa:112483+hsa:6303">
        <graphics name="SAT2, SSAT2..." fgcolor="#000000" bgcolor="#BFFFBF"
             type="rectangle" x="862" y="150" width="46" height="17"/>
    </entry>
    <entry id="92" name="hsa:23516 hsa:64116" type="gene"
        link="http://www.kegg.jp/dbget-bin/www_bget?hsa:23516+hsa:64116">
        <graphics name="SLC39A14, HCIN, HMNDYT2, LZT-Hs4, NET34, ZIP14, cig19..." fgcolor="#000000" bgcolor="#BFFFBF"
             type="rectangle" x="199" y="483" width="46" height="17"/>
    </entry>
    <entry id="93" name="cpd:C14818" type="compound"
        link="http://www.kegg.jp/dbget-bin/www_bget?C14818">
        <graphics name="C14818" fgcolor="#000000" bgcolor="#FFFFFF"
             type="circle" x="119" y="483" width="8" height="8"/>
    </entry>
    <entry id="94" name="cpd:C14819" type="compound"
        link="http://www.kegg.jp/dbget-bin/www_bget?C14819">
        <graphics name="C14819" fgcolor="#000000" bgcolor="#FFFFFF"
             type="circle" x="119" y="545" width="8" height="8"/>
    </entry>
    <entry id="95" name="hsa:5621" type="gene"
        link="http://www.kegg.jp/dbget-bin/www_bget?hsa:5621">
        <graphics name="PRNP, ASCR, AltPrP, CD230, CJD, GSS, KURU, PRIP, PrP, PrP27-30, PrP33-35C, PrPc, p27-30" fgcolor="#000000" bgcolor="#BFFFBF"
             type="rectangle" x="199" y="520" width="46" height="17"/>
    </entry>
    <entry id="103" name="hsa:3162" type="gene"
        link="http://www.kegg.jp/dbget-bin/www_bget?hsa:3162">
        <graphics name="HMOX1, HMOX1D, HO-1, HSP32, bK286B10" fgcolor="#000000" bgcolor="#BFFFBF"
             type="rectangle" x="311" y="520" width="46" height="17"/>
    </entry>
    <entry id="104" name="cpd:C00032" type="compound"
        link="http://www.kegg.jp/dbget-bin/www_bget?C00032">
        <graphics name="C00032" fgcolor="#000000" bgcolor="#FFFFFF"
             type="circle" x="276" y="531" width="8" height="8"/>
    </entry>
    <entry id="105" name="hsa:1536" type="gene"
        link="http://www.kegg.jp/dbget-bin/www_bget?hsa:1536">
        <graphics name="CYBB, AMCBX2, CGD, GP91-1, GP91-PHOX, GP91PHOX, IMD34, NOX2, p91-PHOX" fgcolor="#000000" bgcolor="#BFFFBF"
             type="rectangle" x="661" y="403" width="46" height="17"/>
    </entry>
    <entry id="116" name="dr:D08524" type="compound"
        link="http://www.kegg.jp/dbget-bin/www_bget?D08524">
        <graphics name="D08524" fgcolor="#000000" bgcolor="#FFFFFF"
             type="circle" x="117" y="146" width="8" height="8"/>
    </entry>
    <entry id="117" name="dr:D00448" type="compound"
        link="http://www.kegg.jp/dbget-bin/www_bget?D00448">
        <graphics name="D00448" fgcolor="#000000" bgcolor="#FFFFFF"
             type="circle" x="117" y="172" width="8" height="8"/>
    </entry>
    <entry id="118" name="cpd:C16844 cpd:C00027" type="compound"
        link="http://www.kegg.jp/dbget-bin/www_bget?C16844+C00027">
        <graphics name="C16844..." fgcolor="#000000" bgcolor="#FFFFFF"
             type="circle" x="1001" y="390" width="8" height="8"/>
    </entry>
    <entry id="119" name="cpd:C21480 cpd:C21481" type="compound"
        link="http://www.kegg.jp/dbget-bin/www_bget?C21480+C21481">
        <graphics name="C21480..." fgcolor="#000000" bgcolor="#FFFFFF"
             type="circle" x="822" y="202" width="8" height="8"/>
    </entry>
    <entry id="121" name="cpd:C02249 cpd:C16170" type="compound"
        link="http://www.kegg.jp/dbget-bin/www_bget?C02249+C16170">
        <graphics name="C02249..." fgcolor="#000000" bgcolor="#FFFFFF"
             type="circle" x="932" y="202" width="8" height="8"/>
    </entry>
    <entry id="123" name="hsa:2180 hsa:2181 hsa:2182 hsa:23305 hsa:51703" type="gene"
        link="http://www.kegg.jp/dbget-bin/www_bget?hsa:2180+hsa:2181+hsa:2182+hsa:23305+hsa:51703">
        <graphics name="ACSL1, ACS1, FACL1, FACL2, LACS, LACS1, LACS2..." fgcolor="#000000" bgcolor="#BFFFBF"
             type="rectangle" x="991" y="191" width="46" height="17"/>
    </entry>
    <entry id="124" name="hsa:10162" type="gene"
        link="http://www.kegg.jp/dbget-bin/www_bget?hsa:10162">
        <graphics name="LPCAT3, C3F, LPCAT, LPLAT_5, LPSAT, MBOAT5, OACT5, nessy" fgcolor="#000000" bgcolor="#BFFFBF"
             type="rectangle" x="882" y="191" width="46" height="17"/>
    </entry>
    <entry id="125" name="hsa:246" type="gene"
        link="http://www.kegg.jp/dbget-bin/www_bget?hsa:246">
        <graphics name="ALOX15, 12-LOX, 15-LOX, 15-LOX-1, LOG15" fgcolor="#000000" bgcolor="#BFFFBF"
             type="rectangle" x="775" y="191" width="46" height="17"/>
    </entry>
    <entry id="127" name="cpd:C00219 cpd:C16527" type="compound"
        link="http://www.kegg.jp/dbget-bin/www_bget?C00219+C16527">
        <graphics name="C00219..." fgcolor="#000000" bgcolor="#FFFFFF"
             type="circle" x="1047" y="224" width="8" height="8"/>
    </entry>
    <entry id="131" name="hsa:7157" type="gene"
        link="http://www.kegg.jp/dbget-bin/www_bget?hsa:7157">
        <graphics name="TP53, BCC7, BMFS5, LFS1, P53, TRP53" fgcolor="#000000" bgcolor="#BFFFBF"
             type="rectangle" x="964" y="150" width="46" height="17"/>
    </entry>
    <entry id="132" name="cpd:C00010" type="compound"
        link="http://www.kegg.jp/dbget-bin/www_bget?C00010">
        <graphics name="C00010" fgcolor="#000000" bgcolor="#FFFFFF"
             type="circle" x="1047" y="181" width="8" height="8"/>
    </entry>
    <entry id="134" name="cpd:C21479" type="compound"
        link="http://www.kegg.jp/dbget-bin/www_bget?C21479">
        <graphics name="C21479" fgcolor="#000000" bgcolor="#FFFFFF"
             type="circle" x="633" y="150" width="8" height="8"/>
    </entry>
    <entry id="135" name="cpd:C00025" type="compound"
        link="http://www.kegg.jp/dbget-bin/www_bget?C00025">
        <graphics name="C00025" fgcolor="#000000" bgcolor="#FFFFFF"
             type="circle" x="117" y="159" width="8" height="8"/>
    </entry>
    <entry id="136" name="cpd:C02477" type="compound"
        link="http://www.kegg.jp/dbget-bin/www_bget?C02477">
        <graphics name="C02477" fgcolor="#000000" bgcolor="#FFFFFF"
             type="circle" x="775" y="162" width="8" height="8"/>
    </entry>
    <entry id="139" name="cpd:C21484" type="compound"
        link="http://www.kegg.jp/dbget-bin/www_bget?C21484">
        <graphics name="C21484" fgcolor="#000000" bgcolor="#FFFFFF"
             type="circle" x="887" y="231" width="8" height="8"/>
    </entry>
    <entry id="141" name="cpd:C00129" type="compound"
        link="http://www.kegg.jp/dbget-bin/www_bget?C00129">
        <graphics name="C00129" fgcolor="#000000" bgcolor="#FFFFFF"
             type="circle" x="697" y="261" width="8" height="8"/>
    </entry>
    <entry id="143" name="path:hsa00480" type="map"
        link="http://www.kegg.jp/dbget-bin/www_bget?hsa00480">
        <graphics name="Glutathione metabolism" fgcolor="#000000" bgcolor="#FFFFFF"
             type="roundrectangle" x="442" y="187" width="126" height="22"/>
    </entry>
    <entry id="144" name="path:hsa00900" type="map"
        link="http://www.kegg.jp/dbget-bin/www_bget?hsa00900">
        <graphics name="Terpenoid backbone biosynthesis" fgcolor="#000000" bgcolor="#FFFFFF"
             type="roundrectangle" x="631" y="292" width="108" height="29"/>
    </entry>
    <entry id="145" name="hsa:94033" type="gene"
        link="http://www.kegg.jp/dbget-bin/www_bget?hsa:94033">
        <graphics name="FTMT, MTF" fgcolor="#000000" bgcolor="#BFFFBF"
             type="rectangle" x="769" y="416" width="46" height="17"/>
    </entry>
    <entry id="146" name="cpd:C14818" type="compound"
        link="http://www.kegg.jp/dbget-bin/www_bget?C14818">
        <graphics name="C14818" fgcolor="#000000" bgcolor="#FFFFFF"
             type="circle" x="732" y="416" width="8" height="8"/>
    </entry>
    <entry id="149" name="cpd:C21483" type="compound"
        link="http://www.kegg.jp/dbget-bin/www_bget?C21483">
        <graphics name="C21483" fgcolor="#000000" bgcolor="#FFFFFF"
             type="circle" x="712" y="202" width="8" height="8"/>
    </entry>
    <entry id="150" name="cpd:C21482" type="compound"
        link="http://www.kegg.jp/dbget-bin/www_bget?C21482">
        <graphics name="C21482" fgcolor="#000000" bgcolor="#FFFFFF"
             type="circle" x="711" y="150" width="8" height="8"/>
    </entry>
    <entry id="151" name="undefined" type="group">
        <graphics fgcolor="#000000" bgcolor="#FFFFFF"
             type="rectangle" x="199" y="184" width="46" height="34"/>
        <component id="11"/>
        <component id="31"/>
    </entry>
    <relation entry1="15" entry2="11" type="GErel">
        <subtype name="repression" value="--|"/>
    </relation>
    <relation entry1="131" entry2="91" type="GErel">
        <subtype name="expression" value="--&gt;"/>
    </relation>
    <relation entry1="23" entry2="151" type="PCrel">
        <subtype name="inhibition" value="--|"/>
    </relation>
    <relation entry1="116" entry2="151" type="PCrel">
        <subtype name="inhibition" value="--|"/>
    </relation>
    <relation entry1="135" entry2="151" type="PCrel">
        <subtype name="inhibition" value="--|"/>
    </relation>
    <relation entry1="117" entry2="151" type="PCrel">
        <subtype name="inhibition" value="--|"/>
    </relation>
    <relation entry1="134" entry2="17" type="PCrel">
        <subtype name="inhibition" value="--|"/>
    </relation>
    <relation entry1="136" entry2="125" type="PCrel">
        <subtype name="inhibition" value="--|"/>
    </relation>
    <relation entry1="31" entry2="11" type="PPrel">
        <subtype name="binding/association" value="---"/>
    </relation>
    <relation entry1="38" entry2="39" type="PCrel">
        <subtype name="binding/association" value="---"/>
    </relation>
    <relation entry1="39" entry2="37" type="PPrel">
        <subtype name="binding/association" value="---"/>
    </relation>
    <relation entry1="58" entry2="59" type="PPrel">
        <subtype name="binding/association" value="---"/>
    </relation>
    <relation entry1="60" entry2="59" type="PCrel">
        <subtype name="binding/association" value="---"/>
    </relation>
    <relation entry1="53" entry2="52" type="PCrel">
        <subtype name="binding/association" value="---"/>
    </relation>
    <relation entry1="52" entry2="51" type="PPrel">
        <subtype name="binding/association" value="---"/>
    </relation>
    <relation entry1="71" entry2="70" type="PCrel">
        <subtype name="binding/association" value="---"/>
    </relation>
    <relation entry1="74" entry2="73" type="PCrel">
        <subtype name="binding/association" value="---"/>
    </relation>
    <relation entry1="81" entry2="80" type="PCrel">
        <subtype name="binding/association" value="---"/>
    </relation>
    <relation entry1="90" entry2="80" type="PPrel">
        <subtype name="binding/association" value="---"/>
    </relation>
    <relation entry1="146" entry2="145" type="PCrel">
        <subtype name="binding/association" value="---"/>
    </relation>
    <relation entry1="35" entry2="118" type="PCrel">
        <subtype name="inhibition" value="--|"/>
    </relation>
    <relation entry1="149" entry2="118" type="PCrel">
        <subtype name="activation" value="--&gt;"/>
    </relation>
    <relation entry1="22" entry2="118" type="PCrel">
        <subtype name="activation" value="--&gt;"/>
        <subtype name="indirect effect" value="..&gt;"/>
    </relation>
    <relation entry1="105" entry2="118" type="PCrel">
        <subtype name="activation" value="--&gt;"/>
        <subtype name="indirect effect" value="..&gt;"/>
    </relation>
    <relation entry1="91" entry2="125" type="PPrel">
        <subtype name="activation" value="--&gt;"/>
        <subtype name="indirect effect" value="..&gt;"/>
    </relation>
</pathway>
